Customer_ID,Customer_Name,City,Age,Gender
C00001,Customer_1,Delhi,56,Male
C00002,Customer_2,Mumbai,69,Female
C00003,Customer_3,Kolkata,46,Male
C00004,Customer_4,Coimbatore,32,Male
C00005,Customer_5,Chennai,60,Female
C00006,Customer_6,Bangalore,25,Male
C00007,Customer_7,Bangalore,38,Male
C00008,Customer_8,Bangalore,56,Female
C00009,Customer_9,Delhi,36,Male
C00010,Customer_10,Mumbai,40,Female
C00011,Customer_11,Bangalore,28,Female
C00012,Customer_12,Kolkata,28,Female
C00013,Customer_13,Bangalore,41,Female
C00014,Customer_14,Pune,53,Female
C00015,Customer_15,Coimbatore,57,Male
C00016,Customer_16,Chennai,41,Male
C00017,Customer_17,Coimbatore,20,Female
C00018,Customer_18,Pune,39,Female
C00019,Customer_19,Pune,19,Male
C00020,Customer_20,Chennai,41,Female
C00021,Customer_21,Kolkata,61,Female
C00022,Customer_22,Mumbai,47,Female
C00023,Customer_23,Pune,55,Male
C00024,Customer_24,Mumbai,19,Male
C00025,Customer_25,Pune,38,Female
C00026,Customer_26,Hyderabad,50,Female
C00027,Customer_27,Chennai,29,Male
C00028,Customer_28,Pune,39,Male
C00029,Customer_29,Hyderabad,61,Female
C00030,Customer_30,Coimbatore,42,Female
C00031,Customer_31,Delhi,66,Male
C00032,Customer_32,Hyderabad,44,Male
C00033,Customer_33,Bangalore,59,Male
C00034,Customer_34,Pune,45,Female
C00035,Customer_35,Hyderabad,33,Male
C00036,Customer_36,Mumbai,32,Female
C00037,Customer_37,Delhi,64,Male
C00038,Customer_38,Kolkata,68,Male
C00039,Customer_39,Pune,61,Male
C00040,Customer_40,Bangalore,69,Male
C00041,Customer_41,Kolkata,20,Female
C00042,Customer_42,Hyderabad,54,Female
C00043,Customer_43,Kolkata,68,Male
C00044,Customer_44,Kolkata,24,Female
C00045,Customer_45,Delhi,38,Male
C00046,Customer_46,Coimbatore,26,Male
C00047,Customer_47,Kolkata,56,Male
C00048,Customer_48,Kolkata,35,Male
C00049,Customer_49,Pune,21,Female
C00050,Customer_50,Coimbatore,42,Male
C00051,Customer_51,Delhi,31,Male
C00052,Customer_52,Bangalore,67,Female
C00053,Customer_53,Hyderabad,26,Male
C00054,Customer_54,Delhi,43,Male
C00055,Customer_55,Delhi,19,Male
C00056,Customer_56,Chennai,37,Female
C00057,Customer_57,Delhi,45,Male
C00058,Customer_58,Coimbatore,64,Female
C00059,Customer_59,Chennai,24,Male
C00060,Customer_60,Hyderabad,61,Male
C00061,Customer_61,Kolkata,25,Female
C00062,Customer_62,Pune,64,Male
C00063,Customer_63,Pune,52,Male
C00064,Customer_64,Hyderabad,31,Female
C00065,Customer_65,Hyderabad,34,Female
C00066,Customer_66,Coimbatore,53,Female
C00067,Customer_67,Mumbai,67,Female
C00068,Customer_68,Kolkata,57,Female
C00069,Customer_69,Hyderabad,21,Male
C00070,Customer_70,Delhi,19,Female
C00071,Customer_71,Coimbatore,23,Male
C00072,Customer_72,Pune,59,Male
C00073,Customer_73,Bangalore,21,Male
C00074,Customer_74,Coimbatore,46,Female
C00075,Customer_75,Pune,35,Female
C00076,Customer_76,Chennai,43,Male
C00077,Customer_77,Coimbatore,61,Female
C00078,Customer_78,Pune,51,Female
C00079,Customer_79,Mumbai,27,Female
C00080,Customer_80,Coimbatore,53,Female
C00081,Customer_81,Coimbatore,31,Male
C00082,Customer_82,Kolkata,48,Male
C00083,Customer_83,Hyderabad,65,Female
C00084,Customer_84,Kolkata,32,Male
C00085,Customer_85,Coimbatore,25,Female
C00086,Customer_86,Hyderabad,31,Female
C00087,Customer_87,Pune,40,Male
C00088,Customer_88,Bangalore,57,Male
C00089,Customer_89,Bangalore,38,Male
C00090,Customer_90,Coimbatore,33,Female
C00091,Customer_91,Mumbai,62,Male
C00092,Customer_92,Chennai,35,Female
C00093,Customer_93,Pune,64,Male
C00094,Customer_94,Hyderabad,41,Male
C00095,Customer_95,Coimbatore,43,Female
C00096,Customer_96,Pune,42,Female
C00097,Customer_97,Coimbatore,62,Female
C00098,Customer_98,Mumbai,58,Female
C00099,Customer_99,Delhi,46,Female
C00100,Customer_100,Delhi,32,Female
C00101,Customer_101,Mumbai,62,Female
C00102,Customer_102,Hyderabad,18,Female
C00103,Customer_103,Kolkata,42,Male
C00104,Customer_104,Mumbai,24,Female
C00105,Customer_105,Coimbatore,26,Female
C00106,Customer_106,Hyderabad,41,Male
C00107,Customer_107,Bangalore,18,Female
C00108,Customer_108,Mumbai,61,Male
C00109,Customer_109,Hyderabad,25,Male
C00110,Customer_110,Mumbai,41,Female
C00111,Customer_111,Mumbai,28,Male
C00112,Customer_112,Kolkata,68,Female
C00113,Customer_113,Kolkata,34,Male
C00114,Customer_114,Coimbatore,25,Male
C00115,Customer_115,Hyderabad,52,Male
C00116,Customer_116,Hyderabad,52,Female
C00117,Customer_117,Chennai,50,Female
C00118,Customer_118,Mumbai,22,Male
C00119,Customer_119,Delhi,59,Male
C00120,Customer_120,Mumbai,56,Female
C00121,Customer_121,Mumbai,58,Female
C00122,Customer_122,Hyderabad,45,Male
C00123,Customer_123,Mumbai,24,Male
C00124,Customer_124,Pune,26,Female
C00125,Customer_125,Mumbai,25,Female
C00126,Customer_126,Pune,29,Female
C00127,Customer_127,Kolkata,51,Female
C00128,Customer_128,Delhi,50,Female
C00129,Customer_129,Coimbatore,65,Male
C00130,Customer_130,Hyderabad,40,Female
C00131,Customer_131,Mumbai,41,Male
C00132,Customer_132,Pune,54,Female
C00133,Customer_133,Pune,52,Male
C00134,Customer_134,Kolkata,61,Female
C00135,Customer_135,Pune,57,Female
C00136,Customer_136,Coimbatore,39,Male
C00137,Customer_137,Bangalore,44,Male
C00138,Customer_138,Chennai,52,Female
C00139,Customer_139,Coimbatore,18,Female
C00140,Customer_140,Delhi,52,Female
C00141,Customer_141,Coimbatore,54,Female
C00142,Customer_142,Kolkata,64,Female
C00143,Customer_143,Kolkata,31,Male
C00144,Customer_144,Coimbatore,20,Male
C00145,Customer_145,Mumbai,18,Female
C00146,Customer_146,Bangalore,22,Male
C00147,Customer_147,Mumbai,43,Male
C00148,Customer_148,Mumbai,31,Male
C00149,Customer_149,Coimbatore,56,Female
C00150,Customer_150,Hyderabad,44,Male
C00151,Customer_151,Hyderabad,26,Female
C00152,Customer_152,Hyderabad,32,Male
C00153,Customer_153,Bangalore,32,Female
C00154,Customer_154,Mumbai,43,Male
C00155,Customer_155,Chennai,59,Female
C00156,Customer_156,Delhi,30,Female
C00157,Customer_157,Hyderabad,68,Male
C00158,Customer_158,Hyderabad,49,Female
C00159,Customer_159,Kolkata,56,Female
C00160,Customer_160,Mumbai,66,Female
C00161,Customer_161,Mumbai,69,Female
C00162,Customer_162,Bangalore,49,Female
C00163,Customer_163,Bangalore,21,Female
C00164,Customer_164,Hyderabad,47,Female
C00165,Customer_165,Mumbai,54,Female
C00166,Customer_166,Chennai,40,Male
C00167,Customer_167,Delhi,56,Male
C00168,Customer_168,Coimbatore,62,Female
C00169,Customer_169,Mumbai,32,Female
C00170,Customer_170,Kolkata,60,Male
C00171,Customer_171,Coimbatore,46,Male
C00172,Customer_172,Mumbai,53,Male
C00173,Customer_173,Pune,30,Female
C00174,Customer_174,Bangalore,49,Male
C00175,Customer_175,Kolkata,24,Female
C00176,Customer_176,Delhi,68,Female
C00177,Customer_177,Hyderabad,39,Male
C00178,Customer_178,Kolkata,45,Female
C00179,Customer_179,Mumbai,19,Female
C00180,Customer_180,Hyderabad,59,Female
C00181,Customer_181,Mumbai,62,Female
C00182,Customer_182,Hyderabad,23,Male
C00183,Customer_183,Delhi,45,Male
C00184,Customer_184,Bangalore,45,Female
C00185,Customer_185,Delhi,61,Female
C00186,Customer_186,Pune,61,Male
C00187,Customer_187,Chennai,37,Female
C00188,Customer_188,Bangalore,47,Male
C00189,Customer_189,Delhi,28,Female
C00190,Customer_190,Pune,45,Female
C00191,Customer_191,Chennai,42,Male
C00192,Customer_192,Pune,56,Male
C00193,Customer_193,Mumbai,50,Male
C00194,Customer_194,Coimbatore,18,Male
C00195,Customer_195,Mumbai,44,Female
C00196,Customer_196,Hyderabad,69,Male
C00197,Customer_197,Bangalore,30,Female
C00198,Customer_198,Mumbai,58,Male
C00199,Customer_199,Kolkata,20,Male
C00200,Customer_200,Pune,56,Female
C00201,Customer_201,Bangalore,23,Male
C00202,Customer_202,Coimbatore,25,Male
C00203,Customer_203,Kolkata,44,Male
C00204,Customer_204,Mumbai,26,Male
C00205,Customer_205,Hyderabad,54,Female
C00206,Customer_206,Delhi,50,Female
C00207,Customer_207,Hyderabad,68,Male
C00208,Customer_208,Kolkata,59,Male
C00209,Customer_209,Chennai,61,Male
C00210,Customer_210,Mumbai,41,Female
C00211,Customer_211,Kolkata,32,Female
C00212,Customer_212,Chennai,49,Female
C00213,Customer_213,Chennai,49,Female
C00214,Customer_214,Pune,41,Male
C00215,Customer_215,Bangalore,58,Male
C00216,Customer_216,Pune,69,Male
C00217,Customer_217,Mumbai,66,Female
C00218,Customer_218,Chennai,66,Male
C00219,Customer_219,Coimbatore,69,Female
C00220,Customer_220,Kolkata,29,Female
C00221,Customer_221,Delhi,56,Male
C00222,Customer_222,Chennai,19,Male
C00223,Customer_223,Kolkata,20,Male
C00224,Customer_224,Coimbatore,66,Female
C00225,Customer_225,Delhi,54,Female
C00226,Customer_226,Pune,66,Male
C00227,Customer_227,Pune,34,Male
C00228,Customer_228,Bangalore,66,Female
C00229,Customer_229,Kolkata,19,Male
C00230,Customer_230,Chennai,19,Female
C00231,Customer_231,Hyderabad,45,Female
C00232,Customer_232,Pune,40,Male
C00233,Customer_233,Pune,54,Male
C00234,Customer_234,Bangalore,49,Male
C00235,Customer_235,Delhi,50,Male
C00236,Customer_236,Bangalore,18,Female
C00237,Customer_237,Coimbatore,36,Female
C00238,Customer_238,Chennai,19,Female
C00239,Customer_239,Kolkata,61,Male
C00240,Customer_240,Mumbai,43,Female
C00241,Customer_241,Mumbai,49,Male
C00242,Customer_242,Kolkata,23,Male
C00243,Customer_243,Delhi,49,Male
C00244,Customer_244,Coimbatore,21,Male
C00245,Customer_245,Pune,28,Male
C00246,Customer_246,Delhi,34,Male
C00247,Customer_247,Pune,55,Female
C00248,Customer_248,Pune,41,Male
C00249,Customer_249,Mumbai,22,Female
C00250,Customer_250,Delhi,69,Female
C00251,Customer_251,Coimbatore,51,Male
C00252,Customer_252,Bangalore,23,Male
C00253,Customer_253,Pune,39,Male
C00254,Customer_254,Hyderabad,28,Female
C00255,Customer_255,Hyderabad,65,Male
C00256,Customer_256,Bangalore,33,Female
C00257,Customer_257,Hyderabad,50,Male
C00258,Customer_258,Chennai,26,Male
C00259,Customer_259,Pune,23,Female
C00260,Customer_260,Bangalore,33,Female
C00261,Customer_261,Delhi,46,Male
C00262,Customer_262,Pune,20,Female
C00263,Customer_263,Bangalore,37,Female
C00264,Customer_264,Mumbai,53,Female
C00265,Customer_265,Coimbatore,36,Female
C00266,Customer_266,Delhi,43,Female
C00267,Customer_267,Coimbatore,20,Male
C00268,Customer_268,Mumbai,36,Male
C00269,Customer_269,Pune,37,Female
C00270,Customer_270,Delhi,49,Male
C00271,Customer_271,Coimbatore,24,Male
C00272,Customer_272,Hyderabad,69,Female
C00273,Customer_273,Coimbatore,58,Male
C00274,Customer_274,Bangalore,50,Female
C00275,Customer_275,Pune,57,Female
C00276,Customer_276,Chennai,56,Male
C00277,Customer_277,Coimbatore,35,Female
C00278,Customer_278,Delhi,57,Female
C00279,Customer_279,Delhi,18,Female
C00280,Customer_280,Kolkata,28,Female
C00281,Customer_281,Coimbatore,45,Female
C00282,Customer_282,Pune,42,Male
C00283,Customer_283,Pune,67,Male
C00284,Customer_284,Mumbai,40,Female
C00285,Customer_285,Kolkata,48,Female
C00286,Customer_286,Coimbatore,47,Male
C00287,Customer_287,Hyderabad,59,Female
C00288,Customer_288,Mumbai,52,Male
C00289,Customer_289,Kolkata,24,Female
C00290,Customer_290,Coimbatore,33,Female
C00291,Customer_291,Coimbatore,43,Female
C00292,Customer_292,Mumbai,65,Female
C00293,Customer_293,Hyderabad,69,Female
C00294,Customer_294,Kolkata,66,Female
C00295,Customer_295,Coimbatore,19,Female
C00296,Customer_296,Coimbatore,18,Male
C00297,Customer_297,Kolkata,65,Male
C00298,Customer_298,Chennai,29,Male
C00299,Customer_299,Mumbai,22,Female
C00300,Customer_300,Mumbai,54,Female
C00301,Customer_301,Delhi,49,Female
C00302,Customer_302,Hyderabad,26,Female
C00303,Customer_303,Bangalore,58,Female
C00304,Customer_304,Chennai,52,Female
C00305,Customer_305,Kolkata,36,Female
C00306,Customer_306,Kolkata,65,Male
C00307,Customer_307,Kolkata,33,Female
C00308,Customer_308,Chennai,20,Male
C00309,Customer_309,Coimbatore,37,Male
C00310,Customer_310,Kolkata,41,Female
C00311,Customer_311,Kolkata,50,Female
C00312,Customer_312,Hyderabad,41,Male
C00313,Customer_313,Pune,69,Male
C00314,Customer_314,Pune,28,Female
C00315,Customer_315,Delhi,66,Female
C00316,Customer_316,Delhi,25,Male
C00317,Customer_317,Kolkata,53,Female
C00318,Customer_318,Hyderabad,55,Female
C00319,Customer_319,Kolkata,57,Female
C00320,Customer_320,Delhi,37,Male
C00321,Customer_321,Chennai,52,Male
C00322,Customer_322,Chennai,65,Male
C00323,Customer_323,Coimbatore,42,Female
C00324,Customer_324,Bangalore,52,Female
C00325,Customer_325,Pune,42,Male
C00326,Customer_326,Hyderabad,46,Male
C00327,Customer_327,Mumbai,35,Male
C00328,Customer_328,Pune,63,Female
C00329,Customer_329,Mumbai,35,Male
C00330,Customer_330,Bangalore,19,Male
C00331,Customer_331,Bangalore,52,Female
C00332,Customer_332,Kolkata,33,Female
C00333,Customer_333,Delhi,58,Female
C00334,Customer_334,Bangalore,53,Male
C00335,Customer_335,Bangalore,50,Female
C00336,Customer_336,Mumbai,21,Female
C00337,Customer_337,Delhi,50,Male
C00338,Customer_338,Bangalore,31,Female
C00339,Customer_339,Pune,38,Male
C00340,Customer_340,Coimbatore,65,Male
C00341,Customer_341,Bangalore,37,Female
C00342,Customer_342,Coimbatore,25,Female
C00343,Customer_343,Delhi,24,Female
C00344,Customer_344,Kolkata,20,Female
C00345,Customer_345,Hyderabad,34,Female
C00346,Customer_346,Delhi,50,Female
C00347,Customer_347,Mumbai,65,Male
C00348,Customer_348,Hyderabad,29,Male
C00349,Customer_349,Pune,68,Female
C00350,Customer_350,Chennai,39,Male
C00351,Customer_351,Coimbatore,39,Female
C00352,Customer_352,Coimbatore,63,Male
C00353,Customer_353,Coimbatore,47,Male
C00354,Customer_354,Delhi,55,Male
C00355,Customer_355,Coimbatore,55,Female
C00356,Customer_356,Kolkata,62,Male
C00357,Customer_357,Coimbatore,68,Female
C00358,Customer_358,Mumbai,25,Male
C00359,Customer_359,Pune,44,Male
C00360,Customer_360,Coimbatore,44,Male
C00361,Customer_361,Coimbatore,51,Male
C00362,Customer_362,Hyderabad,38,Male
C00363,Customer_363,Pune,47,Female
C00364,Customer_364,Coimbatore,50,Female
C00365,Customer_365,Delhi,45,Male
C00366,Customer_366,Bangalore,64,Male
C00367,Customer_367,Kolkata,50,Male
C00368,Customer_368,Delhi,22,Male
C00369,Customer_369,Chennai,65,Female
C00370,Customer_370,Delhi,36,Male
C00371,Customer_371,Hyderabad,21,Female
C00372,Customer_372,Hyderabad,52,Male
C00373,Customer_373,Coimbatore,66,Female
C00374,Customer_374,Delhi,34,Male
C00375,Customer_375,Hyderabad,61,Male
C00376,Customer_376,Bangalore,45,Female
C00377,Customer_377,Pune,47,Male
C00378,Customer_378,Delhi,46,Male
C00379,Customer_379,Kolkata,63,Male
C00380,Customer_380,Bangalore,23,Female
C00381,Customer_381,Coimbatore,52,Male
C00382,Customer_382,Pune,58,Male
C00383,Customer_383,Kolkata,54,Female
C00384,Customer_384,Coimbatore,41,Female
C00385,Customer_385,Kolkata,46,Female
C00386,Customer_386,Coimbatore,66,Male
C00387,Customer_387,Kolkata,63,Male
C00388,Customer_388,Pune,48,Male
C00389,Customer_389,Bangalore,52,Female
C00390,Customer_390,Kolkata,50,Male
C00391,Customer_391,Kolkata,69,Male
C00392,Customer_392,Mumbai,38,Female
C00393,Customer_393,Delhi,49,Female
C00394,Customer_394,Pune,40,Female
C00395,Customer_395,Coimbatore,50,Female
C00396,Customer_396,Pune,20,Female
C00397,Customer_397,Hyderabad,35,Male
C00398,Customer_398,Coimbatore,42,Female
C00399,Customer_399,Pune,59,Male
C00400,Customer_400,Bangalore,48,Male
C00401,Customer_401,Coimbatore,20,Female
C00402,Customer_402,Coimbatore,57,Female
C00403,Customer_403,Pune,63,Female
C00404,Customer_404,Coimbatore,41,Male
C00405,Customer_405,Mumbai,67,Female
C00406,Customer_406,Delhi,49,Female
C00407,Customer_407,Coimbatore,64,Female
C00408,Customer_408,Delhi,39,Female
C00409,Customer_409,Pune,40,Female
C00410,Customer_410,Kolkata,19,Male
C00411,Customer_411,Chennai,44,Male
C00412,Customer_412,Chennai,59,Male
C00413,Customer_413,Kolkata,19,Female
C00414,Customer_414,Kolkata,43,Female
C00415,Customer_415,Kolkata,34,Female
C00416,Customer_416,Bangalore,57,Male
C00417,Customer_417,Chennai,50,Female
C00418,Customer_418,Kolkata,26,Female
C00419,Customer_419,Bangalore,60,Female
C00420,Customer_420,Hyderabad,65,Male
C00421,Customer_421,Coimbatore,56,Female
C00422,Customer_422,Bangalore,46,Male
C00423,Customer_423,Chennai,59,Female
C00424,Customer_424,Pune,43,Male
C00425,Customer_425,Hyderabad,52,Male
C00426,Customer_426,Chennai,67,Male
C00427,Customer_427,Coimbatore,42,Female
C00428,Customer_428,Bangalore,41,Female
C00429,Customer_429,Mumbai,30,Male
C00430,Customer_430,Delhi,24,Male
C00431,Customer_431,Coimbatore,53,Female
C00432,Customer_432,Chennai,62,Female
C00433,Customer_433,Kolkata,37,Male
C00434,Customer_434,Bangalore,18,Female
C00435,Customer_435,Kolkata,25,Female
C00436,Customer_436,Kolkata,63,Female
C00437,Customer_437,Kolkata,33,Female
C00438,Customer_438,Kolkata,31,Male
C00439,Customer_439,Kolkata,29,Female
C00440,Customer_440,Hyderabad,68,Female
C00441,Customer_441,Chennai,40,Male
C00442,Customer_442,Coimbatore,32,Male
C00443,Customer_443,Chennai,45,Female
C00444,Customer_444,Coimbatore,51,Female
C00445,Customer_445,Delhi,19,Female
C00446,Customer_446,Bangalore,49,Female
C00447,Customer_447,Mumbai,40,Male
C00448,Customer_448,Hyderabad,39,Male
C00449,Customer_449,Bangalore,68,Male
C00450,Customer_450,Hyderabad,42,Female
C00451,Customer_451,Coimbatore,39,Female
C00452,Customer_452,Chennai,39,Female
C00453,Customer_453,Kolkata,66,Female
C00454,Customer_454,Delhi,69,Male
C00455,Customer_455,Delhi,59,Male
C00456,Customer_456,Pune,23,Female
C00457,Customer_457,Mumbai,32,Male
C00458,Customer_458,Delhi,60,Female
C00459,Customer_459,Kolkata,54,Female
C00460,Customer_460,Chennai,50,Male
C00461,Customer_461,Mumbai,25,Female
C00462,Customer_462,Coimbatore,61,Female
C00463,Customer_463,Bangalore,61,Male
C00464,Customer_464,Coimbatore,22,Female
C00465,Customer_465,Kolkata,56,Female
C00466,Customer_466,Kolkata,21,Male
C00467,Customer_467,Delhi,23,Female
C00468,Customer_468,Mumbai,62,Male
C00469,Customer_469,Chennai,49,Female
C00470,Customer_470,Coimbatore,69,Male
C00471,Customer_471,Pune,47,Male
C00472,Customer_472,Coimbatore,64,Male
C00473,Customer_473,Hyderabad,52,Female
C00474,Customer_474,Hyderabad,57,Male
C00475,Customer_475,Chennai,69,Male
C00476,Customer_476,Chennai,33,Male
C00477,Customer_477,Hyderabad,30,Male
C00478,Customer_478,Pune,67,Male
C00479,Customer_479,Mumbai,59,Female
C00480,Customer_480,Hyderabad,47,Female
C00481,Customer_481,Chennai,36,Female
C00482,Customer_482,Delhi,34,Female
C00483,Customer_483,Bangalore,36,Female
C00484,Customer_484,Pune,45,Female
C00485,Customer_485,Kolkata,43,Female
C00486,Customer_486,Pune,54,Male
C00487,Customer_487,Delhi,43,Female
C00488,Customer_488,Delhi,40,Male
C00489,Customer_489,Kolkata,26,Male
C00490,Customer_490,Coimbatore,29,Female
C00491,Customer_491,Chennai,18,Male
C00492,Customer_492,Hyderabad,18,Male
C00493,Customer_493,Coimbatore,64,Male
C00494,Customer_494,Mumbai,51,Male
C00495,Customer_495,Pune,49,Female
C00496,Customer_496,Kolkata,65,Female
C00497,Customer_497,Pune,42,Female
C00498,Customer_498,Coimbatore,57,Female
C00499,Customer_499,Delhi,62,Female
C00500,Customer_500,Hyderabad,18,Female
C00501,Customer_501,Pune,33,Female
C00502,Customer_502,Mumbai,56,Female
C00503,Customer_503,Delhi,22,Female
C00504,Customer_504,Mumbai,39,Female
C00505,Customer_505,Hyderabad,46,Male
C00506,Customer_506,Pune,20,Female
C00507,Customer_507,Bangalore,29,Male
C00508,Customer_508,Coimbatore,43,Male
C00509,Customer_509,Pune,33,Male
C00510,Customer_510,Coimbatore,68,Male
C00511,Customer_511,Hyderabad,54,Female
C00512,Customer_512,Pune,39,Male
C00513,Customer_513,Coimbatore,46,Female
C00514,Customer_514,Kolkata,31,Female
C00515,Customer_515,Coimbatore,45,Male
C00516,Customer_516,Pune,22,Female
C00517,Customer_517,Chennai,64,Male
C00518,Customer_518,Pune,66,Male
C00519,Customer_519,Pune,47,Female
C00520,Customer_520,Coimbatore,63,Female
C00521,Customer_521,Mumbai,69,Male
C00522,Customer_522,Bangalore,22,Female
C00523,Customer_523,Mumbai,29,Female
C00524,Customer_524,Coimbatore,33,Female
C00525,Customer_525,Mumbai,43,Male
C00526,Customer_526,Delhi,43,Male
C00527,Customer_527,Chennai,65,Female
C00528,Customer_528,Mumbai,38,Female
C00529,Customer_529,Kolkata,56,Female
C00530,Customer_530,Hyderabad,53,Female
C00531,Customer_531,Kolkata,50,Female
C00532,Customer_532,Hyderabad,47,Male
C00533,Customer_533,Pune,54,Female
C00534,Customer_534,Delhi,40,Male
C00535,Customer_535,Chennai,27,Female
C00536,Customer_536,Kolkata,22,Male
C00537,Customer_537,Chennai,53,Female
C00538,Customer_538,Kolkata,51,Male
C00539,Customer_539,Pune,69,Female
C00540,Customer_540,Hyderabad,48,Male
C00541,Customer_541,Bangalore,27,Male
C00542,Customer_542,Delhi,36,Male
C00543,Customer_543,Kolkata,49,Male
C00544,Customer_544,Kolkata,18,Male
C00545,Customer_545,Pune,22,Male
C00546,Customer_546,Delhi,62,Female
C00547,Customer_547,Hyderabad,21,Male
C00548,Customer_548,Hyderabad,33,Female
C00549,Customer_549,Kolkata,41,Female
C00550,Customer_550,Bangalore,33,Female
C00551,Customer_551,Bangalore,19,Female
C00552,Customer_552,Chennai,66,Female
C00553,Customer_553,Delhi,45,Male
C00554,Customer_554,Delhi,49,Male
C00555,Customer_555,Hyderabad,44,Male
C00556,Customer_556,Chennai,37,Female
C00557,Customer_557,Pune,41,Male
C00558,Customer_558,Delhi,29,Male
C00559,Customer_559,Chennai,67,Male
C00560,Customer_560,Chennai,52,Male
C00561,Customer_561,Kolkata,50,Male
C00562,Customer_562,Hyderabad,50,Female
C00563,Customer_563,Chennai,68,Male
C00564,Customer_564,Coimbatore,60,Female
C00565,Customer_565,Bangalore,54,Female
C00566,Customer_566,Coimbatore,29,Female
C00567,Customer_567,Bangalore,20,Female
C00568,Customer_568,Mumbai,18,Female
C00569,Customer_569,Hyderabad,50,Male
C00570,Customer_570,Kolkata,57,Male
C00571,Customer_571,Pune,27,Male
C00572,Customer_572,Coimbatore,60,Female
C00573,Customer_573,Coimbatore,61,Male
C00574,Customer_574,Mumbai,46,Male
C00575,Customer_575,Bangalore,30,Female
C00576,Customer_576,Kolkata,29,Female
C00577,Customer_577,Mumbai,48,Female
C00578,Customer_578,Hyderabad,63,Female
C00579,Customer_579,Kolkata,19,Male
C00580,Customer_580,Hyderabad,68,Female
C00581,Customer_581,Chennai,67,Female
C00582,Customer_582,Delhi,52,Male
C00583,Customer_583,Chennai,40,Male
C00584,Customer_584,Hyderabad,34,Female
C00585,Customer_585,Coimbatore,43,Male
C00586,Customer_586,Kolkata,25,Female
C00587,Customer_587,Bangalore,46,Female
C00588,Customer_588,Pune,43,Male
C00589,Customer_589,Bangalore,27,Male
C00590,Customer_590,Kolkata,43,Female
C00591,Customer_591,Chennai,51,Female
C00592,Customer_592,Pune,68,Female
C00593,Customer_593,Kolkata,58,Male
C00594,Customer_594,Hyderabad,24,Female
C00595,Customer_595,Coimbatore,21,Female
C00596,Customer_596,Bangalore,67,Female
C00597,Customer_597,Hyderabad,62,Female
C00598,Customer_598,Pune,28,Female
C00599,Customer_599,Pune,46,Male
C00600,Customer_600,Bangalore,53,Female
C00601,Customer_601,Hyderabad,42,Female
C00602,Customer_602,Mumbai,38,Female
C00603,Customer_603,Hyderabad,53,Female
C00604,Customer_604,Pune,27,Male
C00605,Customer_605,Hyderabad,54,Male
C00606,Customer_606,Coimbatore,26,Male
C00607,Customer_607,Kolkata,41,Female
C00608,Customer_608,Chennai,52,Female
C00609,Customer_609,Coimbatore,66,Male
C00610,Customer_610,Mumbai,52,Male
C00611,Customer_611,Delhi,65,Male
C00612,Customer_612,Kolkata,53,Female
C00613,Customer_613,Chennai,35,Female
C00614,Customer_614,Delhi,66,Male
C00615,Customer_615,Bangalore,56,Male
C00616,Customer_616,Delhi,49,Male
C00617,Customer_617,Kolkata,41,Female
C00618,Customer_618,Hyderabad,40,Female
C00619,Customer_619,Kolkata,49,Female
C00620,Customer_620,Coimbatore,54,Male
C00621,Customer_621,Delhi,29,Male
C00622,Customer_622,Pune,66,Female
C00623,Customer_623,Chennai,30,Male
C00624,Customer_624,Chennai,40,Female
C00625,Customer_625,Delhi,42,Male
C00626,Customer_626,Chennai,52,Male
C00627,Customer_627,Pune,58,Male
C00628,Customer_628,Kolkata,47,Male
C00629,Customer_629,Chennai,34,Female
C00630,Customer_630,Delhi,66,Male
C00631,Customer_631,Mumbai,37,Female
C00632,Customer_632,Mumbai,65,Female
C00633,Customer_633,Bangalore,42,Female
C00634,Customer_634,Coimbatore,39,Male
C00635,Customer_635,Chennai,30,Female
C00636,Customer_636,Coimbatore,36,Female
C00637,Customer_637,Kolkata,66,Female
C00638,Customer_638,Delhi,53,Male
C00639,Customer_639,Chennai,29,Male
C00640,Customer_640,Hyderabad,58,Female
C00641,Customer_641,Pune,36,Male
C00642,Customer_642,Chennai,29,Female
C00643,Customer_643,Chennai,26,Female
C00644,Customer_644,Coimbatore,24,Male
C00645,Customer_645,Coimbatore,45,Female
C00646,Customer_646,Mumbai,31,Male
C00647,Customer_647,Pune,48,Male
C00648,Customer_648,Delhi,69,Female
C00649,Customer_649,Chennai,36,Male
C00650,Customer_650,Mumbai,64,Male
C00651,Customer_651,Coimbatore,33,Female
C00652,Customer_652,Bangalore,22,Female
C00653,Customer_653,Pune,52,Male
C00654,Customer_654,Mumbai,29,Male
C00655,Customer_655,Mumbai,42,Female
C00656,Customer_656,Kolkata,69,Male
C00657,Customer_657,Mumbai,38,Male
C00658,Customer_658,Kolkata,53,Male
C00659,Customer_659,Chennai,40,Male
C00660,Customer_660,Chennai,33,Male
C00661,Customer_661,Coimbatore,56,Male
C00662,Customer_662,Bangalore,62,Male
C00663,Customer_663,Hyderabad,59,Female
C00664,Customer_664,Hyderabad,56,Female
C00665,Customer_665,Hyderabad,31,Female
C00666,Customer_666,Coimbatore,48,Female
C00667,Customer_667,Kolkata,22,Female
C00668,Customer_668,Coimbatore,52,Male
C00669,Customer_669,Pune,40,Male
C00670,Customer_670,Pune,46,Male
C00671,Customer_671,Bangalore,60,Male
C00672,Customer_672,Pune,28,Female
C00673,Customer_673,Hyderabad,35,Male
C00674,Customer_674,Hyderabad,64,Male
C00675,Customer_675,Coimbatore,29,Female
C00676,Customer_676,Mumbai,26,Male
C00677,Customer_677,Pune,27,Male
C00678,Customer_678,Coimbatore,61,Female
C00679,Customer_679,Chennai,34,Male
C00680,Customer_680,Chennai,55,Male
C00681,Customer_681,Mumbai,24,Male
C00682,Customer_682,Mumbai,63,Male
C00683,Customer_683,Mumbai,30,Male
C00684,Customer_684,Coimbatore,57,Female
C00685,Customer_685,Chennai,59,Female
C00686,Customer_686,Hyderabad,26,Female
C00687,Customer_687,Mumbai,67,Female
C00688,Customer_688,Bangalore,44,Female
C00689,Customer_689,Kolkata,19,Female
C00690,Customer_690,Coimbatore,22,Male
C00691,Customer_691,Mumbai,46,Female
C00692,Customer_692,Kolkata,54,Female
C00693,Customer_693,Delhi,55,Male
C00694,Customer_694,Mumbai,36,Male
C00695,Customer_695,Chennai,25,Female
C00696,Customer_696,Pune,65,Male
C00697,Customer_697,Mumbai,62,Female
C00698,Customer_698,Coimbatore,18,Male
C00699,Customer_699,Pune,39,Female
C00700,Customer_700,Delhi,69,Male
C00701,Customer_701,Bangalore,34,Male
C00702,Customer_702,Pune,24,Female
C00703,Customer_703,Kolkata,42,Female
C00704,Customer_704,Hyderabad,62,Female
C00705,Customer_705,Mumbai,21,Female
C00706,Customer_706,Delhi,53,Female
C00707,Customer_707,Delhi,23,Male
C00708,Customer_708,Pune,48,Female
C00709,Customer_709,Bangalore,36,Female
C00710,Customer_710,Chennai,61,Male
C00711,Customer_711,Mumbai,56,Male
C00712,Customer_712,Delhi,44,Female
C00713,Customer_713,Bangalore,27,Male
C00714,Customer_714,Hyderabad,43,Male
C00715,Customer_715,Delhi,36,Female
C00716,Customer_716,Bangalore,56,Male
C00717,Customer_717,Coimbatore,20,Male
C00718,Customer_718,Chennai,62,Female
C00719,Customer_719,Chennai,30,Female
C00720,Customer_720,Delhi,67,Male
C00721,Customer_721,Kolkata,45,Male
C00722,Customer_722,Delhi,37,Female
C00723,Customer_723,Pune,45,Male
C00724,Customer_724,Mumbai,25,Male
C00725,Customer_725,Bangalore,58,Male
C00726,Customer_726,Delhi,56,Female
C00727,Customer_727,Mumbai,18,Male
C00728,Customer_728,Pune,20,Male
C00729,Customer_729,Coimbatore,30,Female
C00730,Customer_730,Coimbatore,45,Male
C00731,Customer_731,Mumbai,66,Male
C00732,Customer_732,Delhi,42,Female
C00733,Customer_733,Chennai,50,Female
C00734,Customer_734,Bangalore,55,Female
C00735,Customer_735,Bangalore,23,Female
C00736,Customer_736,Coimbatore,61,Male
C00737,Customer_737,Coimbatore,62,Male
C00738,Customer_738,Chennai,49,Female
C00739,Customer_739,Kolkata,62,Female
C00740,Customer_740,Delhi,64,Male
C00741,Customer_741,Coimbatore,38,Female
C00742,Customer_742,Coimbatore,33,Male
C00743,Customer_743,Coimbatore,38,Female
C00744,Customer_744,Bangalore,28,Male
C00745,Customer_745,Delhi,54,Female
C00746,Customer_746,Pune,53,Female
C00747,Customer_747,Delhi,52,Male
C00748,Customer_748,Mumbai,36,Female
C00749,Customer_749,Chennai,37,Male
C00750,Customer_750,Kolkata,35,Male
C00751,Customer_751,Coimbatore,64,Male
C00752,Customer_752,Coimbatore,58,Male
C00753,Customer_753,Delhi,66,Male
C00754,Customer_754,Kolkata,31,Female
C00755,Customer_755,Coimbatore,32,Female
C00756,Customer_756,Kolkata,48,Male
C00757,Customer_757,Pune,18,Female
C00758,Customer_758,Hyderabad,20,Male
C00759,Customer_759,Chennai,33,Female
C00760,Customer_760,Kolkata,40,Female
C00761,Customer_761,Bangalore,28,Female
C00762,Customer_762,Mumbai,29,Female
C00763,Customer_763,Bangalore,27,Male
C00764,Customer_764,Coimbatore,49,Male
C00765,Customer_765,Pune,33,Female
C00766,Customer_766,Pune,25,Female
C00767,Customer_767,Bangalore,55,Male
C00768,Customer_768,Chennai,29,Female
C00769,Customer_769,Bangalore,41,Male
C00770,Customer_770,Delhi,45,Male
C00771,Customer_771,Coimbatore,25,Male
C00772,Customer_772,Coimbatore,45,Female
C00773,Customer_773,Bangalore,53,Male
C00774,Customer_774,Mumbai,43,Female
C00775,Customer_775,Mumbai,25,Male
C00776,Customer_776,Coimbatore,67,Female
C00777,Customer_777,Hyderabad,45,Female
C00778,Customer_778,Mumbai,45,Female
C00779,Customer_779,Bangalore,54,Male
C00780,Customer_780,Mumbai,58,Male
C00781,Customer_781,Coimbatore,53,Female
C00782,Customer_782,Chennai,44,Female
C00783,Customer_783,Kolkata,34,Female
C00784,Customer_784,Mumbai,26,Male
C00785,Customer_785,Delhi,50,Male
C00786,Customer_786,Chennai,37,Male
C00787,Customer_787,Hyderabad,30,Male
C00788,Customer_788,Delhi,45,Female
C00789,Customer_789,Bangalore,65,Female
C00790,Customer_790,Kolkata,46,Male
C00791,Customer_791,Bangalore,30,Male
C00792,Customer_792,Kolkata,63,Female
C00793,Customer_793,Kolkata,52,Male
C00794,Customer_794,Bangalore,23,Male
C00795,Customer_795,Delhi,35,Male
C00796,Customer_796,Delhi,68,Male
C00797,Customer_797,Kolkata,22,Male
C00798,Customer_798,Delhi,64,Male
C00799,Customer_799,Kolkata,42,Female
C00800,Customer_800,Coimbatore,19,Male
C00801,Customer_801,Kolkata,27,Male
C00802,Customer_802,Coimbatore,47,Female
C00803,Customer_803,Chennai,67,Female
C00804,Customer_804,Pune,62,Female
C00805,Customer_805,Chennai,22,Male
C00806,Customer_806,Bangalore,50,Female
C00807,Customer_807,Pune,18,Male
C00808,Customer_808,Mumbai,35,Male
C00809,Customer_809,Bangalore,49,Male
C00810,Customer_810,Hyderabad,64,Female
C00811,Customer_811,Chennai,66,Female
C00812,Customer_812,Delhi,28,Female
C00813,Customer_813,Chennai,38,Female
C00814,Customer_814,Delhi,43,Female
C00815,Customer_815,Pune,42,Male
C00816,Customer_816,Hyderabad,39,Male
C00817,Customer_817,Pune,44,Male
C00818,Customer_818,Hyderabad,66,Male
C00819,Customer_819,Chennai,30,Female
C00820,Customer_820,Delhi,50,Female
C00821,Customer_821,Pune,51,Male
C00822,Customer_822,Hyderabad,58,Female
C00823,Customer_823,Kolkata,52,Female
C00824,Customer_824,Bangalore,18,Male
C00825,Customer_825,Bangalore,38,Male
C00826,Customer_826,Pune,65,Female
C00827,Customer_827,Delhi,23,Female
C00828,Customer_828,Kolkata,45,Male
C00829,Customer_829,Pune,34,Male
C00830,Customer_830,Chennai,22,Male
C00831,Customer_831,Hyderabad,48,Female
C00832,Customer_832,Coimbatore,22,Male
C00833,Customer_833,Chennai,55,Male
C00834,Customer_834,Bangalore,20,Female
C00835,Customer_835,Hyderabad,40,Female
C00836,Customer_836,Pune,54,Female
C00837,Customer_837,Chennai,54,Female
C00838,Customer_838,Mumbai,27,Female
C00839,Customer_839,Coimbatore,27,Male
C00840,Customer_840,Delhi,36,Male
C00841,Customer_841,Kolkata,34,Female
C00842,Customer_842,Kolkata,38,Female
C00843,Customer_843,Delhi,31,Female
C00844,Customer_844,Mumbai,26,Female
C00845,Customer_845,Bangalore,63,Female
C00846,Customer_846,Hyderabad,18,Male
C00847,Customer_847,Delhi,68,Male
C00848,Customer_848,Mumbai,62,Male
C00849,Customer_849,Pune,30,Male
C00850,Customer_850,Coimbatore,21,Female
C00851,Customer_851,Kolkata,18,Male
C00852,Customer_852,Coimbatore,66,Female
C00853,Customer_853,Mumbai,57,Female
C00854,Customer_854,Coimbatore,49,Female
C00855,Customer_855,Bangalore,51,Male
C00856,Customer_856,Bangalore,45,Female
C00857,Customer_857,Chennai,48,Male
C00858,Customer_858,Delhi,25,Male
C00859,Customer_859,Chennai,56,Female
C00860,Customer_860,Coimbatore,43,Female
C00861,Customer_861,Kolkata,51,Female
C00862,Customer_862,Mumbai,20,Male
C00863,Customer_863,Hyderabad,67,Female
C00864,Customer_864,Coimbatore,29,Male
C00865,Customer_865,Hyderabad,18,Female
C00866,Customer_866,Bangalore,61,Female
C00867,Customer_867,Hyderabad,22,Male
C00868,Customer_868,Hyderabad,47,Male
C00869,Customer_869,Kolkata,47,Male
C00870,Customer_870,Hyderabad,34,Male
C00871,Customer_871,Coimbatore,65,Male
C00872,Customer_872,Mumbai,64,Male
C00873,Customer_873,Hyderabad,40,Female
C00874,Customer_874,Pune,32,Female
C00875,Customer_875,Hyderabad,54,Male
C00876,Customer_876,Hyderabad,38,Female
C00877,Customer_877,Chennai,31,Male
C00878,Customer_878,Mumbai,19,Female
C00879,Customer_879,Coimbatore,28,Female
C00880,Customer_880,Bangalore,68,Male
C00881,Customer_881,Chennai,56,Male
C00882,Customer_882,Coimbatore,55,Male
C00883,Customer_883,Delhi,51,Female
C00884,Customer_884,Mumbai,55,Male
C00885,Customer_885,Pune,67,Female
C00886,Customer_886,Mumbai,51,Male
C00887,Customer_887,Delhi,35,Female
C00888,Customer_888,Delhi,47,Female
C00889,Customer_889,Delhi,32,Male
C00890,Customer_890,Kolkata,44,Female
C00891,Customer_891,Bangalore,68,Female
C00892,Customer_892,Hyderabad,51,Male
C00893,Customer_893,Mumbai,69,Female
C00894,Customer_894,Coimbatore,55,Male
C00895,Customer_895,Kolkata,50,Male
C00896,Customer_896,Coimbatore,41,Male
C00897,Customer_897,Hyderabad,32,Male
C00898,Customer_898,Hyderabad,47,Female
C00899,Customer_899,Pune,59,Female
C00900,Customer_900,Delhi,68,Female
C00901,Customer_901,Bangalore,34,Male
C00902,Customer_902,Pune,22,Female
C00903,Customer_903,Chennai,46,Female
C00904,Customer_904,Kolkata,21,Male
C00905,Customer_905,Kolkata,27,Male
C00906,Customer_906,Bangalore,34,Female
C00907,Customer_907,Hyderabad,27,Male
C00908,Customer_908,Coimbatore,34,Male
C00909,Customer_909,Kolkata,37,Male
C00910,Customer_910,Bangalore,41,Male
C00911,Customer_911,Kolkata,22,Female
C00912,Customer_912,Kolkata,51,Male
C00913,Customer_913,Delhi,23,Male
C00914,Customer_914,Chennai,19,Male
C00915,Customer_915,Delhi,30,Male
C00916,Customer_916,Chennai,60,Male
C00917,Customer_917,Kolkata,60,Male
C00918,Customer_918,Pune,65,Male
C00919,Customer_919,Coimbatore,28,Male
C00920,Customer_920,Hyderabad,68,Female
C00921,Customer_921,Kolkata,64,Male
C00922,Customer_922,Chennai,40,Female
C00923,Customer_923,Chennai,33,Male
C00924,Customer_924,Chennai,48,Male
C00925,Customer_925,Kolkata,28,Male
C00926,Customer_926,Bangalore,33,Male
C00927,Customer_927,Pune,25,Female
C00928,Customer_928,Bangalore,21,Male
C00929,Customer_929,Hyderabad,57,Male
C00930,Customer_930,Kolkata,21,Female
C00931,Customer_931,Chennai,42,Female
C00932,Customer_932,Pune,20,Male
C00933,Customer_933,Pune,49,Female
C00934,Customer_934,Mumbai,20,Female
C00935,Customer_935,Hyderabad,44,Female
C00936,Customer_936,Coimbatore,46,Male
C00937,Customer_937,Coimbatore,49,Male
C00938,Customer_938,Pune,67,Male
C00939,Customer_939,Kolkata,68,Female
C00940,Customer_940,Chennai,36,Male
C00941,Customer_941,Chennai,38,Female
C00942,Customer_942,Pune,22,Male
C00943,Customer_943,Bangalore,35,Male
C00944,Customer_944,Hyderabad,45,Female
C00945,Customer_945,Chennai,59,Male
C00946,Customer_946,Pune,39,Female
C00947,Customer_947,Chennai,38,Female
C00948,Customer_948,Coimbatore,23,Male
C00949,Customer_949,Pune,18,Female
C00950,Customer_950,Hyderabad,22,Male
C00951,Customer_951,Pune,58,Male
C00952,Customer_952,Mumbai,29,Female
C00953,Customer_953,Pune,43,Male
C00954,Customer_954,Pune,63,Female
C00955,Customer_955,Kolkata,51,Male
C00956,Customer_956,Coimbatore,66,Male
C00957,Customer_957,Hyderabad,31,Male
C00958,Customer_958,Kolkata,43,Male
C00959,Customer_959,Pune,62,Male
C00960,Customer_960,Hyderabad,44,Female
C00961,Customer_961,Mumbai,26,Female
C00962,Customer_962,Hyderabad,43,Female
C00963,Customer_963,Chennai,64,Female
C00964,Customer_964,Kolkata,39,Female
C00965,Customer_965,Hyderabad,64,Female
C00966,Customer_966,Coimbatore,47,Male
C00967,Customer_967,Mumbai,60,Male
C00968,Customer_968,Delhi,65,Female
C00969,Customer_969,Pune,34,Female
C00970,Customer_970,Hyderabad,43,Male
C00971,Customer_971,Pune,53,Male
C00972,Customer_972,Bangalore,18,Male
C00973,Customer_973,Chennai,25,Female
C00974,Customer_974,Kolkata,66,Female
C00975,Customer_975,Chennai,52,Female
C00976,Customer_976,Bangalore,69,Male
C00977,Customer_977,Bangalore,32,Male
C00978,Customer_978,Kolkata,64,Female
C00979,Customer_979,Hyderabad,39,Female
C00980,Customer_980,Bangalore,31,Male
C00981,Customer_981,Delhi,43,Male
C00982,Customer_982,Pune,45,Male
C00983,Customer_983,Pune,40,Male
C00984,Customer_984,Mumbai,31,Female
C00985,Customer_985,Coimbatore,41,Male
C00986,Customer_986,Bangalore,19,Male
C00987,Customer_987,Bangalore,62,Male
C00988,Customer_988,Delhi,43,Female
C00989,Customer_989,Chennai,31,Female
C00990,Customer_990,Chennai,68,Male
C00991,Customer_991,Pune,24,Male
C00992,Customer_992,Pune,20,Male
C00993,Customer_993,Hyderabad,64,Female
C00994,Customer_994,Kolkata,40,Female
C00995,Customer_995,Coimbatore,63,Female
C00996,Customer_996,Delhi,60,Male
C00997,Customer_997,Kolkata,64,Female
C00998,Customer_998,Kolkata,62,Male
C00999,Customer_999,Mumbai,35,Male
C01000,Customer_1000,Kolkata,55,Male
C01001,Customer_1001,Mumbai,52,Female
C01002,Customer_1002,Kolkata,68,Male
C01003,Customer_1003,Delhi,32,Female
C01004,Customer_1004,Mumbai,42,Female
C01005,Customer_1005,Chennai,54,Male
C01006,Customer_1006,Mumbai,45,Male
C01007,Customer_1007,Mumbai,27,Female
C01008,Customer_1008,Delhi,56,Male
C01009,Customer_1009,Delhi,34,Female
C01010,Customer_1010,Mumbai,56,Male
C01011,Customer_1011,Coimbatore,39,Female
C01012,Customer_1012,Bangalore,43,Female
C01013,Customer_1013,Coimbatore,61,Female
C01014,Customer_1014,Delhi,42,Female
C01015,Customer_1015,Coimbatore,34,Male
C01016,Customer_1016,Coimbatore,30,Male
C01017,Customer_1017,Hyderabad,37,Female
C01018,Customer_1018,Hyderabad,42,Female
C01019,Customer_1019,Chennai,21,Male
C01020,Customer_1020,Kolkata,27,Male
C01021,Customer_1021,Mumbai,20,Male
C01022,Customer_1022,Bangalore,58,Male
C01023,Customer_1023,Chennai,62,Male
C01024,Customer_1024,Mumbai,35,Male
C01025,Customer_1025,Coimbatore,64,Female
C01026,Customer_1026,Delhi,53,Male
C01027,Customer_1027,Hyderabad,64,Male
C01028,Customer_1028,Pune,39,Female
C01029,Customer_1029,Bangalore,51,Male
C01030,Customer_1030,Coimbatore,64,Male
C01031,Customer_1031,Pune,25,Male
C01032,Customer_1032,Hyderabad,57,Male
C01033,Customer_1033,Coimbatore,66,Male
C01034,Customer_1034,Kolkata,61,Female
C01035,Customer_1035,Kolkata,36,Male
C01036,Customer_1036,Pune,59,Female
C01037,Customer_1037,Delhi,58,Female
C01038,Customer_1038,Coimbatore,54,Male
C01039,Customer_1039,Mumbai,23,Female
C01040,Customer_1040,Coimbatore,69,Male
C01041,Customer_1041,Delhi,43,Female
C01042,Customer_1042,Coimbatore,51,Female
C01043,Customer_1043,Pune,62,Male
C01044,Customer_1044,Delhi,23,Male
C01045,Customer_1045,Hyderabad,54,Male
C01046,Customer_1046,Bangalore,50,Male
C01047,Customer_1047,Delhi,39,Male
C01048,Customer_1048,Coimbatore,38,Female
C01049,Customer_1049,Hyderabad,23,Female
C01050,Customer_1050,Bangalore,23,Female
C01051,Customer_1051,Kolkata,65,Female
C01052,Customer_1052,Mumbai,21,Female
C01053,Customer_1053,Pune,47,Female
C01054,Customer_1054,Coimbatore,28,Female
C01055,Customer_1055,Coimbatore,47,Male
C01056,Customer_1056,Kolkata,48,Male
C01057,Customer_1057,Mumbai,41,Female
C01058,Customer_1058,Kolkata,26,Female
C01059,Customer_1059,Chennai,20,Male
C01060,Customer_1060,Kolkata,68,Male
C01061,Customer_1061,Hyderabad,48,Male
C01062,Customer_1062,Bangalore,57,Male
C01063,Customer_1063,Coimbatore,54,Female
C01064,Customer_1064,Kolkata,53,Male
C01065,Customer_1065,Coimbatore,41,Female
C01066,Customer_1066,Delhi,48,Female
C01067,Customer_1067,Mumbai,23,Female
C01068,Customer_1068,Kolkata,19,Male
C01069,Customer_1069,Bangalore,37,Male
C01070,Customer_1070,Hyderabad,45,Female
C01071,Customer_1071,Chennai,28,Female
C01072,Customer_1072,Coimbatore,21,Female
C01073,Customer_1073,Mumbai,32,Male
C01074,Customer_1074,Pune,23,Female
C01075,Customer_1075,Bangalore,66,Male
C01076,Customer_1076,Pune,47,Female
C01077,Customer_1077,Bangalore,55,Female
C01078,Customer_1078,Bangalore,68,Female
C01079,Customer_1079,Hyderabad,19,Male
C01080,Customer_1080,Hyderabad,32,Male
C01081,Customer_1081,Hyderabad,28,Female
C01082,Customer_1082,Kolkata,25,Male
C01083,Customer_1083,Delhi,43,Female
C01084,Customer_1084,Bangalore,68,Male
C01085,Customer_1085,Mumbai,62,Male
C01086,Customer_1086,Pune,61,Male
C01087,Customer_1087,Hyderabad,22,Female
C01088,Customer_1088,Kolkata,23,Male
C01089,Customer_1089,Hyderabad,43,Male
C01090,Customer_1090,Pune,21,Female
C01091,Customer_1091,Pune,36,Female
C01092,Customer_1092,Coimbatore,37,Female
C01093,Customer_1093,Bangalore,50,Female
C01094,Customer_1094,Hyderabad,37,Male
C01095,Customer_1095,Pune,66,Male
C01096,Customer_1096,Delhi,29,Male
C01097,Customer_1097,Delhi,64,Male
C01098,Customer_1098,Hyderabad,18,Male
C01099,Customer_1099,Kolkata,43,Female
C01100,Customer_1100,Pune,31,Male
C01101,Customer_1101,Coimbatore,55,Male
C01102,Customer_1102,Bangalore,54,Male
C01103,Customer_1103,Bangalore,28,Female
C01104,Customer_1104,Kolkata,53,Female
C01105,Customer_1105,Coimbatore,30,Male
C01106,Customer_1106,Bangalore,60,Female
C01107,Customer_1107,Coimbatore,20,Female
C01108,Customer_1108,Chennai,50,Female
C01109,Customer_1109,Hyderabad,23,Female
C01110,Customer_1110,Bangalore,67,Female
C01111,Customer_1111,Delhi,27,Female
C01112,Customer_1112,Pune,22,Female
C01113,Customer_1113,Coimbatore,40,Male
C01114,Customer_1114,Coimbatore,27,Male
C01115,Customer_1115,Mumbai,61,Female
C01116,Customer_1116,Kolkata,19,Male
C01117,Customer_1117,Mumbai,30,Male
C01118,Customer_1118,Bangalore,57,Female
C01119,Customer_1119,Mumbai,19,Male
C01120,Customer_1120,Mumbai,37,Female
C01121,Customer_1121,Chennai,18,Female
C01122,Customer_1122,Coimbatore,54,Female
C01123,Customer_1123,Delhi,26,Male
C01124,Customer_1124,Kolkata,34,Male
C01125,Customer_1125,Delhi,26,Male
C01126,Customer_1126,Chennai,28,Male
C01127,Customer_1127,Chennai,32,Female
C01128,Customer_1128,Mumbai,41,Female
C01129,Customer_1129,Hyderabad,55,Male
C01130,Customer_1130,Coimbatore,52,Female
C01131,Customer_1131,Pune,47,Female
C01132,Customer_1132,Coimbatore,48,Male
C01133,Customer_1133,Pune,66,Female
C01134,Customer_1134,Mumbai,22,Male
C01135,Customer_1135,Pune,61,Female
C01136,Customer_1136,Chennai,67,Male
C01137,Customer_1137,Delhi,31,Female
C01138,Customer_1138,Pune,28,Female
C01139,Customer_1139,Coimbatore,26,Male
C01140,Customer_1140,Kolkata,51,Male
C01141,Customer_1141,Mumbai,29,Male
C01142,Customer_1142,Hyderabad,52,Male
C01143,Customer_1143,Mumbai,52,Female
C01144,Customer_1144,Bangalore,18,Female
C01145,Customer_1145,Mumbai,57,Male
C01146,Customer_1146,Chennai,39,Female
C01147,Customer_1147,Delhi,46,Male
C01148,Customer_1148,Delhi,25,Male
C01149,Customer_1149,Kolkata,28,Female
C01150,Customer_1150,Pune,58,Female
C01151,Customer_1151,Chennai,54,Male
C01152,Customer_1152,Bangalore,31,Male
C01153,Customer_1153,Chennai,47,Male
C01154,Customer_1154,Mumbai,52,Female
C01155,Customer_1155,Chennai,38,Female
C01156,Customer_1156,Chennai,54,Female
C01157,Customer_1157,Kolkata,22,Female
C01158,Customer_1158,Bangalore,36,Male
C01159,Customer_1159,Mumbai,31,Male
C01160,Customer_1160,Hyderabad,43,Male
C01161,Customer_1161,Kolkata,21,Male
C01162,Customer_1162,Hyderabad,42,Male
C01163,Customer_1163,Kolkata,62,Male
C01164,Customer_1164,Delhi,59,Female
C01165,Customer_1165,Coimbatore,42,Female
C01166,Customer_1166,Kolkata,35,Male
C01167,Customer_1167,Pune,57,Male
C01168,Customer_1168,Chennai,25,Female
C01169,Customer_1169,Delhi,56,Female
C01170,Customer_1170,Bangalore,57,Female
C01171,Customer_1171,Hyderabad,31,Female
C01172,Customer_1172,Coimbatore,49,Male
C01173,Customer_1173,Coimbatore,68,Male
C01174,Customer_1174,Kolkata,55,Male
C01175,Customer_1175,Chennai,50,Male
C01176,Customer_1176,Bangalore,40,Male
C01177,Customer_1177,Pune,32,Female
C01178,Customer_1178,Bangalore,50,Male
C01179,Customer_1179,Chennai,42,Female
C01180,Customer_1180,Pune,34,Male
C01181,Customer_1181,Bangalore,50,Male
C01182,Customer_1182,Pune,64,Male
C01183,Customer_1183,Kolkata,19,Male
C01184,Customer_1184,Kolkata,31,Male
C01185,Customer_1185,Chennai,57,Female
C01186,Customer_1186,Chennai,57,Female
C01187,Customer_1187,Pune,68,Female
C01188,Customer_1188,Mumbai,56,Male
C01189,Customer_1189,Delhi,68,Male
C01190,Customer_1190,Coimbatore,23,Female
C01191,Customer_1191,Bangalore,23,Male
C01192,Customer_1192,Bangalore,20,Male
C01193,Customer_1193,Mumbai,24,Female
C01194,Customer_1194,Mumbai,68,Male
C01195,Customer_1195,Mumbai,25,Female
C01196,Customer_1196,Hyderabad,59,Male
C01197,Customer_1197,Hyderabad,69,Female
C01198,Customer_1198,Pune,32,Male
C01199,Customer_1199,Hyderabad,64,Male
C01200,Customer_1200,Kolkata,46,Female
C01201,Customer_1201,Kolkata,50,Male
C01202,Customer_1202,Chennai,69,Male
C01203,Customer_1203,Coimbatore,47,Female
C01204,Customer_1204,Pune,56,Male
C01205,Customer_1205,Coimbatore,44,Female
C01206,Customer_1206,Bangalore,53,Male
C01207,Customer_1207,Delhi,46,Male
C01208,Customer_1208,Chennai,55,Male
C01209,Customer_1209,Bangalore,50,Male
C01210,Customer_1210,Bangalore,54,Female
C01211,Customer_1211,Pune,44,Male
C01212,Customer_1212,Mumbai,50,Female
C01213,Customer_1213,Mumbai,21,Male
C01214,Customer_1214,Coimbatore,39,Male
C01215,Customer_1215,Chennai,19,Male
C01216,Customer_1216,Mumbai,27,Male
C01217,Customer_1217,Bangalore,22,Female
C01218,Customer_1218,Mumbai,27,Female
C01219,Customer_1219,Hyderabad,50,Female
C01220,Customer_1220,Mumbai,55,Female
C01221,Customer_1221,Bangalore,30,Male
C01222,Customer_1222,Coimbatore,48,Female
C01223,Customer_1223,Pune,64,Female
C01224,Customer_1224,Chennai,53,Male
C01225,Customer_1225,Delhi,62,Male
C01226,Customer_1226,Mumbai,41,Male
C01227,Customer_1227,Kolkata,69,Male
C01228,Customer_1228,Kolkata,32,Female
C01229,Customer_1229,Coimbatore,46,Female
C01230,Customer_1230,Bangalore,25,Male
C01231,Customer_1231,Delhi,22,Male
C01232,Customer_1232,Delhi,46,Male
C01233,Customer_1233,Hyderabad,64,Female
C01234,Customer_1234,Delhi,21,Female
C01235,Customer_1235,Kolkata,29,Male
C01236,Customer_1236,Pune,62,Male
C01237,Customer_1237,Bangalore,19,Female
C01238,Customer_1238,Bangalore,44,Male
C01239,Customer_1239,Mumbai,48,Male
C01240,Customer_1240,Mumbai,68,Female
C01241,Customer_1241,Mumbai,68,Male
C01242,Customer_1242,Kolkata,53,Female
C01243,Customer_1243,Kolkata,53,Male
C01244,Customer_1244,Coimbatore,43,Male
C01245,Customer_1245,Kolkata,60,Female
C01246,Customer_1246,Kolkata,44,Female
C01247,Customer_1247,Kolkata,22,Male
C01248,Customer_1248,Kolkata,37,Female
C01249,Customer_1249,Pune,28,Male
C01250,Customer_1250,Kolkata,27,Male
C01251,Customer_1251,Coimbatore,57,Female
C01252,Customer_1252,Delhi,55,Male
C01253,Customer_1253,Delhi,23,Male
C01254,Customer_1254,Hyderabad,25,Female
C01255,Customer_1255,Pune,40,Female
C01256,Customer_1256,Mumbai,64,Male
C01257,Customer_1257,Chennai,43,Female
C01258,Customer_1258,Kolkata,63,Female
C01259,Customer_1259,Hyderabad,60,Female
C01260,Customer_1260,Chennai,29,Female
C01261,Customer_1261,Coimbatore,43,Male
C01262,Customer_1262,Delhi,30,Male
C01263,Customer_1263,Hyderabad,57,Male
C01264,Customer_1264,Coimbatore,35,Female
C01265,Customer_1265,Hyderabad,42,Female
C01266,Customer_1266,Bangalore,50,Female
C01267,Customer_1267,Coimbatore,64,Female
C01268,Customer_1268,Delhi,57,Female
C01269,Customer_1269,Delhi,60,Female
C01270,Customer_1270,Pune,29,Female
C01271,Customer_1271,Hyderabad,61,Male
C01272,Customer_1272,Kolkata,53,Male
C01273,Customer_1273,Delhi,65,Female
C01274,Customer_1274,Hyderabad,21,Female
C01275,Customer_1275,Pune,22,Female
C01276,Customer_1276,Kolkata,54,Male
C01277,Customer_1277,Coimbatore,25,Male
C01278,Customer_1278,Pune,59,Female
C01279,Customer_1279,Bangalore,66,Female
C01280,Customer_1280,Kolkata,45,Male
C01281,Customer_1281,Hyderabad,48,Male
C01282,Customer_1282,Delhi,26,Male
C01283,Customer_1283,Delhi,68,Male
C01284,Customer_1284,Hyderabad,46,Female
C01285,Customer_1285,Hyderabad,31,Male
C01286,Customer_1286,Hyderabad,57,Male
C01287,Customer_1287,Mumbai,58,Female
C01288,Customer_1288,Kolkata,39,Male
C01289,Customer_1289,Delhi,28,Male
C01290,Customer_1290,Kolkata,40,Male
C01291,Customer_1291,Pune,18,Female
C01292,Customer_1292,Delhi,63,Male
C01293,Customer_1293,Mumbai,54,Female
C01294,Customer_1294,Hyderabad,38,Female
C01295,Customer_1295,Bangalore,43,Male
C01296,Customer_1296,Hyderabad,63,Male
C01297,Customer_1297,Coimbatore,53,Male
C01298,Customer_1298,Hyderabad,40,Male
C01299,Customer_1299,Mumbai,18,Female
C01300,Customer_1300,Kolkata,68,Male
C01301,Customer_1301,Delhi,57,Male
C01302,Customer_1302,Hyderabad,32,Male
C01303,Customer_1303,Delhi,38,Female
C01304,Customer_1304,Chennai,64,Male
C01305,Customer_1305,Pune,26,Male
C01306,Customer_1306,Kolkata,26,Female
C01307,Customer_1307,Delhi,27,Female
C01308,Customer_1308,Bangalore,69,Male
C01309,Customer_1309,Pune,43,Male
C01310,Customer_1310,Coimbatore,58,Male
C01311,Customer_1311,Coimbatore,52,Male
C01312,Customer_1312,Bangalore,69,Male
C01313,Customer_1313,Hyderabad,42,Female
C01314,Customer_1314,Pune,43,Female
C01315,Customer_1315,Delhi,28,Male
C01316,Customer_1316,Pune,55,Male
C01317,Customer_1317,Hyderabad,19,Female
C01318,Customer_1318,Mumbai,24,Male
C01319,Customer_1319,Kolkata,35,Male
C01320,Customer_1320,Bangalore,44,Male
C01321,Customer_1321,Hyderabad,51,Male
C01322,Customer_1322,Mumbai,44,Male
C01323,Customer_1323,Pune,34,Female
C01324,Customer_1324,Pune,60,Male
C01325,Customer_1325,Hyderabad,61,Male
C01326,Customer_1326,Delhi,68,Male
C01327,Customer_1327,Pune,41,Female
C01328,Customer_1328,Delhi,42,Female
C01329,Customer_1329,Delhi,24,Female
C01330,Customer_1330,Kolkata,69,Female
C01331,Customer_1331,Delhi,23,Male
C01332,Customer_1332,Chennai,41,Female
C01333,Customer_1333,Kolkata,50,Male
C01334,Customer_1334,Mumbai,66,Male
C01335,Customer_1335,Mumbai,46,Female
C01336,Customer_1336,Pune,60,Female
C01337,Customer_1337,Pune,39,Female
C01338,Customer_1338,Delhi,43,Female
C01339,Customer_1339,Kolkata,45,Female
C01340,Customer_1340,Kolkata,67,Male
C01341,Customer_1341,Chennai,38,Female
C01342,Customer_1342,Delhi,66,Female
C01343,Customer_1343,Chennai,24,Female
C01344,Customer_1344,Coimbatore,34,Male
C01345,Customer_1345,Delhi,37,Female
C01346,Customer_1346,Bangalore,58,Male
C01347,Customer_1347,Bangalore,66,Female
C01348,Customer_1348,Hyderabad,37,Female
C01349,Customer_1349,Delhi,39,Male
C01350,Customer_1350,Kolkata,45,Female
C01351,Customer_1351,Pune,57,Male
C01352,Customer_1352,Mumbai,66,Male
C01353,Customer_1353,Hyderabad,24,Male
C01354,Customer_1354,Pune,18,Female
C01355,Customer_1355,Bangalore,49,Female
C01356,Customer_1356,Delhi,30,Female
C01357,Customer_1357,Hyderabad,47,Male
C01358,Customer_1358,Delhi,40,Female
C01359,Customer_1359,Bangalore,68,Male
C01360,Customer_1360,Hyderabad,36,Female
C01361,Customer_1361,Bangalore,49,Male
C01362,Customer_1362,Chennai,47,Male
C01363,Customer_1363,Bangalore,46,Male
C01364,Customer_1364,Kolkata,66,Female
C01365,Customer_1365,Kolkata,62,Male
C01366,Customer_1366,Delhi,46,Male
C01367,Customer_1367,Mumbai,47,Male
C01368,Customer_1368,Bangalore,33,Male
C01369,Customer_1369,Pune,57,Male
C01370,Customer_1370,Kolkata,36,Male
C01371,Customer_1371,Coimbatore,35,Female
C01372,Customer_1372,Mumbai,18,Female
C01373,Customer_1373,Chennai,31,Male
C01374,Customer_1374,Hyderabad,68,Female
C01375,Customer_1375,Hyderabad,64,Female
C01376,Customer_1376,Kolkata,67,Male
C01377,Customer_1377,Mumbai,19,Male
C01378,Customer_1378,Kolkata,45,Male
C01379,Customer_1379,Hyderabad,66,Female
C01380,Customer_1380,Coimbatore,67,Male
C01381,Customer_1381,Bangalore,47,Female
C01382,Customer_1382,Mumbai,55,Male
C01383,Customer_1383,Delhi,68,Female
C01384,Customer_1384,Bangalore,21,Male
C01385,Customer_1385,Bangalore,18,Male
C01386,Customer_1386,Bangalore,25,Female
C01387,Customer_1387,Delhi,46,Female
C01388,Customer_1388,Coimbatore,56,Female
C01389,Customer_1389,Chennai,20,Female
C01390,Customer_1390,Coimbatore,49,Female
C01391,Customer_1391,Coimbatore,27,Female
C01392,Customer_1392,Coimbatore,27,Male
C01393,Customer_1393,Pune,36,Female
C01394,Customer_1394,Kolkata,63,Male
C01395,Customer_1395,Hyderabad,51,Male
C01396,Customer_1396,Kolkata,50,Female
C01397,Customer_1397,Mumbai,40,Male
C01398,Customer_1398,Coimbatore,45,Female
C01399,Customer_1399,Chennai,49,Female
C01400,Customer_1400,Mumbai,67,Male
C01401,Customer_1401,Kolkata,24,Male
C01402,Customer_1402,Hyderabad,46,Female
C01403,Customer_1403,Delhi,25,Female
C01404,Customer_1404,Kolkata,18,Male
C01405,Customer_1405,Bangalore,20,Male
C01406,Customer_1406,Kolkata,41,Male
C01407,Customer_1407,Bangalore,40,Male
C01408,Customer_1408,Delhi,25,Female
C01409,Customer_1409,Kolkata,64,Female
C01410,Customer_1410,Chennai,54,Female
C01411,Customer_1411,Chennai,20,Female
C01412,Customer_1412,Mumbai,68,Male
C01413,Customer_1413,Delhi,50,Male
C01414,Customer_1414,Coimbatore,45,Female
C01415,Customer_1415,Chennai,64,Female
C01416,Customer_1416,Kolkata,25,Female
C01417,Customer_1417,Delhi,51,Female
C01418,Customer_1418,Hyderabad,52,Female
C01419,Customer_1419,Bangalore,49,Female
C01420,Customer_1420,Kolkata,41,Female
C01421,Customer_1421,Bangalore,31,Female
C01422,Customer_1422,Bangalore,49,Female
C01423,Customer_1423,Coimbatore,63,Male
C01424,Customer_1424,Delhi,60,Female
C01425,Customer_1425,Delhi,33,Male
C01426,Customer_1426,Mumbai,21,Male
C01427,Customer_1427,Bangalore,69,Female
C01428,Customer_1428,Mumbai,54,Female
C01429,Customer_1429,Coimbatore,38,Male
C01430,Customer_1430,Bangalore,31,Male
C01431,Customer_1431,Mumbai,48,Female
C01432,Customer_1432,Mumbai,65,Male
C01433,Customer_1433,Hyderabad,35,Female
C01434,Customer_1434,Mumbai,24,Female
C01435,Customer_1435,Delhi,27,Female
C01436,Customer_1436,Mumbai,24,Male
C01437,Customer_1437,Bangalore,50,Male
C01438,Customer_1438,Mumbai,40,Female
C01439,Customer_1439,Chennai,38,Male
C01440,Customer_1440,Pune,36,Male
C01441,Customer_1441,Bangalore,65,Male
C01442,Customer_1442,Chennai,36,Male
C01443,Customer_1443,Coimbatore,53,Male
C01444,Customer_1444,Bangalore,46,Male
C01445,Customer_1445,Delhi,35,Male
C01446,Customer_1446,Pune,19,Female
C01447,Customer_1447,Pune,18,Male
C01448,Customer_1448,Delhi,64,Male
C01449,Customer_1449,Pune,22,Male
C01450,Customer_1450,Delhi,37,Male
C01451,Customer_1451,Chennai,28,Male
C01452,Customer_1452,Coimbatore,59,Male
C01453,Customer_1453,Hyderabad,19,Male
C01454,Customer_1454,Bangalore,20,Male
C01455,Customer_1455,Delhi,40,Female
C01456,Customer_1456,Bangalore,29,Male
C01457,Customer_1457,Coimbatore,37,Male
C01458,Customer_1458,Chennai,22,Male
C01459,Customer_1459,Hyderabad,54,Male
C01460,Customer_1460,Coimbatore,55,Female
C01461,Customer_1461,Chennai,47,Female
C01462,Customer_1462,Pune,26,Female
C01463,Customer_1463,Bangalore,51,Female
C01464,Customer_1464,Kolkata,61,Female
C01465,Customer_1465,Hyderabad,52,Female
C01466,Customer_1466,Pune,69,Female
C01467,Customer_1467,Coimbatore,39,Female
C01468,Customer_1468,Hyderabad,61,Female
C01469,Customer_1469,Pune,41,Female
C01470,Customer_1470,Chennai,34,Female
C01471,Customer_1471,Delhi,27,Female
C01472,Customer_1472,Bangalore,47,Female
C01473,Customer_1473,Mumbai,63,Female
C01474,Customer_1474,Mumbai,40,Female
C01475,Customer_1475,Chennai,49,Female
C01476,Customer_1476,Coimbatore,34,Male
C01477,Customer_1477,Bangalore,67,Female
C01478,Customer_1478,Coimbatore,68,Male
C01479,Customer_1479,Bangalore,34,Female
C01480,Customer_1480,Chennai,31,Female
C01481,Customer_1481,Bangalore,26,Male
C01482,Customer_1482,Delhi,57,Female
C01483,Customer_1483,Coimbatore,19,Male
C01484,Customer_1484,Chennai,62,Male
C01485,Customer_1485,Delhi,42,Male
C01486,Customer_1486,Bangalore,56,Female
C01487,Customer_1487,Chennai,26,Female
C01488,Customer_1488,Bangalore,39,Female
C01489,Customer_1489,Coimbatore,60,Male
C01490,Customer_1490,Chennai,63,Male
C01491,Customer_1491,Bangalore,21,Female
C01492,Customer_1492,Coimbatore,43,Female
C01493,Customer_1493,Delhi,46,Female
C01494,Customer_1494,Kolkata,62,Female
C01495,Customer_1495,Delhi,51,Female
C01496,Customer_1496,Bangalore,40,Male
C01497,Customer_1497,Chennai,54,Male
C01498,Customer_1498,Mumbai,28,Male
C01499,Customer_1499,Delhi,23,Female
C01500,Customer_1500,Delhi,35,Male
C01501,Customer_1501,Coimbatore,38,Male
C01502,Customer_1502,Pune,59,Male
C01503,Customer_1503,Mumbai,53,Male
C01504,Customer_1504,Bangalore,58,Male
C01505,Customer_1505,Kolkata,55,Female
C01506,Customer_1506,Chennai,51,Male
C01507,Customer_1507,Pune,34,Female
C01508,Customer_1508,Bangalore,54,Female
C01509,Customer_1509,Hyderabad,42,Female
C01510,Customer_1510,Kolkata,55,Female
C01511,Customer_1511,Delhi,29,Female
C01512,Customer_1512,Hyderabad,40,Male
C01513,Customer_1513,Delhi,59,Male
C01514,Customer_1514,Delhi,39,Female
C01515,Customer_1515,Hyderabad,38,Female
C01516,Customer_1516,Kolkata,44,Female
C01517,Customer_1517,Coimbatore,48,Male
C01518,Customer_1518,Hyderabad,23,Female
C01519,Customer_1519,Bangalore,44,Male
C01520,Customer_1520,Pune,57,Female
C01521,Customer_1521,Pune,51,Male
C01522,Customer_1522,Hyderabad,29,Female
C01523,Customer_1523,Bangalore,62,Male
C01524,Customer_1524,Coimbatore,24,Female
C01525,Customer_1525,Pune,27,Male
C01526,Customer_1526,Bangalore,62,Male
C01527,Customer_1527,Coimbatore,34,Male
C01528,Customer_1528,Bangalore,43,Male
C01529,Customer_1529,Delhi,38,Male
C01530,Customer_1530,Pune,45,Male
C01531,Customer_1531,Coimbatore,63,Male
C01532,Customer_1532,Pune,19,Female
C01533,Customer_1533,Delhi,60,Female
C01534,Customer_1534,Hyderabad,18,Female
C01535,Customer_1535,Delhi,68,Female
C01536,Customer_1536,Pune,53,Female
C01537,Customer_1537,Pune,68,Male
C01538,Customer_1538,Kolkata,43,Male
C01539,Customer_1539,Coimbatore,46,Male
C01540,Customer_1540,Hyderabad,38,Male
C01541,Customer_1541,Delhi,28,Male
C01542,Customer_1542,Coimbatore,57,Female
C01543,Customer_1543,Chennai,28,Female
C01544,Customer_1544,Coimbatore,53,Female
C01545,Customer_1545,Chennai,66,Female
C01546,Customer_1546,Hyderabad,56,Male
C01547,Customer_1547,Delhi,57,Male
C01548,Customer_1548,Delhi,52,Male
C01549,Customer_1549,Bangalore,51,Female
C01550,Customer_1550,Pune,64,Male
C01551,Customer_1551,Mumbai,41,Female
C01552,Customer_1552,Kolkata,39,Male
C01553,Customer_1553,Coimbatore,22,Male
C01554,Customer_1554,Hyderabad,50,Female
C01555,Customer_1555,Mumbai,53,Male
C01556,Customer_1556,Coimbatore,64,Male
C01557,Customer_1557,Mumbai,37,Female
C01558,Customer_1558,Hyderabad,36,Male
C01559,Customer_1559,Delhi,52,Female
C01560,Customer_1560,Hyderabad,69,Male
C01561,Customer_1561,Coimbatore,60,Male
C01562,Customer_1562,Mumbai,34,Male
C01563,Customer_1563,Pune,62,Male
C01564,Customer_1564,Kolkata,60,Male
C01565,Customer_1565,Kolkata,51,Male
C01566,Customer_1566,Pune,26,Male
C01567,Customer_1567,Pune,43,Male
C01568,Customer_1568,Delhi,19,Female
C01569,Customer_1569,Coimbatore,26,Female
C01570,Customer_1570,Chennai,26,Male
C01571,Customer_1571,Hyderabad,57,Male
C01572,Customer_1572,Kolkata,34,Female
C01573,Customer_1573,Pune,18,Male
C01574,Customer_1574,Hyderabad,42,Male
C01575,Customer_1575,Kolkata,60,Female
C01576,Customer_1576,Pune,57,Male
C01577,Customer_1577,Coimbatore,59,Male
C01578,Customer_1578,Kolkata,42,Female
C01579,Customer_1579,Delhi,56,Male
C01580,Customer_1580,Chennai,52,Male
C01581,Customer_1581,Chennai,20,Female
C01582,Customer_1582,Pune,67,Male
C01583,Customer_1583,Kolkata,54,Female
C01584,Customer_1584,Delhi,61,Male
C01585,Customer_1585,Bangalore,61,Male
C01586,Customer_1586,Hyderabad,68,Female
C01587,Customer_1587,Hyderabad,47,Female
C01588,Customer_1588,Mumbai,55,Male
C01589,Customer_1589,Delhi,51,Female
C01590,Customer_1590,Kolkata,29,Female
C01591,Customer_1591,Coimbatore,36,Male
C01592,Customer_1592,Coimbatore,54,Male
C01593,Customer_1593,Mumbai,61,Male
C01594,Customer_1594,Pune,66,Female
C01595,Customer_1595,Kolkata,34,Female
C01596,Customer_1596,Mumbai,27,Female
C01597,Customer_1597,Chennai,66,Female
C01598,Customer_1598,Hyderabad,64,Male
C01599,Customer_1599,Kolkata,29,Female
C01600,Customer_1600,Mumbai,33,Male
C01601,Customer_1601,Chennai,41,Female
C01602,Customer_1602,Delhi,36,Male
C01603,Customer_1603,Mumbai,25,Male
C01604,Customer_1604,Pune,48,Male
C01605,Customer_1605,Pune,38,Female
C01606,Customer_1606,Pune,34,Male
C01607,Customer_1607,Kolkata,40,Male
C01608,Customer_1608,Coimbatore,54,Female
C01609,Customer_1609,Coimbatore,33,Male
C01610,Customer_1610,Hyderabad,23,Female
C01611,Customer_1611,Mumbai,25,Female
C01612,Customer_1612,Delhi,42,Male
C01613,Customer_1613,Mumbai,35,Male
C01614,Customer_1614,Hyderabad,42,Female
C01615,Customer_1615,Chennai,29,Male
C01616,Customer_1616,Hyderabad,32,Female
C01617,Customer_1617,Pune,43,Female
C01618,Customer_1618,Kolkata,58,Female
C01619,Customer_1619,Chennai,62,Male
C01620,Customer_1620,Kolkata,43,Female
C01621,Customer_1621,Pune,64,Male
C01622,Customer_1622,Bangalore,49,Male
C01623,Customer_1623,Hyderabad,27,Male
C01624,Customer_1624,Hyderabad,33,Male
C01625,Customer_1625,Delhi,24,Female
C01626,Customer_1626,Mumbai,34,Male
C01627,Customer_1627,Chennai,40,Female
C01628,Customer_1628,Coimbatore,43,Female
C01629,Customer_1629,Kolkata,38,Male
C01630,Customer_1630,Chennai,39,Female
C01631,Customer_1631,Delhi,24,Female
C01632,Customer_1632,Delhi,31,Male
C01633,Customer_1633,Kolkata,32,Female
C01634,Customer_1634,Coimbatore,24,Female
C01635,Customer_1635,Mumbai,26,Female
C01636,Customer_1636,Kolkata,68,Female
C01637,Customer_1637,Kolkata,65,Male
C01638,Customer_1638,Pune,25,Female
C01639,Customer_1639,Coimbatore,67,Female
C01640,Customer_1640,Mumbai,40,Female
C01641,Customer_1641,Hyderabad,46,Female
C01642,Customer_1642,Pune,35,Male
C01643,Customer_1643,Bangalore,48,Female
C01644,Customer_1644,Coimbatore,47,Male
C01645,Customer_1645,Mumbai,69,Female
C01646,Customer_1646,Delhi,56,Male
C01647,Customer_1647,Pune,52,Male
C01648,Customer_1648,Mumbai,35,Male
C01649,Customer_1649,Chennai,59,Male
C01650,Customer_1650,Kolkata,56,Male
C01651,Customer_1651,Bangalore,34,Female
C01652,Customer_1652,Hyderabad,31,Female
C01653,Customer_1653,Kolkata,48,Female
C01654,Customer_1654,Chennai,41,Male
C01655,Customer_1655,Chennai,52,Female
C01656,Customer_1656,Bangalore,61,Male
C01657,Customer_1657,Hyderabad,62,Male
C01658,Customer_1658,Delhi,51,Female
C01659,Customer_1659,Pune,20,Female
C01660,Customer_1660,Coimbatore,54,Male
C01661,Customer_1661,Hyderabad,60,Male
C01662,Customer_1662,Coimbatore,57,Female
C01663,Customer_1663,Mumbai,43,Female
C01664,Customer_1664,Chennai,40,Female
C01665,Customer_1665,Mumbai,61,Female
C01666,Customer_1666,Delhi,56,Male
C01667,Customer_1667,Mumbai,32,Female
C01668,Customer_1668,Hyderabad,66,Female
C01669,Customer_1669,Mumbai,21,Female
C01670,Customer_1670,Delhi,46,Male
C01671,Customer_1671,Delhi,39,Male
C01672,Customer_1672,Delhi,42,Male
C01673,Customer_1673,Hyderabad,30,Male
C01674,Customer_1674,Delhi,35,Female
C01675,Customer_1675,Chennai,50,Male
C01676,Customer_1676,Kolkata,33,Female
C01677,Customer_1677,Delhi,62,Female
C01678,Customer_1678,Mumbai,59,Female
C01679,Customer_1679,Pune,61,Female
C01680,Customer_1680,Mumbai,19,Male
C01681,Customer_1681,Pune,52,Male
C01682,Customer_1682,Mumbai,59,Male
C01683,Customer_1683,Hyderabad,51,Female
C01684,Customer_1684,Mumbai,47,Female
C01685,Customer_1685,Hyderabad,30,Female
C01686,Customer_1686,Hyderabad,30,Female
C01687,Customer_1687,Delhi,35,Female
C01688,Customer_1688,Chennai,49,Male
C01689,Customer_1689,Pune,49,Female
C01690,Customer_1690,Delhi,52,Male
C01691,Customer_1691,Delhi,56,Female
C01692,Customer_1692,Kolkata,63,Female
C01693,Customer_1693,Hyderabad,69,Male
C01694,Customer_1694,Hyderabad,46,Male
C01695,Customer_1695,Pune,66,Female
C01696,Customer_1696,Mumbai,46,Female
C01697,Customer_1697,Mumbai,61,Female
C01698,Customer_1698,Coimbatore,33,Female
C01699,Customer_1699,Delhi,61,Male
C01700,Customer_1700,Coimbatore,64,Female
C01701,Customer_1701,Bangalore,27,Male
C01702,Customer_1702,Bangalore,47,Female
C01703,Customer_1703,Coimbatore,42,Male
C01704,Customer_1704,Mumbai,56,Male
C01705,Customer_1705,Bangalore,37,Female
C01706,Customer_1706,Kolkata,22,Male
C01707,Customer_1707,Mumbai,18,Female
C01708,Customer_1708,Hyderabad,47,Male
C01709,Customer_1709,Delhi,66,Female
C01710,Customer_1710,Chennai,20,Male
C01711,Customer_1711,Delhi,62,Female
C01712,Customer_1712,Coimbatore,31,Female
C01713,Customer_1713,Mumbai,47,Male
C01714,Customer_1714,Coimbatore,67,Male
C01715,Customer_1715,Kolkata,21,Male
C01716,Customer_1716,Mumbai,35,Male
C01717,Customer_1717,Delhi,54,Female
C01718,Customer_1718,Kolkata,42,Male
C01719,Customer_1719,Kolkata,65,Female
C01720,Customer_1720,Kolkata,18,Male
C01721,Customer_1721,Pune,63,Female
C01722,Customer_1722,Mumbai,32,Female
C01723,Customer_1723,Bangalore,26,Female
C01724,Customer_1724,Bangalore,32,Female
C01725,Customer_1725,Mumbai,66,Male
C01726,Customer_1726,Mumbai,41,Male
C01727,Customer_1727,Pune,21,Female
C01728,Customer_1728,Bangalore,29,Male
C01729,Customer_1729,Mumbai,54,Male
C01730,Customer_1730,Mumbai,54,Female
C01731,Customer_1731,Coimbatore,60,Male
C01732,Customer_1732,Pune,23,Male
C01733,Customer_1733,Pune,56,Male
C01734,Customer_1734,Delhi,63,Female
C01735,Customer_1735,Pune,41,Male
C01736,Customer_1736,Chennai,28,Female
C01737,Customer_1737,Bangalore,30,Male
C01738,Customer_1738,Delhi,51,Male
C01739,Customer_1739,Chennai,42,Male
C01740,Customer_1740,Mumbai,24,Female
C01741,Customer_1741,Coimbatore,69,Female
C01742,Customer_1742,Coimbatore,21,Male
C01743,Customer_1743,Mumbai,25,Female
C01744,Customer_1744,Delhi,37,Male
C01745,Customer_1745,Pune,46,Female
C01746,Customer_1746,Kolkata,68,Female
C01747,Customer_1747,Coimbatore,62,Male
C01748,Customer_1748,Kolkata,63,Male
C01749,Customer_1749,Mumbai,27,Male
C01750,Customer_1750,Kolkata,60,Male
C01751,Customer_1751,Hyderabad,51,Female
C01752,Customer_1752,Delhi,43,Female
C01753,Customer_1753,Chennai,58,Female
C01754,Customer_1754,Delhi,66,Male
C01755,Customer_1755,Bangalore,20,Male
C01756,Customer_1756,Pune,23,Female
C01757,Customer_1757,Pune,22,Male
C01758,Customer_1758,Delhi,22,Female
C01759,Customer_1759,Mumbai,64,Female
C01760,Customer_1760,Mumbai,40,Female
C01761,Customer_1761,Hyderabad,66,Female
C01762,Customer_1762,Hyderabad,26,Female
C01763,Customer_1763,Pune,52,Male
C01764,Customer_1764,Hyderabad,37,Male
C01765,Customer_1765,Coimbatore,66,Male
C01766,Customer_1766,Coimbatore,59,Female
C01767,Customer_1767,Chennai,52,Female
C01768,Customer_1768,Hyderabad,67,Female
C01769,Customer_1769,Chennai,35,Female
C01770,Customer_1770,Hyderabad,34,Male
C01771,Customer_1771,Pune,41,Male
C01772,Customer_1772,Pune,20,Female
C01773,Customer_1773,Chennai,49,Female
C01774,Customer_1774,Delhi,52,Female
C01775,Customer_1775,Pune,55,Male
C01776,Customer_1776,Delhi,30,Male
C01777,Customer_1777,Mumbai,64,Male
C01778,Customer_1778,Coimbatore,42,Female
C01779,Customer_1779,Chennai,26,Female
C01780,Customer_1780,Kolkata,21,Male
C01781,Customer_1781,Pune,31,Female
C01782,Customer_1782,Bangalore,54,Male
C01783,Customer_1783,Mumbai,51,Female
C01784,Customer_1784,Delhi,28,Male
C01785,Customer_1785,Pune,58,Female
C01786,Customer_1786,Chennai,20,Male
C01787,Customer_1787,Kolkata,45,Male
C01788,Customer_1788,Hyderabad,46,Male
C01789,Customer_1789,Kolkata,26,Male
C01790,Customer_1790,Bangalore,20,Male
C01791,Customer_1791,Delhi,42,Male
C01792,Customer_1792,Mumbai,51,Female
C01793,Customer_1793,Kolkata,29,Female
C01794,Customer_1794,Chennai,59,Female
C01795,Customer_1795,Bangalore,26,Male
C01796,Customer_1796,Chennai,32,Male
C01797,Customer_1797,Pune,57,Female
C01798,Customer_1798,Hyderabad,42,Male
C01799,Customer_1799,Mumbai,22,Male
C01800,Customer_1800,Chennai,28,Male
C01801,Customer_1801,Delhi,51,Male
C01802,Customer_1802,Pune,41,Male
C01803,Customer_1803,Pune,32,Female
C01804,Customer_1804,Mumbai,55,Female
C01805,Customer_1805,Pune,25,Female
C01806,Customer_1806,Delhi,22,Female
C01807,Customer_1807,Chennai,65,Female
C01808,Customer_1808,Mumbai,43,Male
C01809,Customer_1809,Coimbatore,35,Male
C01810,Customer_1810,Pune,23,Male
C01811,Customer_1811,Pune,54,Male
C01812,Customer_1812,Delhi,65,Female
C01813,Customer_1813,Hyderabad,30,Female
C01814,Customer_1814,Hyderabad,45,Female
C01815,Customer_1815,Kolkata,22,Male
C01816,Customer_1816,Pune,30,Female
C01817,Customer_1817,Coimbatore,34,Male
C01818,Customer_1818,Chennai,67,Female
C01819,Customer_1819,Mumbai,57,Female
C01820,Customer_1820,Pune,62,Male
C01821,Customer_1821,Bangalore,49,Male
C01822,Customer_1822,Mumbai,46,Female
C01823,Customer_1823,Kolkata,68,Female
C01824,Customer_1824,Hyderabad,20,Male
C01825,Customer_1825,Coimbatore,57,Female
C01826,Customer_1826,Pune,51,Female
C01827,Customer_1827,Delhi,57,Male
C01828,Customer_1828,Bangalore,44,Female
C01829,Customer_1829,Pune,30,Male
C01830,Customer_1830,Coimbatore,62,Female
C01831,Customer_1831,Kolkata,50,Male
C01832,Customer_1832,Chennai,23,Female
C01833,Customer_1833,Bangalore,41,Male
C01834,Customer_1834,Kolkata,36,Female
C01835,Customer_1835,Pune,33,Male
C01836,Customer_1836,Chennai,57,Female
C01837,Customer_1837,Bangalore,45,Female
C01838,Customer_1838,Chennai,50,Female
C01839,Customer_1839,Chennai,65,Female
C01840,Customer_1840,Bangalore,58,Female
C01841,Customer_1841,Bangalore,30,Female
C01842,Customer_1842,Chennai,60,Female
C01843,Customer_1843,Kolkata,62,Female
C01844,Customer_1844,Coimbatore,42,Female
C01845,Customer_1845,Hyderabad,59,Male
C01846,Customer_1846,Bangalore,53,Male
C01847,Customer_1847,Pune,44,Female
C01848,Customer_1848,Mumbai,55,Male
C01849,Customer_1849,Delhi,24,Female
C01850,Customer_1850,Chennai,22,Female
C01851,Customer_1851,Chennai,60,Male
C01852,Customer_1852,Delhi,62,Female
C01853,Customer_1853,Hyderabad,68,Female
C01854,Customer_1854,Delhi,48,Male
C01855,Customer_1855,Bangalore,40,Male
C01856,Customer_1856,Delhi,59,Female
C01857,Customer_1857,Chennai,27,Male
C01858,Customer_1858,Delhi,49,Male
C01859,Customer_1859,Mumbai,60,Female
C01860,Customer_1860,Pune,47,Male
C01861,Customer_1861,Bangalore,56,Male
C01862,Customer_1862,Delhi,48,Female
C01863,Customer_1863,Chennai,35,Male
C01864,Customer_1864,Kolkata,53,Male
C01865,Customer_1865,Pune,19,Female
C01866,Customer_1866,Bangalore,31,Female
C01867,Customer_1867,Chennai,30,Female
C01868,Customer_1868,Hyderabad,46,Male
C01869,Customer_1869,Mumbai,29,Female
C01870,Customer_1870,Coimbatore,56,Female
C01871,Customer_1871,Hyderabad,19,Male
C01872,Customer_1872,Coimbatore,49,Female
C01873,Customer_1873,Mumbai,30,Female
C01874,Customer_1874,Delhi,63,Female
C01875,Customer_1875,Bangalore,44,Female
C01876,Customer_1876,Delhi,66,Male
C01877,Customer_1877,Mumbai,58,Female
C01878,Customer_1878,Mumbai,34,Female
C01879,Customer_1879,Mumbai,57,Male
C01880,Customer_1880,Coimbatore,48,Female
C01881,Customer_1881,Pune,51,Male
C01882,Customer_1882,Chennai,41,Male
C01883,Customer_1883,Bangalore,62,Male
C01884,Customer_1884,Delhi,52,Female
C01885,Customer_1885,Delhi,65,Male
C01886,Customer_1886,Hyderabad,23,Male
C01887,Customer_1887,Coimbatore,36,Male
C01888,Customer_1888,Mumbai,47,Female
C01889,Customer_1889,Kolkata,24,Female
C01890,Customer_1890,Mumbai,27,Female
C01891,Customer_1891,Mumbai,58,Female
C01892,Customer_1892,Kolkata,49,Female
C01893,Customer_1893,Delhi,51,Female
C01894,Customer_1894,Hyderabad,45,Female
C01895,Customer_1895,Chennai,32,Male
C01896,Customer_1896,Kolkata,47,Male
C01897,Customer_1897,Coimbatore,54,Male
C01898,Customer_1898,Pune,46,Male
C01899,Customer_1899,Bangalore,39,Female
C01900,Customer_1900,Coimbatore,21,Male
C01901,Customer_1901,Kolkata,37,Male
C01902,Customer_1902,Chennai,49,Male
C01903,Customer_1903,Delhi,53,Male
C01904,Customer_1904,Pune,67,Female
C01905,Customer_1905,Pune,21,Female
C01906,Customer_1906,Pune,44,Female
C01907,Customer_1907,Mumbai,34,Male
C01908,Customer_1908,Bangalore,29,Female
C01909,Customer_1909,Delhi,39,Male
C01910,Customer_1910,Delhi,34,Female
C01911,Customer_1911,Pune,27,Female
C01912,Customer_1912,Delhi,18,Female
C01913,Customer_1913,Bangalore,39,Female
C01914,Customer_1914,Bangalore,43,Female
C01915,Customer_1915,Hyderabad,35,Male
C01916,Customer_1916,Kolkata,67,Female
C01917,Customer_1917,Kolkata,31,Male
C01918,Customer_1918,Hyderabad,64,Male
C01919,Customer_1919,Chennai,46,Male
C01920,Customer_1920,Kolkata,29,Male
C01921,Customer_1921,Bangalore,53,Male
C01922,Customer_1922,Bangalore,52,Female
C01923,Customer_1923,Kolkata,69,Female
C01924,Customer_1924,Bangalore,29,Female
C01925,Customer_1925,Hyderabad,24,Female
C01926,Customer_1926,Pune,46,Male
C01927,Customer_1927,Pune,28,Female
C01928,Customer_1928,Delhi,50,Female
C01929,Customer_1929,Coimbatore,23,Male
C01930,Customer_1930,Coimbatore,64,Male
C01931,Customer_1931,Pune,32,Female
C01932,Customer_1932,Mumbai,49,Female
C01933,Customer_1933,Hyderabad,68,Male
C01934,Customer_1934,Bangalore,28,Female
C01935,Customer_1935,Kolkata,40,Female
C01936,Customer_1936,Pune,43,Female
C01937,Customer_1937,Hyderabad,51,Female
C01938,Customer_1938,Pune,63,Male
C01939,Customer_1939,Chennai,51,Male
C01940,Customer_1940,Bangalore,46,Male
C01941,Customer_1941,Chennai,21,Female
C01942,Customer_1942,Bangalore,34,Female
C01943,Customer_1943,Hyderabad,52,Female
C01944,Customer_1944,Delhi,30,Female
C01945,Customer_1945,Pune,58,Female
C01946,Customer_1946,Pune,56,Male
C01947,Customer_1947,Mumbai,32,Female
C01948,Customer_1948,Kolkata,46,Female
C01949,Customer_1949,Chennai,46,Male
C01950,Customer_1950,Pune,28,Female
C01951,Customer_1951,Hyderabad,69,Male
C01952,Customer_1952,Delhi,49,Male
C01953,Customer_1953,Kolkata,19,Male
C01954,Customer_1954,Hyderabad,64,Male
C01955,Customer_1955,Chennai,31,Male
C01956,Customer_1956,Mumbai,37,Female
C01957,Customer_1957,Pune,39,Male
C01958,Customer_1958,Hyderabad,28,Male
C01959,Customer_1959,Kolkata,44,Female
C01960,Customer_1960,Bangalore,20,Female
C01961,Customer_1961,Delhi,34,Male
C01962,Customer_1962,Kolkata,61,Female
C01963,Customer_1963,Hyderabad,45,Female
C01964,Customer_1964,Delhi,46,Male
C01965,Customer_1965,Pune,38,Male
C01966,Customer_1966,Bangalore,64,Female
C01967,Customer_1967,Mumbai,33,Male
C01968,Customer_1968,Kolkata,54,Male
C01969,Customer_1969,Mumbai,37,Female
C01970,Customer_1970,Bangalore,23,Male
C01971,Customer_1971,Delhi,36,Male
C01972,Customer_1972,Pune,22,Male
C01973,Customer_1973,Hyderabad,20,Male
C01974,Customer_1974,Bangalore,18,Male
C01975,Customer_1975,Chennai,55,Female
C01976,Customer_1976,Delhi,32,Female
C01977,Customer_1977,Mumbai,51,Male
C01978,Customer_1978,Kolkata,52,Female
C01979,Customer_1979,Bangalore,66,Male
C01980,Customer_1980,Mumbai,42,Male
C01981,Customer_1981,Delhi,41,Male
C01982,Customer_1982,Mumbai,29,Male
C01983,Customer_1983,Bangalore,35,Male
C01984,Customer_1984,Delhi,32,Female
C01985,Customer_1985,Chennai,61,Female
C01986,Customer_1986,Bangalore,33,Male
C01987,Customer_1987,Hyderabad,44,Female
C01988,Customer_1988,Coimbatore,25,Male
C01989,Customer_1989,Pune,63,Female
C01990,Customer_1990,Bangalore,42,Male
C01991,Customer_1991,Delhi,34,Female
C01992,Customer_1992,Kolkata,46,Male
C01993,Customer_1993,Pune,25,Male
C01994,Customer_1994,Bangalore,32,Female
C01995,Customer_1995,Chennai,44,Female
C01996,Customer_1996,Kolkata,63,Male
C01997,Customer_1997,Chennai,67,Female
C01998,Customer_1998,Hyderabad,69,Male
C01999,Customer_1999,Kolkata,24,Female
C02000,Customer_2000,Mumbai,20,Female
C02001,Customer_2001,Coimbatore,46,Male
C02002,Customer_2002,Kolkata,61,Female
C02003,Customer_2003,Pune,41,Female
C02004,Customer_2004,Kolkata,20,Male
C02005,Customer_2005,Delhi,37,Female
C02006,Customer_2006,Coimbatore,63,Male
C02007,Customer_2007,Delhi,32,Male
C02008,Customer_2008,Mumbai,42,Male
C02009,Customer_2009,Kolkata,47,Male
C02010,Customer_2010,Chennai,31,Male
C02011,Customer_2011,Chennai,24,Female
C02012,Customer_2012,Bangalore,34,Male
C02013,Customer_2013,Hyderabad,61,Male
C02014,Customer_2014,Pune,37,Female
C02015,Customer_2015,Coimbatore,53,Female
C02016,Customer_2016,Hyderabad,26,Female
C02017,Customer_2017,Kolkata,55,Male
C02018,Customer_2018,Hyderabad,65,Male
C02019,Customer_2019,Bangalore,39,Male
C02020,Customer_2020,Hyderabad,19,Female
C02021,Customer_2021,Coimbatore,41,Male
C02022,Customer_2022,Mumbai,25,Female
C02023,Customer_2023,Bangalore,28,Male
C02024,Customer_2024,Mumbai,30,Female
C02025,Customer_2025,Kolkata,34,Male
C02026,Customer_2026,Bangalore,25,Male
C02027,Customer_2027,Kolkata,38,Male
C02028,Customer_2028,Kolkata,35,Female
C02029,Customer_2029,Hyderabad,47,Female
C02030,Customer_2030,Mumbai,35,Male
C02031,Customer_2031,Kolkata,63,Male
C02032,Customer_2032,Mumbai,64,Male
C02033,Customer_2033,Mumbai,48,Female
C02034,Customer_2034,Bangalore,55,Male
C02035,Customer_2035,Delhi,49,Male
C02036,Customer_2036,Hyderabad,28,Male
C02037,Customer_2037,Kolkata,62,Male
C02038,Customer_2038,Mumbai,42,Female
C02039,Customer_2039,Pune,50,Female
C02040,Customer_2040,Delhi,55,Male
C02041,Customer_2041,Kolkata,58,Male
C02042,Customer_2042,Pune,25,Female
C02043,Customer_2043,Hyderabad,28,Female
C02044,Customer_2044,Hyderabad,39,Male
C02045,Customer_2045,Mumbai,68,Female
C02046,Customer_2046,Mumbai,41,Female
C02047,Customer_2047,Coimbatore,58,Male
C02048,Customer_2048,Coimbatore,34,Female
C02049,Customer_2049,Kolkata,29,Female
C02050,Customer_2050,Bangalore,63,Male
C02051,Customer_2051,Delhi,49,Male
C02052,Customer_2052,Kolkata,32,Female
C02053,Customer_2053,Delhi,33,Male
C02054,Customer_2054,Mumbai,39,Female
C02055,Customer_2055,Hyderabad,45,Male
C02056,Customer_2056,Mumbai,37,Female
C02057,Customer_2057,Hyderabad,50,Male
C02058,Customer_2058,Coimbatore,27,Female
C02059,Customer_2059,Kolkata,57,Female
C02060,Customer_2060,Coimbatore,49,Female
C02061,Customer_2061,Hyderabad,67,Male
C02062,Customer_2062,Mumbai,50,Male
C02063,Customer_2063,Coimbatore,19,Female
C02064,Customer_2064,Chennai,50,Female
C02065,Customer_2065,Delhi,50,Male
C02066,Customer_2066,Pune,58,Male
C02067,Customer_2067,Hyderabad,30,Male
C02068,Customer_2068,Hyderabad,47,Male
C02069,Customer_2069,Chennai,50,Male
C02070,Customer_2070,Kolkata,30,Male
C02071,Customer_2071,Kolkata,69,Female
C02072,Customer_2072,Kolkata,43,Male
C02073,Customer_2073,Pune,39,Female
C02074,Customer_2074,Bangalore,56,Male
C02075,Customer_2075,Chennai,19,Male
C02076,Customer_2076,Pune,55,Female
C02077,Customer_2077,Coimbatore,56,Female
C02078,Customer_2078,Chennai,43,Male
C02079,Customer_2079,Hyderabad,63,Female
C02080,Customer_2080,Delhi,67,Female
C02081,Customer_2081,Chennai,32,Female
C02082,Customer_2082,Bangalore,51,Female
C02083,Customer_2083,Mumbai,59,Male
C02084,Customer_2084,Coimbatore,61,Female
C02085,Customer_2085,Pune,66,Male
C02086,Customer_2086,Coimbatore,57,Male
C02087,Customer_2087,Coimbatore,28,Male
C02088,Customer_2088,Chennai,20,Male
C02089,Customer_2089,Chennai,23,Female
C02090,Customer_2090,Bangalore,26,Female
C02091,Customer_2091,Delhi,23,Male
C02092,Customer_2092,Chennai,26,Male
C02093,Customer_2093,Chennai,56,Male
C02094,Customer_2094,Delhi,48,Male
C02095,Customer_2095,Bangalore,49,Female
C02096,Customer_2096,Pune,58,Male
C02097,Customer_2097,Coimbatore,67,Female
C02098,Customer_2098,Pune,29,Male
C02099,Customer_2099,Chennai,25,Male
C02100,Customer_2100,Delhi,25,Male
C02101,Customer_2101,Chennai,67,Male
C02102,Customer_2102,Kolkata,45,Female
C02103,Customer_2103,Mumbai,37,Female
C02104,Customer_2104,Pune,64,Female
C02105,Customer_2105,Kolkata,24,Male
C02106,Customer_2106,Hyderabad,28,Male
C02107,Customer_2107,Mumbai,37,Female
C02108,Customer_2108,Chennai,33,Female
C02109,Customer_2109,Bangalore,21,Male
C02110,Customer_2110,Pune,23,Male
C02111,Customer_2111,Hyderabad,39,Female
C02112,Customer_2112,Mumbai,43,Male
C02113,Customer_2113,Pune,20,Male
C02114,Customer_2114,Delhi,58,Female
C02115,Customer_2115,Bangalore,59,Male
C02116,Customer_2116,Mumbai,31,Female
C02117,Customer_2117,Delhi,28,Male
C02118,Customer_2118,Kolkata,35,Female
C02119,Customer_2119,Chennai,29,Male
C02120,Customer_2120,Delhi,40,Female
C02121,Customer_2121,Mumbai,29,Female
C02122,Customer_2122,Coimbatore,30,Female
C02123,Customer_2123,Mumbai,42,Female
C02124,Customer_2124,Coimbatore,62,Male
C02125,Customer_2125,Kolkata,68,Male
C02126,Customer_2126,Chennai,36,Female
C02127,Customer_2127,Coimbatore,63,Male
C02128,Customer_2128,Coimbatore,53,Male
C02129,Customer_2129,Delhi,62,Male
C02130,Customer_2130,Delhi,25,Male
C02131,Customer_2131,Chennai,46,Male
C02132,Customer_2132,Delhi,49,Female
C02133,Customer_2133,Pune,68,Female
C02134,Customer_2134,Chennai,61,Female
C02135,Customer_2135,Bangalore,35,Female
C02136,Customer_2136,Coimbatore,23,Male
C02137,Customer_2137,Mumbai,35,Male
C02138,Customer_2138,Bangalore,36,Female
C02139,Customer_2139,Coimbatore,39,Male
C02140,Customer_2140,Pune,54,Male
C02141,Customer_2141,Coimbatore,49,Female
C02142,Customer_2142,Coimbatore,58,Male
C02143,Customer_2143,Coimbatore,20,Female
C02144,Customer_2144,Kolkata,45,Female
C02145,Customer_2145,Pune,27,Male
C02146,Customer_2146,Hyderabad,68,Male
C02147,Customer_2147,Hyderabad,52,Female
C02148,Customer_2148,Hyderabad,46,Female
C02149,Customer_2149,Chennai,32,Male
C02150,Customer_2150,Delhi,50,Female
C02151,Customer_2151,Pune,24,Female
C02152,Customer_2152,Bangalore,29,Female
C02153,Customer_2153,Kolkata,66,Male
C02154,Customer_2154,Bangalore,47,Female
C02155,Customer_2155,Bangalore,38,Male
C02156,Customer_2156,Bangalore,48,Female
C02157,Customer_2157,Kolkata,41,Male
C02158,Customer_2158,Hyderabad,37,Female
C02159,Customer_2159,Bangalore,54,Male
C02160,Customer_2160,Kolkata,21,Male
C02161,Customer_2161,Kolkata,45,Male
C02162,Customer_2162,Delhi,61,Female
C02163,Customer_2163,Kolkata,37,Female
C02164,Customer_2164,Hyderabad,41,Female
C02165,Customer_2165,Bangalore,67,Male
C02166,Customer_2166,Kolkata,66,Female
C02167,Customer_2167,Chennai,68,Male
C02168,Customer_2168,Kolkata,49,Female
C02169,Customer_2169,Mumbai,58,Male
C02170,Customer_2170,Mumbai,53,Male
C02171,Customer_2171,Mumbai,51,Male
C02172,Customer_2172,Kolkata,53,Female
C02173,Customer_2173,Hyderabad,19,Female
C02174,Customer_2174,Bangalore,32,Female
C02175,Customer_2175,Pune,51,Male
C02176,Customer_2176,Pune,53,Male
C02177,Customer_2177,Pune,23,Female
C02178,Customer_2178,Hyderabad,56,Female
C02179,Customer_2179,Delhi,59,Female
C02180,Customer_2180,Coimbatore,68,Male
C02181,Customer_2181,Chennai,68,Male
C02182,Customer_2182,Chennai,29,Male
C02183,Customer_2183,Mumbai,20,Male
C02184,Customer_2184,Mumbai,62,Male
C02185,Customer_2185,Kolkata,35,Female
C02186,Customer_2186,Pune,57,Male
C02187,Customer_2187,Kolkata,38,Male
C02188,Customer_2188,Coimbatore,32,Male
C02189,Customer_2189,Pune,50,Male
C02190,Customer_2190,Mumbai,52,Male
C02191,Customer_2191,Bangalore,43,Female
C02192,Customer_2192,Delhi,25,Male
C02193,Customer_2193,Kolkata,53,Male
C02194,Customer_2194,Delhi,65,Male
C02195,Customer_2195,Delhi,47,Female
C02196,Customer_2196,Delhi,40,Female
C02197,Customer_2197,Mumbai,59,Female
C02198,Customer_2198,Chennai,61,Male
C02199,Customer_2199,Mumbai,31,Female
C02200,Customer_2200,Delhi,31,Male
C02201,Customer_2201,Mumbai,19,Male
C02202,Customer_2202,Delhi,54,Female
C02203,Customer_2203,Hyderabad,22,Male
C02204,Customer_2204,Pune,55,Male
C02205,Customer_2205,Chennai,62,Male
C02206,Customer_2206,Hyderabad,58,Female
C02207,Customer_2207,Bangalore,64,Male
C02208,Customer_2208,Mumbai,31,Male
C02209,Customer_2209,Bangalore,56,Female
C02210,Customer_2210,Kolkata,42,Male
C02211,Customer_2211,Mumbai,37,Male
C02212,Customer_2212,Coimbatore,19,Female
C02213,Customer_2213,Coimbatore,56,Male
C02214,Customer_2214,Pune,23,Male
C02215,Customer_2215,Hyderabad,34,Male
C02216,Customer_2216,Pune,42,Male
C02217,Customer_2217,Kolkata,45,Male
C02218,Customer_2218,Delhi,19,Female
C02219,Customer_2219,Pune,52,Female
C02220,Customer_2220,Pune,54,Female
C02221,Customer_2221,Coimbatore,22,Female
C02222,Customer_2222,Delhi,18,Male
C02223,Customer_2223,Coimbatore,57,Male
C02224,Customer_2224,Mumbai,29,Male
C02225,Customer_2225,Delhi,53,Male
C02226,Customer_2226,Hyderabad,62,Male
C02227,Customer_2227,Pune,40,Female
C02228,Customer_2228,Coimbatore,64,Female
C02229,Customer_2229,Delhi,48,Male
C02230,Customer_2230,Kolkata,28,Male
C02231,Customer_2231,Kolkata,27,Male
C02232,Customer_2232,Pune,20,Female
C02233,Customer_2233,Hyderabad,31,Male
C02234,Customer_2234,Bangalore,33,Male
C02235,Customer_2235,Coimbatore,27,Male
C02236,Customer_2236,Hyderabad,46,Female
C02237,Customer_2237,Chennai,27,Male
C02238,Customer_2238,Chennai,29,Female
C02239,Customer_2239,Chennai,47,Female
C02240,Customer_2240,Pune,58,Female
C02241,Customer_2241,Kolkata,18,Female
C02242,Customer_2242,Mumbai,22,Female
C02243,Customer_2243,Coimbatore,37,Female
C02244,Customer_2244,Kolkata,25,Male
C02245,Customer_2245,Mumbai,60,Male
C02246,Customer_2246,Mumbai,29,Male
C02247,Customer_2247,Kolkata,18,Female
C02248,Customer_2248,Coimbatore,37,Male
C02249,Customer_2249,Pune,45,Female
C02250,Customer_2250,Hyderabad,60,Female
C02251,Customer_2251,Mumbai,54,Female
C02252,Customer_2252,Bangalore,64,Male
C02253,Customer_2253,Kolkata,54,Female
C02254,Customer_2254,Kolkata,29,Female
C02255,Customer_2255,Chennai,54,Male
C02256,Customer_2256,Hyderabad,66,Male
C02257,Customer_2257,Chennai,66,Female
C02258,Customer_2258,Kolkata,61,Female
C02259,Customer_2259,Kolkata,45,Male
C02260,Customer_2260,Mumbai,64,Male
C02261,Customer_2261,Hyderabad,32,Male
C02262,Customer_2262,Delhi,23,Female
C02263,Customer_2263,Bangalore,61,Male
C02264,Customer_2264,Coimbatore,37,Male
C02265,Customer_2265,Mumbai,67,Male
C02266,Customer_2266,Kolkata,31,Female
C02267,Customer_2267,Coimbatore,19,Male
C02268,Customer_2268,Mumbai,26,Male
C02269,Customer_2269,Bangalore,54,Male
C02270,Customer_2270,Kolkata,37,Male
C02271,Customer_2271,Bangalore,43,Male
C02272,Customer_2272,Coimbatore,46,Female
C02273,Customer_2273,Delhi,18,Female
C02274,Customer_2274,Mumbai,52,Female
C02275,Customer_2275,Pune,23,Male
C02276,Customer_2276,Mumbai,54,Female
C02277,Customer_2277,Chennai,22,Female
C02278,Customer_2278,Hyderabad,50,Female
C02279,Customer_2279,Hyderabad,66,Male
C02280,Customer_2280,Chennai,68,Male
C02281,Customer_2281,Kolkata,31,Female
C02282,Customer_2282,Hyderabad,29,Female
C02283,Customer_2283,Bangalore,59,Male
C02284,Customer_2284,Coimbatore,37,Male
C02285,Customer_2285,Coimbatore,67,Female
C02286,Customer_2286,Hyderabad,41,Male
C02287,Customer_2287,Hyderabad,60,Female
C02288,Customer_2288,Chennai,51,Male
C02289,Customer_2289,Kolkata,42,Female
C02290,Customer_2290,Delhi,67,Female
C02291,Customer_2291,Hyderabad,46,Male
C02292,Customer_2292,Pune,56,Female
C02293,Customer_2293,Hyderabad,48,Female
C02294,Customer_2294,Delhi,64,Female
C02295,Customer_2295,Chennai,60,Male
C02296,Customer_2296,Delhi,67,Male
C02297,Customer_2297,Chennai,40,Male
C02298,Customer_2298,Bangalore,61,Female
C02299,Customer_2299,Chennai,55,Male
C02300,Customer_2300,Bangalore,37,Female
C02301,Customer_2301,Bangalore,40,Female
C02302,Customer_2302,Chennai,62,Male
C02303,Customer_2303,Pune,69,Male
C02304,Customer_2304,Mumbai,33,Female
C02305,Customer_2305,Chennai,67,Female
C02306,Customer_2306,Hyderabad,59,Male
C02307,Customer_2307,Pune,25,Male
C02308,Customer_2308,Pune,67,Male
C02309,Customer_2309,Hyderabad,38,Female
C02310,Customer_2310,Mumbai,18,Female
C02311,Customer_2311,Pune,25,Female
C02312,Customer_2312,Bangalore,46,Female
C02313,Customer_2313,Coimbatore,49,Female
C02314,Customer_2314,Mumbai,55,Male
C02315,Customer_2315,Kolkata,22,Male
C02316,Customer_2316,Hyderabad,64,Female
C02317,Customer_2317,Mumbai,39,Female
C02318,Customer_2318,Chennai,64,Male
C02319,Customer_2319,Coimbatore,51,Male
C02320,Customer_2320,Mumbai,18,Male
C02321,Customer_2321,Bangalore,43,Male
C02322,Customer_2322,Coimbatore,60,Female
C02323,Customer_2323,Chennai,27,Male
C02324,Customer_2324,Delhi,47,Female
C02325,Customer_2325,Hyderabad,67,Male
C02326,Customer_2326,Coimbatore,35,Male
C02327,Customer_2327,Hyderabad,34,Male
C02328,Customer_2328,Mumbai,43,Female
C02329,Customer_2329,Pune,25,Female
C02330,Customer_2330,Chennai,64,Male
C02331,Customer_2331,Delhi,57,Female
C02332,Customer_2332,Chennai,66,Female
C02333,Customer_2333,Hyderabad,29,Male
C02334,Customer_2334,Chennai,44,Male
C02335,Customer_2335,Delhi,25,Female
C02336,Customer_2336,Pune,42,Female
C02337,Customer_2337,Mumbai,63,Female
C02338,Customer_2338,Bangalore,21,Male
C02339,Customer_2339,Chennai,50,Male
C02340,Customer_2340,Coimbatore,18,Female
C02341,Customer_2341,Bangalore,36,Male
C02342,Customer_2342,Hyderabad,48,Male
C02343,Customer_2343,Mumbai,33,Female
C02344,Customer_2344,Kolkata,31,Female
C02345,Customer_2345,Mumbai,65,Male
C02346,Customer_2346,Chennai,22,Male
C02347,Customer_2347,Coimbatore,58,Female
C02348,Customer_2348,Pune,43,Male
C02349,Customer_2349,Mumbai,45,Male
C02350,Customer_2350,Chennai,19,Female
C02351,Customer_2351,Chennai,67,Female
C02352,Customer_2352,Bangalore,23,Male
C02353,Customer_2353,Mumbai,26,Male
C02354,Customer_2354,Chennai,50,Male
C02355,Customer_2355,Bangalore,58,Female
C02356,Customer_2356,Coimbatore,42,Male
C02357,Customer_2357,Delhi,65,Male
C02358,Customer_2358,Coimbatore,30,Female
C02359,Customer_2359,Kolkata,26,Female
C02360,Customer_2360,Bangalore,30,Male
C02361,Customer_2361,Bangalore,48,Female
C02362,Customer_2362,Chennai,58,Female
C02363,Customer_2363,Hyderabad,28,Male
C02364,Customer_2364,Hyderabad,21,Female
C02365,Customer_2365,Pune,51,Female
C02366,Customer_2366,Hyderabad,55,Male
C02367,Customer_2367,Bangalore,63,Female
C02368,Customer_2368,Pune,21,Male
C02369,Customer_2369,Coimbatore,55,Male
C02370,Customer_2370,Chennai,36,Female
C02371,Customer_2371,Coimbatore,23,Female
C02372,Customer_2372,Mumbai,51,Female
C02373,Customer_2373,Kolkata,35,Male
C02374,Customer_2374,Kolkata,30,Female
C02375,Customer_2375,Bangalore,58,Male
C02376,Customer_2376,Bangalore,40,Female
C02377,Customer_2377,Pune,36,Female
C02378,Customer_2378,Chennai,62,Female
C02379,Customer_2379,Delhi,28,Male
C02380,Customer_2380,Bangalore,18,Female
C02381,Customer_2381,Delhi,41,Female
C02382,Customer_2382,Coimbatore,24,Male
C02383,Customer_2383,Delhi,42,Male
C02384,Customer_2384,Hyderabad,38,Female
C02385,Customer_2385,Chennai,32,Female
C02386,Customer_2386,Kolkata,18,Female
C02387,Customer_2387,Kolkata,29,Male
C02388,Customer_2388,Delhi,24,Male
C02389,Customer_2389,Kolkata,32,Male
C02390,Customer_2390,Coimbatore,38,Male
C02391,Customer_2391,Chennai,36,Female
C02392,Customer_2392,Hyderabad,46,Male
C02393,Customer_2393,Chennai,42,Male
C02394,Customer_2394,Bangalore,50,Male
C02395,Customer_2395,Delhi,66,Female
C02396,Customer_2396,Chennai,49,Female
C02397,Customer_2397,Coimbatore,66,Male
C02398,Customer_2398,Kolkata,52,Male
C02399,Customer_2399,Mumbai,61,Female
C02400,Customer_2400,Chennai,55,Female
C02401,Customer_2401,Delhi,43,Female
C02402,Customer_2402,Hyderabad,28,Female
C02403,Customer_2403,Kolkata,52,Female
C02404,Customer_2404,Hyderabad,25,Female
C02405,Customer_2405,Delhi,63,Female
C02406,Customer_2406,Kolkata,31,Female
C02407,Customer_2407,Bangalore,27,Male
C02408,Customer_2408,Kolkata,19,Male
C02409,Customer_2409,Bangalore,63,Male
C02410,Customer_2410,Hyderabad,26,Male
C02411,Customer_2411,Hyderabad,20,Male
C02412,Customer_2412,Delhi,38,Male
C02413,Customer_2413,Bangalore,43,Female
C02414,Customer_2414,Hyderabad,25,Female
C02415,Customer_2415,Bangalore,65,Male
C02416,Customer_2416,Hyderabad,19,Male
C02417,Customer_2417,Kolkata,23,Female
C02418,Customer_2418,Chennai,45,Female
C02419,Customer_2419,Coimbatore,46,Female
C02420,Customer_2420,Mumbai,43,Male
C02421,Customer_2421,Coimbatore,42,Female
C02422,Customer_2422,Kolkata,29,Male
C02423,Customer_2423,Pune,22,Male
C02424,Customer_2424,Coimbatore,51,Female
C02425,Customer_2425,Chennai,65,Female
C02426,Customer_2426,Pune,54,Male
C02427,Customer_2427,Hyderabad,32,Female
C02428,Customer_2428,Mumbai,61,Female
C02429,Customer_2429,Mumbai,53,Male
C02430,Customer_2430,Hyderabad,32,Female
C02431,Customer_2431,Hyderabad,60,Male
C02432,Customer_2432,Bangalore,65,Male
C02433,Customer_2433,Hyderabad,40,Female
C02434,Customer_2434,Delhi,23,Male
C02435,Customer_2435,Coimbatore,63,Male
C02436,Customer_2436,Hyderabad,67,Female
C02437,Customer_2437,Delhi,61,Female
C02438,Customer_2438,Hyderabad,60,Female
C02439,Customer_2439,Bangalore,62,Male
C02440,Customer_2440,Delhi,38,Male
C02441,Customer_2441,Coimbatore,40,Female
C02442,Customer_2442,Chennai,60,Male
C02443,Customer_2443,Delhi,33,Female
C02444,Customer_2444,Kolkata,64,Female
C02445,Customer_2445,Bangalore,32,Male
C02446,Customer_2446,Pune,42,Female
C02447,Customer_2447,Coimbatore,53,Male
C02448,Customer_2448,Delhi,28,Male
C02449,Customer_2449,Kolkata,68,Female
C02450,Customer_2450,Kolkata,32,Male
C02451,Customer_2451,Coimbatore,21,Female
C02452,Customer_2452,Coimbatore,38,Male
C02453,Customer_2453,Kolkata,30,Male
C02454,Customer_2454,Hyderabad,39,Male
C02455,Customer_2455,Kolkata,36,Female
C02456,Customer_2456,Hyderabad,51,Male
C02457,Customer_2457,Pune,31,Female
C02458,Customer_2458,Bangalore,21,Male
C02459,Customer_2459,Mumbai,65,Male
C02460,Customer_2460,Hyderabad,69,Female
C02461,Customer_2461,Kolkata,63,Female
C02462,Customer_2462,Kolkata,44,Female
C02463,Customer_2463,Chennai,46,Female
C02464,Customer_2464,Kolkata,64,Female
C02465,Customer_2465,Bangalore,45,Male
C02466,Customer_2466,Delhi,52,Male
C02467,Customer_2467,Delhi,25,Female
C02468,Customer_2468,Kolkata,33,Male
C02469,Customer_2469,Chennai,59,Male
C02470,Customer_2470,Hyderabad,53,Male
C02471,Customer_2471,Bangalore,47,Female
C02472,Customer_2472,Chennai,35,Male
C02473,Customer_2473,Hyderabad,19,Male
C02474,Customer_2474,Bangalore,66,Male
C02475,Customer_2475,Kolkata,30,Female
C02476,Customer_2476,Delhi,21,Male
C02477,Customer_2477,Bangalore,43,Male
C02478,Customer_2478,Kolkata,42,Female
C02479,Customer_2479,Pune,47,Female
C02480,Customer_2480,Mumbai,28,Male
C02481,Customer_2481,Bangalore,24,Male
C02482,Customer_2482,Mumbai,48,Female
C02483,Customer_2483,Bangalore,61,Female
C02484,Customer_2484,Mumbai,27,Female
C02485,Customer_2485,Pune,56,Female
C02486,Customer_2486,Delhi,30,Female
C02487,Customer_2487,Coimbatore,48,Female
C02488,Customer_2488,Hyderabad,24,Female
C02489,Customer_2489,Mumbai,66,Male
C02490,Customer_2490,Pune,59,Female
C02491,Customer_2491,Mumbai,59,Female
C02492,Customer_2492,Delhi,53,Male
C02493,Customer_2493,Mumbai,37,Female
C02494,Customer_2494,Pune,21,Female
C02495,Customer_2495,Kolkata,24,Male
C02496,Customer_2496,Pune,18,Female
C02497,Customer_2497,Coimbatore,61,Male
C02498,Customer_2498,Coimbatore,62,Male
C02499,Customer_2499,Coimbatore,59,Male
C02500,Customer_2500,Chennai,64,Male
C02501,Customer_2501,Delhi,30,Female
C02502,Customer_2502,Kolkata,39,Male
C02503,Customer_2503,Chennai,38,Male
C02504,Customer_2504,Delhi,39,Female
C02505,Customer_2505,Kolkata,45,Male
C02506,Customer_2506,Mumbai,26,Male
C02507,Customer_2507,Kolkata,43,Male
C02508,Customer_2508,Pune,26,Male
C02509,Customer_2509,Chennai,32,Female
C02510,Customer_2510,Mumbai,27,Male
C02511,Customer_2511,Pune,41,Female
C02512,Customer_2512,Delhi,59,Female
C02513,Customer_2513,Kolkata,25,Male
C02514,Customer_2514,Pune,41,Male
C02515,Customer_2515,Mumbai,33,Male
C02516,Customer_2516,Chennai,66,Male
C02517,Customer_2517,Chennai,43,Female
C02518,Customer_2518,Coimbatore,44,Female
C02519,Customer_2519,Kolkata,54,Female
C02520,Customer_2520,Pune,21,Male
C02521,Customer_2521,Coimbatore,67,Female
C02522,Customer_2522,Mumbai,41,Male
C02523,Customer_2523,Coimbatore,36,Male
C02524,Customer_2524,Bangalore,53,Male
C02525,Customer_2525,Delhi,56,Male
C02526,Customer_2526,Coimbatore,27,Male
C02527,Customer_2527,Delhi,42,Female
C02528,Customer_2528,Mumbai,35,Female
C02529,Customer_2529,Bangalore,36,Male
C02530,Customer_2530,Chennai,53,Female
C02531,Customer_2531,Kolkata,27,Male
C02532,Customer_2532,Hyderabad,50,Male
C02533,Customer_2533,Hyderabad,67,Male
C02534,Customer_2534,Kolkata,22,Female
C02535,Customer_2535,Mumbai,64,Male
C02536,Customer_2536,Bangalore,66,Male
C02537,Customer_2537,Bangalore,52,Female
C02538,Customer_2538,Delhi,61,Female
C02539,Customer_2539,Chennai,51,Female
C02540,Customer_2540,Pune,50,Male
C02541,Customer_2541,Coimbatore,38,Male
C02542,Customer_2542,Bangalore,34,Female
C02543,Customer_2543,Kolkata,39,Male
C02544,Customer_2544,Pune,65,Female
C02545,Customer_2545,Hyderabad,54,Female
C02546,Customer_2546,Pune,32,Male
C02547,Customer_2547,Chennai,52,Male
C02548,Customer_2548,Kolkata,45,Female
C02549,Customer_2549,Chennai,24,Female
C02550,Customer_2550,Pune,49,Female
C02551,Customer_2551,Coimbatore,28,Female
C02552,Customer_2552,Mumbai,27,Male
C02553,Customer_2553,Bangalore,26,Female
C02554,Customer_2554,Kolkata,31,Female
C02555,Customer_2555,Mumbai,30,Female
C02556,Customer_2556,Pune,42,Male
C02557,Customer_2557,Bangalore,19,Male
C02558,Customer_2558,Delhi,52,Female
C02559,Customer_2559,Mumbai,24,Male
C02560,Customer_2560,Mumbai,38,Male
C02561,Customer_2561,Pune,35,Male
C02562,Customer_2562,Hyderabad,20,Female
C02563,Customer_2563,Pune,59,Female
C02564,Customer_2564,Mumbai,56,Male
C02565,Customer_2565,Bangalore,58,Female
C02566,Customer_2566,Coimbatore,66,Female
C02567,Customer_2567,Hyderabad,28,Male
C02568,Customer_2568,Pune,56,Male
C02569,Customer_2569,Coimbatore,41,Female
C02570,Customer_2570,Kolkata,63,Male
C02571,Customer_2571,Pune,36,Female
C02572,Customer_2572,Mumbai,21,Female
C02573,Customer_2573,Coimbatore,43,Male
C02574,Customer_2574,Mumbai,55,Female
C02575,Customer_2575,Delhi,59,Female
C02576,Customer_2576,Coimbatore,49,Male
C02577,Customer_2577,Coimbatore,56,Male
C02578,Customer_2578,Pune,62,Male
C02579,Customer_2579,Mumbai,63,Female
C02580,Customer_2580,Kolkata,53,Male
C02581,Customer_2581,Chennai,57,Male
C02582,Customer_2582,Hyderabad,54,Male
C02583,Customer_2583,Chennai,50,Male
C02584,Customer_2584,Hyderabad,53,Female
C02585,Customer_2585,Kolkata,20,Female
C02586,Customer_2586,Coimbatore,26,Male
C02587,Customer_2587,Coimbatore,25,Female
C02588,Customer_2588,Pune,50,Male
C02589,Customer_2589,Delhi,23,Male
C02590,Customer_2590,Mumbai,58,Female
C02591,Customer_2591,Mumbai,56,Female
C02592,Customer_2592,Mumbai,21,Male
C02593,Customer_2593,Pune,30,Male
C02594,Customer_2594,Hyderabad,66,Female
C02595,Customer_2595,Coimbatore,19,Male
C02596,Customer_2596,Kolkata,22,Female
C02597,Customer_2597,Mumbai,61,Male
C02598,Customer_2598,Chennai,44,Male
C02599,Customer_2599,Mumbai,49,Female
C02600,Customer_2600,Coimbatore,38,Female
C02601,Customer_2601,Pune,25,Female
C02602,Customer_2602,Kolkata,55,Female
C02603,Customer_2603,Delhi,25,Female
C02604,Customer_2604,Kolkata,67,Female
C02605,Customer_2605,Chennai,20,Female
C02606,Customer_2606,Mumbai,61,Male
C02607,Customer_2607,Mumbai,20,Male
C02608,Customer_2608,Bangalore,39,Male
C02609,Customer_2609,Hyderabad,23,Female
C02610,Customer_2610,Chennai,19,Female
C02611,Customer_2611,Bangalore,40,Female
C02612,Customer_2612,Kolkata,61,Male
C02613,Customer_2613,Delhi,19,Female
C02614,Customer_2614,Hyderabad,55,Female
C02615,Customer_2615,Chennai,34,Male
C02616,Customer_2616,Mumbai,52,Female
C02617,Customer_2617,Kolkata,51,Male
C02618,Customer_2618,Chennai,40,Male
C02619,Customer_2619,Mumbai,47,Female
C02620,Customer_2620,Coimbatore,69,Female
C02621,Customer_2621,Hyderabad,25,Female
C02622,Customer_2622,Coimbatore,39,Male
C02623,Customer_2623,Coimbatore,61,Male
C02624,Customer_2624,Mumbai,53,Male
C02625,Customer_2625,Delhi,22,Female
C02626,Customer_2626,Kolkata,30,Female
C02627,Customer_2627,Pune,46,Female
C02628,Customer_2628,Mumbai,48,Female
C02629,Customer_2629,Delhi,64,Male
C02630,Customer_2630,Pune,33,Male
C02631,Customer_2631,Kolkata,59,Male
C02632,Customer_2632,Coimbatore,47,Male
C02633,Customer_2633,Hyderabad,33,Female
C02634,Customer_2634,Hyderabad,29,Female
C02635,Customer_2635,Kolkata,34,Female
C02636,Customer_2636,Kolkata,33,Male
C02637,Customer_2637,Chennai,29,Male
C02638,Customer_2638,Delhi,25,Female
C02639,Customer_2639,Coimbatore,37,Female
C02640,Customer_2640,Delhi,20,Male
C02641,Customer_2641,Kolkata,33,Female
C02642,Customer_2642,Bangalore,47,Male
C02643,Customer_2643,Bangalore,62,Male
C02644,Customer_2644,Pune,40,Male
C02645,Customer_2645,Pune,45,Female
C02646,Customer_2646,Bangalore,68,Female
C02647,Customer_2647,Kolkata,57,Male
C02648,Customer_2648,Kolkata,22,Female
C02649,Customer_2649,Pune,37,Male
C02650,Customer_2650,Mumbai,57,Male
C02651,Customer_2651,Kolkata,61,Male
C02652,Customer_2652,Bangalore,18,Male
C02653,Customer_2653,Delhi,47,Female
C02654,Customer_2654,Kolkata,38,Male
C02655,Customer_2655,Coimbatore,37,Male
C02656,Customer_2656,Kolkata,23,Female
C02657,Customer_2657,Mumbai,39,Male
C02658,Customer_2658,Pune,35,Male
C02659,Customer_2659,Kolkata,25,Female
C02660,Customer_2660,Hyderabad,56,Female
C02661,Customer_2661,Chennai,49,Female
C02662,Customer_2662,Bangalore,50,Male
C02663,Customer_2663,Coimbatore,33,Female
C02664,Customer_2664,Coimbatore,29,Female
C02665,Customer_2665,Coimbatore,55,Male
C02666,Customer_2666,Hyderabad,69,Male
C02667,Customer_2667,Coimbatore,51,Male
C02668,Customer_2668,Coimbatore,31,Male
C02669,Customer_2669,Pune,53,Male
C02670,Customer_2670,Delhi,50,Female
C02671,Customer_2671,Chennai,40,Female
C02672,Customer_2672,Hyderabad,67,Female
C02673,Customer_2673,Chennai,62,Male
C02674,Customer_2674,Bangalore,19,Male
C02675,Customer_2675,Pune,58,Male
C02676,Customer_2676,Kolkata,38,Female
C02677,Customer_2677,Delhi,19,Female
C02678,Customer_2678,Pune,44,Male
C02679,Customer_2679,Chennai,26,Female
C02680,Customer_2680,Hyderabad,18,Male
C02681,Customer_2681,Bangalore,28,Female
C02682,Customer_2682,Bangalore,20,Female
C02683,Customer_2683,Pune,69,Female
C02684,Customer_2684,Kolkata,40,Male
C02685,Customer_2685,Hyderabad,43,Female
C02686,Customer_2686,Kolkata,21,Female
C02687,Customer_2687,Kolkata,35,Male
C02688,Customer_2688,Coimbatore,23,Female
C02689,Customer_2689,Hyderabad,52,Male
C02690,Customer_2690,Chennai,39,Male
C02691,Customer_2691,Pune,60,Male
C02692,Customer_2692,Pune,32,Male
C02693,Customer_2693,Coimbatore,39,Male
C02694,Customer_2694,Mumbai,54,Female
C02695,Customer_2695,Pune,69,Male
C02696,Customer_2696,Bangalore,59,Male
C02697,Customer_2697,Chennai,29,Male
C02698,Customer_2698,Hyderabad,64,Male
C02699,Customer_2699,Pune,66,Female
C02700,Customer_2700,Chennai,59,Male
C02701,Customer_2701,Coimbatore,55,Female
C02702,Customer_2702,Pune,35,Male
C02703,Customer_2703,Hyderabad,62,Female
C02704,Customer_2704,Delhi,52,Male
C02705,Customer_2705,Hyderabad,47,Male
C02706,Customer_2706,Hyderabad,41,Female
C02707,Customer_2707,Hyderabad,59,Male
C02708,Customer_2708,Pune,47,Female
C02709,Customer_2709,Mumbai,31,Male
C02710,Customer_2710,Hyderabad,23,Female
C02711,Customer_2711,Coimbatore,20,Male
C02712,Customer_2712,Bangalore,33,Male
C02713,Customer_2713,Bangalore,24,Female
C02714,Customer_2714,Coimbatore,69,Male
C02715,Customer_2715,Chennai,31,Male
C02716,Customer_2716,Mumbai,26,Male
C02717,Customer_2717,Chennai,32,Male
C02718,Customer_2718,Coimbatore,38,Male
C02719,Customer_2719,Bangalore,52,Male
C02720,Customer_2720,Kolkata,19,Female
C02721,Customer_2721,Bangalore,44,Female
C02722,Customer_2722,Delhi,19,Female
C02723,Customer_2723,Hyderabad,52,Male
C02724,Customer_2724,Kolkata,35,Female
C02725,Customer_2725,Bangalore,31,Male
C02726,Customer_2726,Pune,37,Male
C02727,Customer_2727,Pune,35,Male
C02728,Customer_2728,Chennai,27,Male
C02729,Customer_2729,Kolkata,42,Female
C02730,Customer_2730,Chennai,19,Male
C02731,Customer_2731,Hyderabad,42,Female
C02732,Customer_2732,Hyderabad,50,Male
C02733,Customer_2733,Delhi,53,Female
C02734,Customer_2734,Coimbatore,48,Female
C02735,Customer_2735,Coimbatore,31,Female
C02736,Customer_2736,Mumbai,18,Female
C02737,Customer_2737,Chennai,63,Female
C02738,Customer_2738,Hyderabad,33,Female
C02739,Customer_2739,Coimbatore,63,Male
C02740,Customer_2740,Chennai,69,Female
C02741,Customer_2741,Hyderabad,20,Male
C02742,Customer_2742,Bangalore,52,Female
C02743,Customer_2743,Chennai,58,Male
C02744,Customer_2744,Bangalore,23,Female
C02745,Customer_2745,Chennai,42,Female
C02746,Customer_2746,Mumbai,30,Male
C02747,Customer_2747,Delhi,51,Female
C02748,Customer_2748,Pune,25,Female
C02749,Customer_2749,Coimbatore,38,Female
C02750,Customer_2750,Pune,51,Male
C02751,Customer_2751,Pune,21,Female
C02752,Customer_2752,Bangalore,42,Male
C02753,Customer_2753,Kolkata,32,Female
C02754,Customer_2754,Hyderabad,21,Female
C02755,Customer_2755,Pune,62,Male
C02756,Customer_2756,Mumbai,29,Female
C02757,Customer_2757,Pune,49,Female
C02758,Customer_2758,Chennai,49,Male
C02759,Customer_2759,Bangalore,45,Female
C02760,Customer_2760,Kolkata,30,Male
C02761,Customer_2761,Chennai,48,Male
C02762,Customer_2762,Kolkata,31,Male
C02763,Customer_2763,Chennai,37,Female
C02764,Customer_2764,Chennai,35,Male
C02765,Customer_2765,Coimbatore,46,Male
C02766,Customer_2766,Delhi,23,Female
C02767,Customer_2767,Delhi,49,Male
C02768,Customer_2768,Hyderabad,46,Female
C02769,Customer_2769,Bangalore,60,Female
C02770,Customer_2770,Mumbai,19,Female
C02771,Customer_2771,Mumbai,40,Female
C02772,Customer_2772,Mumbai,36,Male
C02773,Customer_2773,Coimbatore,48,Male
C02774,Customer_2774,Chennai,68,Male
C02775,Customer_2775,Delhi,22,Male
C02776,Customer_2776,Bangalore,36,Male
C02777,Customer_2777,Chennai,51,Female
C02778,Customer_2778,Kolkata,27,Male
C02779,Customer_2779,Delhi,42,Male
C02780,Customer_2780,Delhi,19,Male
C02781,Customer_2781,Pune,28,Female
C02782,Customer_2782,Pune,67,Female
C02783,Customer_2783,Coimbatore,48,Male
C02784,Customer_2784,Bangalore,32,Female
C02785,Customer_2785,Kolkata,26,Male
C02786,Customer_2786,Bangalore,40,Male
C02787,Customer_2787,Bangalore,36,Female
C02788,Customer_2788,Coimbatore,26,Female
C02789,Customer_2789,Coimbatore,52,Male
C02790,Customer_2790,Chennai,38,Male
C02791,Customer_2791,Hyderabad,26,Female
C02792,Customer_2792,Coimbatore,45,Male
C02793,Customer_2793,Bangalore,63,Female
C02794,Customer_2794,Pune,68,Male
C02795,Customer_2795,Hyderabad,24,Female
C02796,Customer_2796,Chennai,33,Male
C02797,Customer_2797,Hyderabad,33,Male
C02798,Customer_2798,Mumbai,50,Female
C02799,Customer_2799,Kolkata,21,Male
C02800,Customer_2800,Hyderabad,21,Male
C02801,Customer_2801,Bangalore,56,Female
C02802,Customer_2802,Chennai,57,Male
C02803,Customer_2803,Kolkata,34,Male
C02804,Customer_2804,Bangalore,54,Male
C02805,Customer_2805,Kolkata,56,Female
C02806,Customer_2806,Pune,69,Female
C02807,Customer_2807,Mumbai,46,Female
C02808,Customer_2808,Pune,69,Male
C02809,Customer_2809,Bangalore,53,Male
C02810,Customer_2810,Bangalore,55,Male
C02811,Customer_2811,Bangalore,56,Male
C02812,Customer_2812,Delhi,67,Female
C02813,Customer_2813,Mumbai,54,Male
C02814,Customer_2814,Kolkata,69,Male
C02815,Customer_2815,Coimbatore,52,Male
C02816,Customer_2816,Bangalore,24,Female
C02817,Customer_2817,Bangalore,44,Male
C02818,Customer_2818,Kolkata,45,Male
C02819,Customer_2819,Coimbatore,39,Male
C02820,Customer_2820,Pune,31,Male
C02821,Customer_2821,Pune,24,Male
C02822,Customer_2822,Bangalore,54,Female
C02823,Customer_2823,Chennai,39,Male
C02824,Customer_2824,Delhi,22,Male
C02825,Customer_2825,Pune,19,Male
C02826,Customer_2826,Chennai,44,Male
C02827,Customer_2827,Delhi,38,Male
C02828,Customer_2828,Bangalore,55,Male
C02829,Customer_2829,Mumbai,32,Male
C02830,Customer_2830,Hyderabad,38,Male
C02831,Customer_2831,Hyderabad,27,Male
C02832,Customer_2832,Bangalore,40,Male
C02833,Customer_2833,Pune,56,Female
C02834,Customer_2834,Chennai,22,Female
C02835,Customer_2835,Mumbai,18,Female
C02836,Customer_2836,Kolkata,30,Female
C02837,Customer_2837,Delhi,38,Male
C02838,Customer_2838,Bangalore,43,Female
C02839,Customer_2839,Mumbai,67,Female
C02840,Customer_2840,Coimbatore,62,Male
C02841,Customer_2841,Mumbai,38,Female
C02842,Customer_2842,Pune,35,Female
C02843,Customer_2843,Coimbatore,54,Male
C02844,Customer_2844,Delhi,62,Male
C02845,Customer_2845,Coimbatore,49,Male
C02846,Customer_2846,Mumbai,53,Female
C02847,Customer_2847,Pune,34,Female
C02848,Customer_2848,Coimbatore,52,Male
C02849,Customer_2849,Chennai,66,Male
C02850,Customer_2850,Pune,28,Female
C02851,Customer_2851,Chennai,38,Male
C02852,Customer_2852,Chennai,69,Female
C02853,Customer_2853,Coimbatore,43,Male
C02854,Customer_2854,Coimbatore,21,Male
C02855,Customer_2855,Kolkata,51,Female
C02856,Customer_2856,Kolkata,69,Male
C02857,Customer_2857,Mumbai,65,Male
C02858,Customer_2858,Pune,35,Male
C02859,Customer_2859,Kolkata,57,Female
C02860,Customer_2860,Chennai,52,Male
C02861,Customer_2861,Kolkata,58,Male
C02862,Customer_2862,Delhi,46,Male
C02863,Customer_2863,Mumbai,69,Male
C02864,Customer_2864,Pune,46,Male
C02865,Customer_2865,Pune,55,Male
C02866,Customer_2866,Hyderabad,59,Female
C02867,Customer_2867,Pune,38,Female
C02868,Customer_2868,Mumbai,59,Male
C02869,Customer_2869,Delhi,30,Female
C02870,Customer_2870,Pune,66,Female
C02871,Customer_2871,Hyderabad,58,Male
C02872,Customer_2872,Mumbai,34,Female
C02873,Customer_2873,Chennai,26,Female
C02874,Customer_2874,Bangalore,58,Female
C02875,Customer_2875,Bangalore,18,Female
C02876,Customer_2876,Chennai,19,Female
C02877,Customer_2877,Kolkata,65,Female
C02878,Customer_2878,Pune,46,Female
C02879,Customer_2879,Coimbatore,50,Female
C02880,Customer_2880,Bangalore,27,Male
C02881,Customer_2881,Kolkata,67,Male
C02882,Customer_2882,Bangalore,57,Female
C02883,Customer_2883,Chennai,38,Female
C02884,Customer_2884,Pune,45,Male
C02885,Customer_2885,Pune,28,Female
C02886,Customer_2886,Kolkata,51,Female
C02887,Customer_2887,Chennai,25,Male
C02888,Customer_2888,Kolkata,39,Male
C02889,Customer_2889,Pune,25,Male
C02890,Customer_2890,Coimbatore,66,Female
C02891,Customer_2891,Pune,32,Female
C02892,Customer_2892,Mumbai,34,Male
C02893,Customer_2893,Coimbatore,40,Male
C02894,Customer_2894,Kolkata,41,Female
C02895,Customer_2895,Mumbai,62,Male
C02896,Customer_2896,Chennai,36,Female
C02897,Customer_2897,Delhi,22,Female
C02898,Customer_2898,Bangalore,49,Male
C02899,Customer_2899,Mumbai,61,Male
C02900,Customer_2900,Bangalore,18,Female
C02901,Customer_2901,Hyderabad,40,Male
C02902,Customer_2902,Chennai,54,Male
C02903,Customer_2903,Delhi,25,Male
C02904,Customer_2904,Hyderabad,30,Male
C02905,Customer_2905,Hyderabad,25,Female
C02906,Customer_2906,Pune,40,Female
C02907,Customer_2907,Hyderabad,60,Female
C02908,Customer_2908,Chennai,18,Female
C02909,Customer_2909,Mumbai,62,Male
C02910,Customer_2910,Chennai,68,Male
C02911,Customer_2911,Mumbai,41,Female
C02912,Customer_2912,Hyderabad,52,Female
C02913,Customer_2913,Hyderabad,41,Male
C02914,Customer_2914,Coimbatore,34,Female
C02915,Customer_2915,Delhi,22,Female
C02916,Customer_2916,Mumbai,37,Male
C02917,Customer_2917,Hyderabad,38,Female
C02918,Customer_2918,Pune,57,Male
C02919,Customer_2919,Coimbatore,48,Male
C02920,Customer_2920,Bangalore,63,Female
C02921,Customer_2921,Coimbatore,53,Male
C02922,Customer_2922,Delhi,28,Female
C02923,Customer_2923,Chennai,69,Male
C02924,Customer_2924,Delhi,32,Female
C02925,Customer_2925,Bangalore,36,Female
C02926,Customer_2926,Coimbatore,24,Female
C02927,Customer_2927,Mumbai,68,Male
C02928,Customer_2928,Chennai,45,Male
C02929,Customer_2929,Chennai,68,Female
C02930,Customer_2930,Mumbai,60,Male
C02931,Customer_2931,Kolkata,22,Female
C02932,Customer_2932,Kolkata,22,Female
C02933,Customer_2933,Delhi,47,Male
C02934,Customer_2934,Hyderabad,49,Female
C02935,Customer_2935,Kolkata,25,Male
C02936,Customer_2936,Delhi,27,Female
C02937,Customer_2937,Kolkata,55,Male
C02938,Customer_2938,Bangalore,64,Female
C02939,Customer_2939,Pune,49,Female
C02940,Customer_2940,Hyderabad,65,Male
C02941,Customer_2941,Delhi,45,Female
C02942,Customer_2942,Pune,34,Female
C02943,Customer_2943,Pune,48,Male
C02944,Customer_2944,Coimbatore,25,Female
C02945,Customer_2945,Kolkata,57,Male
C02946,Customer_2946,Coimbatore,42,Female
C02947,Customer_2947,Mumbai,26,Male
C02948,Customer_2948,Bangalore,19,Female
C02949,Customer_2949,Bangalore,32,Female
C02950,Customer_2950,Bangalore,67,Female
C02951,Customer_2951,Hyderabad,20,Male
C02952,Customer_2952,Chennai,66,Male
C02953,Customer_2953,Hyderabad,53,Male
C02954,Customer_2954,Delhi,21,Male
C02955,Customer_2955,Pune,31,Female
C02956,Customer_2956,Pune,58,Female
C02957,Customer_2957,Coimbatore,58,Male
C02958,Customer_2958,Chennai,42,Male
C02959,Customer_2959,Delhi,67,Male
C02960,Customer_2960,Chennai,27,Female
C02961,Customer_2961,Pune,38,Male
C02962,Customer_2962,Kolkata,53,Male
C02963,Customer_2963,Hyderabad,29,Female
C02964,Customer_2964,Bangalore,44,Female
C02965,Customer_2965,Pune,57,Male
C02966,Customer_2966,Mumbai,19,Female
C02967,Customer_2967,Bangalore,30,Male
C02968,Customer_2968,Pune,49,Female
C02969,Customer_2969,Hyderabad,48,Male
C02970,Customer_2970,Chennai,33,Male
C02971,Customer_2971,Kolkata,49,Male
C02972,Customer_2972,Kolkata,49,Male
C02973,Customer_2973,Bangalore,51,Female
C02974,Customer_2974,Hyderabad,28,Female
C02975,Customer_2975,Kolkata,27,Female
C02976,Customer_2976,Kolkata,32,Female
C02977,Customer_2977,Delhi,34,Male
C02978,Customer_2978,Mumbai,57,Male
C02979,Customer_2979,Bangalore,35,Female
C02980,Customer_2980,Chennai,26,Female
C02981,Customer_2981,Kolkata,42,Female
C02982,Customer_2982,Delhi,57,Female
C02983,Customer_2983,Hyderabad,31,Female
C02984,Customer_2984,Kolkata,42,Male
C02985,Customer_2985,Coimbatore,67,Male
C02986,Customer_2986,Mumbai,39,Male
C02987,Customer_2987,Chennai,69,Female
C02988,Customer_2988,Hyderabad,47,Female
C02989,Customer_2989,Hyderabad,37,Female
C02990,Customer_2990,Bangalore,38,Female
C02991,Customer_2991,Kolkata,61,Male
C02992,Customer_2992,Bangalore,49,Male
C02993,Customer_2993,Chennai,68,Female
C02994,Customer_2994,Coimbatore,63,Male
C02995,Customer_2995,Kolkata,66,Male
C02996,Customer_2996,Pune,38,Female
C02997,Customer_2997,Kolkata,52,Female
C02998,Customer_2998,Coimbatore,49,Female
C02999,Customer_2999,Pune,47,Female
C03000,Customer_3000,Hyderabad,56,Female
