Order_ID,Customer_ID,Product_ID,Quantity,Order_Date
O000001,C00861,P0027,4,2025-01-01 00:00:00
O000002,C01295,P0047,3,2025-01-01 02:00:00
O000003,C01131,P0099,4,2025-01-01 04:00:00
O000004,C01096,P0006,1,2025-01-01 06:00:00
O000005,C01639,P0060,2,2025-01-01 08:00:00
O000006,C02170,P0045,4,2025-01-01 10:00:00
O000007,C00467,P0044,1,2025-01-01 12:00:00
O000008,C01239,P0083,2,2025-01-01 14:00:00
O000009,C00331,P0018,3,2025-01-01 16:00:00
O000010,C01483,P0065,3,2025-01-01 18:00:00
O000011,C02136,P0025,5,2025-01-01 20:00:00
O000012,C02920,P0027,3,2025-01-01 22:00:00
O000013,C00131,P0007,5,2025-01-02 00:00:00
O000014,C01686,P0044,3,2025-01-02 02:00:00
O000015,C00770,P0029,3,2025-01-02 04:00:00
O000016,C02392,P0095,3,2025-01-02 06:00:00
O000017,C01516,P0044,5,2025-01-02 08:00:00
O000018,C02854,P0036,5,2025-01-02 10:00:00
O000019,C02434,P0019,4,2025-01-02 12:00:00
O000020,C01216,P0006,1,2025-01-02 14:00:00
O000021,C00956,P0025,1,2025-01-02 16:00:00
O000022,C02325,P0031,1,2025-01-02 18:00:00
O000023,C01185,P0009,3,2025-01-02 20:00:00
O000024,C00460,P0084,1,2025-01-02 22:00:00
O000025,C00022,P0074,5,2025-01-03 00:00:00
O000026,C02301,P0037,4,2025-01-03 02:00:00
O000027,C00748,P0027,2,2025-01-03 04:00:00
O000028,C02905,P0013,4,2025-01-03 06:00:00
O000029,C00475,P0041,1,2025-01-03 08:00:00
O000030,C01083,P0066,1,2025-01-03 10:00:00
O000031,C02559,P0085,5,2025-01-03 12:00:00
O000032,C02048,P0097,4,2025-01-03 14:00:00
O000033,C02748,P0024,5,2025-01-03 16:00:00
O000034,C00976,P0044,5,2025-01-03 18:00:00
O000035,C01807,P0098,2,2025-01-03 20:00:00
O000036,C00190,P0060,5,2025-01-03 22:00:00
O000037,C02735,P0009,5,2025-01-04 00:00:00
O000038,C00563,P0002,2,2025-01-04 02:00:00
O000039,C01900,P0056,3,2025-01-04 04:00:00
O000040,C01268,P0030,3,2025-01-04 06:00:00
O000041,C02880,P0022,2,2025-01-04 08:00:00
O000042,C01529,P0075,5,2025-01-04 10:00:00
O000043,C00647,P0081,1,2025-01-04 12:00:00
O000044,C02069,P0100,4,2025-01-04 14:00:00
O000045,C02889,P0013,1,2025-01-04 16:00:00
O000046,C02215,P0071,1,2025-01-04 18:00:00
O000047,C01298,P0016,5,2025-01-04 20:00:00
O000048,C02436,P0097,4,2025-01-04 22:00:00
O000049,C00601,P0045,4,2025-01-05 00:00:00
O000050,C02364,P0065,3,2025-01-05 02:00:00
O000051,C02062,P0011,2,2025-01-05 04:00:00
O000052,C00242,P0070,5,2025-01-05 06:00:00
O000053,C02042,P0020,4,2025-01-05 08:00:00
O000054,C02825,P0099,5,2025-01-05 10:00:00
O000055,C02613,P0063,3,2025-01-05 12:00:00
O000056,C02946,P0090,1,2025-01-05 14:00:00
O000057,C01364,P0012,4,2025-01-05 16:00:00
O000058,C02140,P0062,3,2025-01-05 18:00:00
O000059,C01391,P0094,5,2025-01-05 20:00:00
O000060,C01479,P0092,3,2025-01-05 22:00:00
O000061,C02557,P0091,3,2025-01-06 00:00:00
O000062,C00776,P0042,3,2025-01-06 02:00:00
O000063,C00035,P0083,3,2025-01-06 04:00:00
O000064,C02254,P0069,3,2025-01-06 06:00:00
O000065,C01956,P0058,3,2025-01-06 08:00:00
O000066,C01586,P0005,2,2025-01-06 10:00:00
O000067,C01022,P0027,5,2025-01-06 12:00:00
O000068,C02614,P0028,1,2025-01-06 14:00:00
O000069,C01130,P0026,5,2025-01-06 16:00:00
O000070,C01501,P0091,4,2025-01-06 18:00:00
O000071,C00703,P0049,4,2025-01-06 20:00:00
O000072,C02450,P0021,5,2025-01-06 22:00:00
O000073,C02778,P0001,3,2025-01-07 00:00:00
O000074,C01580,P0092,2,2025-01-07 02:00:00
O000075,C00162,P0058,1,2025-01-07 04:00:00
O000076,C00202,P0079,3,2025-01-07 06:00:00
O000077,C01982,P0055,5,2025-01-07 08:00:00
O000078,C00996,P0081,5,2025-01-07 10:00:00
O000079,C02318,P0026,2,2025-01-07 12:00:00
O000080,C00816,P0084,2,2025-01-07 14:00:00
O000081,C00456,P0025,5,2025-01-07 16:00:00
O000082,C01276,P0077,3,2025-01-07 18:00:00
O000083,C01017,P0033,3,2025-01-07 20:00:00
O000084,C02344,P0089,3,2025-01-07 22:00:00
O000085,C02768,P0072,1,2025-01-08 00:00:00
O000086,C00338,P0069,1,2025-01-08 02:00:00
O000087,C00879,P0006,3,2025-01-08 04:00:00
O000088,C01077,P0023,5,2025-01-08 06:00:00
O000089,C00792,P0030,2,2025-01-08 08:00:00
O000090,C02265,P0078,4,2025-01-08 10:00:00
O000091,C00764,P0054,2,2025-01-08 12:00:00
O000092,C02236,P0087,2,2025-01-08 14:00:00
O000093,C00380,P0011,4,2025-01-08 16:00:00
O000094,C00493,P0031,3,2025-01-08 18:00:00
O000095,C01181,P0006,2,2025-01-08 20:00:00
O000096,C02063,P0011,4,2025-01-08 22:00:00
O000097,C00065,P0077,5,2025-01-09 00:00:00
O000098,C02569,P0012,5,2025-01-09 02:00:00
O000099,C01368,P0066,5,2025-01-09 04:00:00
O000100,C01153,P0053,3,2025-01-09 06:00:00
O000101,C02028,P0099,2,2025-01-09 08:00:00
O000102,C02696,P0036,2,2025-01-09 10:00:00
O000103,C01496,P0017,1,2025-01-09 12:00:00
O000104,C01163,P0028,5,2025-01-09 14:00:00
O000105,C01523,P0092,3,2025-01-09 16:00:00
O000106,C02641,P0022,4,2025-01-09 18:00:00
O000107,C00392,P0007,3,2025-01-09 20:00:00
O000108,C01699,P0015,2,2025-01-09 22:00:00
O000109,C00419,P0096,5,2025-01-10 00:00:00
O000110,C02337,P0011,1,2025-01-10 02:00:00
O000111,C00379,P0024,3,2025-01-10 04:00:00
O000112,C01797,P0067,1,2025-01-10 06:00:00
O000113,C02279,P0030,2,2025-01-10 08:00:00
O000114,C02089,P0070,4,2025-01-10 10:00:00
O000115,C02183,P0066,3,2025-01-10 12:00:00
O000116,C00201,P0061,2,2025-01-10 14:00:00
O000117,C01864,P0078,5,2025-01-10 16:00:00
O000118,C00780,P0041,3,2025-01-10 18:00:00
O000119,C02978,P0082,1,2025-01-10 20:00:00
O000120,C00503,P0051,3,2025-01-10 22:00:00
O000121,C02455,P0044,2,2025-01-11 00:00:00
O000122,C01752,P0095,2,2025-01-11 02:00:00
O000123,C00805,P0013,1,2025-01-11 04:00:00
O000124,C02147,P0090,2,2025-01-11 06:00:00
O000125,C02732,P0012,3,2025-01-11 08:00:00
O000126,C01896,P0082,1,2025-01-11 10:00:00
O000127,C02774,P0009,2,2025-01-11 12:00:00
O000128,C01571,P0085,2,2025-01-11 14:00:00
O000129,C00961,P0048,3,2025-01-11 16:00:00
O000130,C02661,P0049,2,2025-01-11 18:00:00
O000131,C01486,P0053,3,2025-01-11 20:00:00
O000132,C02691,P0056,5,2025-01-11 22:00:00
O000133,C01029,P0040,3,2025-01-12 00:00:00
O000134,C00503,P0024,4,2025-01-12 02:00:00
O000135,C02815,P0098,2,2025-01-12 04:00:00
O000136,C00398,P0072,5,2025-01-12 06:00:00
O000137,C00871,P0033,1,2025-01-12 08:00:00
O000138,C02843,P0023,4,2025-01-12 10:00:00
O000139,C00393,P0077,1,2025-01-12 12:00:00
O000140,C00207,P0054,4,2025-01-12 14:00:00
O000141,C01039,P0053,5,2025-01-12 16:00:00
O000142,C01882,P0049,5,2025-01-12 18:00:00
O000143,C02940,P0078,5,2025-01-12 20:00:00
O000144,C01485,P0078,4,2025-01-12 22:00:00
O000145,C00864,P0080,3,2025-01-13 00:00:00
O000146,C02791,P0049,1,2025-01-13 02:00:00
O000147,C00564,P0060,3,2025-01-13 04:00:00
O000148,C01021,P0090,3,2025-01-13 06:00:00
O000149,C00096,P0090,2,2025-01-13 08:00:00
O000150,C01924,P0065,1,2025-01-13 10:00:00
O000151,C01758,P0032,4,2025-01-13 12:00:00
O000152,C02533,P0079,2,2025-01-13 14:00:00
O000153,C02279,P0021,2,2025-01-13 16:00:00
O000154,C02797,P0018,5,2025-01-13 18:00:00
O000155,C01679,P0094,4,2025-01-13 20:00:00
O000156,C00541,P0060,3,2025-01-13 22:00:00
O000157,C01060,P0013,3,2025-01-14 00:00:00
O000158,C02573,P0024,3,2025-01-14 02:00:00
O000159,C01184,P0030,5,2025-01-14 04:00:00
O000160,C01723,P0002,3,2025-01-14 06:00:00
O000161,C01820,P0083,1,2025-01-14 08:00:00
O000162,C02626,P0025,3,2025-01-14 10:00:00
O000163,C02730,P0050,3,2025-01-14 12:00:00
O000164,C02605,P0014,1,2025-01-14 14:00:00
O000165,C01598,P0006,5,2025-01-14 16:00:00
O000166,C02694,P0076,2,2025-01-14 18:00:00
O000167,C00796,P0084,4,2025-01-14 20:00:00
O000168,C01052,P0087,5,2025-01-14 22:00:00
O000169,C01644,P0030,3,2025-01-15 00:00:00
O000170,C01364,P0030,2,2025-01-15 02:00:00
O000171,C01982,P0038,4,2025-01-15 04:00:00
O000172,C01355,P0058,4,2025-01-15 06:00:00
O000173,C01664,P0094,4,2025-01-15 08:00:00
O000174,C01530,P0041,1,2025-01-15 10:00:00
O000175,C02039,P0094,1,2025-01-15 12:00:00
O000176,C01497,P0057,2,2025-01-15 14:00:00
O000177,C02238,P0036,3,2025-01-15 16:00:00
O000178,C01409,P0064,2,2025-01-15 18:00:00
O000179,C01401,P0098,3,2025-01-15 20:00:00
O000180,C01307,P0016,5,2025-01-15 22:00:00
O000181,C02681,P0088,4,2025-01-16 00:00:00
O000182,C02676,P0078,4,2025-01-16 02:00:00
O000183,C00973,P0090,1,2025-01-16 04:00:00
O000184,C01769,P0072,5,2025-01-16 06:00:00
O000185,C01283,P0014,5,2025-01-16 08:00:00
O000186,C00710,P0031,3,2025-01-16 10:00:00
O000187,C01480,P0066,5,2025-01-16 12:00:00
O000188,C01435,P0068,1,2025-01-16 14:00:00
O000189,C00649,P0065,3,2025-01-16 16:00:00
O000190,C00318,P0055,2,2025-01-16 18:00:00
O000191,C01258,P0084,3,2025-01-16 20:00:00
O000192,C00684,P0078,2,2025-01-16 22:00:00
O000193,C00664,P0040,3,2025-01-17 00:00:00
O000194,C01999,P0025,4,2025-01-17 02:00:00
O000195,C01632,P0025,2,2025-01-17 04:00:00
O000196,C01496,P0003,1,2025-01-17 06:00:00
O000197,C01137,P0069,2,2025-01-17 08:00:00
O000198,C01854,P0026,2,2025-01-17 10:00:00
O000199,C01521,P0040,3,2025-01-17 12:00:00
O000200,C02490,P0038,4,2025-01-17 14:00:00
O000201,C00564,P0038,3,2025-01-17 16:00:00
O000202,C01292,P0068,3,2025-01-17 18:00:00
O000203,C01637,P0007,4,2025-01-17 20:00:00
O000204,C03000,P0094,3,2025-01-17 22:00:00
O000205,C00699,P0030,4,2025-01-18 00:00:00
O000206,C02161,P0019,1,2025-01-18 02:00:00
O000207,C00002,P0035,4,2025-01-18 04:00:00
O000208,C00642,P0033,5,2025-01-18 06:00:00
O000209,C02268,P0033,4,2025-01-18 08:00:00
O000210,C01590,P0078,4,2025-01-18 10:00:00
O000211,C00855,P0038,5,2025-01-18 12:00:00
O000212,C01760,P0010,4,2025-01-18 14:00:00
O000213,C02433,P0057,2,2025-01-18 16:00:00
O000214,C01662,P0028,3,2025-01-18 18:00:00
O000215,C01154,P0078,3,2025-01-18 20:00:00
O000216,C01077,P0100,1,2025-01-18 22:00:00
O000217,C01708,P0038,1,2025-01-19 00:00:00
O000218,C02778,P0016,5,2025-01-19 02:00:00
O000219,C01696,P0021,2,2025-01-19 04:00:00
O000220,C01734,P0092,1,2025-01-19 06:00:00
O000221,C01440,P0097,3,2025-01-19 08:00:00
O000222,C02295,P0006,1,2025-01-19 10:00:00
O000223,C00836,P0041,1,2025-01-19 12:00:00
O000224,C00203,P0015,4,2025-01-19 14:00:00
O000225,C00123,P0003,1,2025-01-19 16:00:00
O000226,C00401,P0043,5,2025-01-19 18:00:00
O000227,C00767,P0047,3,2025-01-19 20:00:00
O000228,C00294,P0099,5,2025-01-19 22:00:00
O000229,C02328,P0014,5,2025-01-20 00:00:00
O000230,C02932,P0066,2,2025-01-20 02:00:00
O000231,C00198,P0029,4,2025-01-20 04:00:00
O000232,C01931,P0004,5,2025-01-20 06:00:00
O000233,C02800,P0026,2,2025-01-20 08:00:00
O000234,C02192,P0012,3,2025-01-20 10:00:00
O000235,C00609,P0002,3,2025-01-20 12:00:00
O000236,C01148,P0017,2,2025-01-20 14:00:00
O000237,C00187,P0035,5,2025-01-20 16:00:00
O000238,C02512,P0010,5,2025-01-20 18:00:00
O000239,C01795,P0086,4,2025-01-20 20:00:00
O000240,C00660,P0043,4,2025-01-20 22:00:00
O000241,C02812,P0021,3,2025-01-21 00:00:00
O000242,C01956,P0015,4,2025-01-21 02:00:00
O000243,C02451,P0035,2,2025-01-21 04:00:00
O000244,C01370,P0085,3,2025-01-21 06:00:00
O000245,C01987,P0085,5,2025-01-21 08:00:00
O000246,C01535,P0085,3,2025-01-21 10:00:00
O000247,C00147,P0060,1,2025-01-21 12:00:00
O000248,C02912,P0044,3,2025-01-21 14:00:00
O000249,C01735,P0096,4,2025-01-21 16:00:00
O000250,C01844,P0005,2,2025-01-21 18:00:00
O000251,C00489,P0073,5,2025-01-21 20:00:00
O000252,C02977,P0018,5,2025-01-21 22:00:00
O000253,C01960,P0021,4,2025-01-22 00:00:00
O000254,C01664,P0072,4,2025-01-22 02:00:00
O000255,C02599,P0098,4,2025-01-22 04:00:00
O000256,C02386,P0074,1,2025-01-22 06:00:00
O000257,C02920,P0051,2,2025-01-22 08:00:00
O000258,C00641,P0041,1,2025-01-22 10:00:00
O000259,C01803,P0024,4,2025-01-22 12:00:00
O000260,C02521,P0024,2,2025-01-22 14:00:00
O000261,C01970,P0096,4,2025-01-22 16:00:00
O000262,C02199,P0097,2,2025-01-22 18:00:00
O000263,C01439,P0038,5,2025-01-22 20:00:00
O000264,C01635,P0044,1,2025-01-22 22:00:00
O000265,C00263,P0057,4,2025-01-23 00:00:00
O000266,C01788,P0059,4,2025-01-23 02:00:00
O000267,C02192,P0034,3,2025-01-23 04:00:00
O000268,C02394,P0075,5,2025-01-23 06:00:00
O000269,C00624,P0095,4,2025-01-23 08:00:00
O000270,C01017,P0082,1,2025-01-23 10:00:00
O000271,C00881,P0023,5,2025-01-23 12:00:00
O000272,C02050,P0086,4,2025-01-23 14:00:00
O000273,C02945,P0043,1,2025-01-23 16:00:00
O000274,C01328,P0082,3,2025-01-23 18:00:00
O000275,C02302,P0040,3,2025-01-23 20:00:00
O000276,C00453,P0047,1,2025-01-23 22:00:00
O000277,C01184,P0041,5,2025-01-24 00:00:00
O000278,C02057,P0047,1,2025-01-24 02:00:00
O000279,C01683,P0020,1,2025-01-24 04:00:00
O000280,C02864,P0077,3,2025-01-24 06:00:00
O000281,C02256,P0065,3,2025-01-24 08:00:00
O000282,C01155,P0068,3,2025-01-24 10:00:00
O000283,C00404,P0024,4,2025-01-24 12:00:00
O000284,C02200,P0100,4,2025-01-24 14:00:00
O000285,C02102,P0036,2,2025-01-24 16:00:00
O000286,C01697,P0045,4,2025-01-24 18:00:00
O000287,C00628,P0002,5,2025-01-24 20:00:00
O000288,C00587,P0028,5,2025-01-24 22:00:00
O000289,C01649,P0026,3,2025-01-25 00:00:00
O000290,C01444,P0023,1,2025-01-25 02:00:00
O000291,C01446,P0079,3,2025-01-25 04:00:00
O000292,C00104,P0036,1,2025-01-25 06:00:00
O000293,C00254,P0091,3,2025-01-25 08:00:00
O000294,C02558,P0006,3,2025-01-25 10:00:00
O000295,C01497,P0035,5,2025-01-25 12:00:00
O000296,C00099,P0038,1,2025-01-25 14:00:00
O000297,C02201,P0035,2,2025-01-25 16:00:00
O000298,C01885,P0100,2,2025-01-25 18:00:00
O000299,C02962,P0074,3,2025-01-25 20:00:00
O000300,C01920,P0094,3,2025-01-25 22:00:00
O000301,C00878,P0053,5,2025-01-26 00:00:00
O000302,C00338,P0038,1,2025-01-26 02:00:00
O000303,C02870,P0093,3,2025-01-26 04:00:00
O000304,C00957,P0059,2,2025-01-26 06:00:00
O000305,C01705,P0043,1,2025-01-26 08:00:00
O000306,C00161,P0004,3,2025-01-26 10:00:00
O000307,C01604,P0005,1,2025-01-26 12:00:00
O000308,C02849,P0068,5,2025-01-26 14:00:00
O000309,C00398,P0100,2,2025-01-26 16:00:00
O000310,C01301,P0045,1,2025-01-26 18:00:00
O000311,C00816,P0080,2,2025-01-26 20:00:00
O000312,C01528,P0025,3,2025-01-26 22:00:00
O000313,C01920,P0078,4,2025-01-27 00:00:00
O000314,C01416,P0011,1,2025-01-27 02:00:00
O000315,C01159,P0029,2,2025-01-27 04:00:00
O000316,C01219,P0034,1,2025-01-27 06:00:00
O000317,C00401,P0086,3,2025-01-27 08:00:00
O000318,C00640,P0014,3,2025-01-27 10:00:00
O000319,C02736,P0024,2,2025-01-27 12:00:00
O000320,C00460,P0059,5,2025-01-27 14:00:00
O000321,C00955,P0039,1,2025-01-27 16:00:00
O000322,C00470,P0026,1,2025-01-27 18:00:00
O000323,C01046,P0043,3,2025-01-27 20:00:00
O000324,C02798,P0036,1,2025-01-27 22:00:00
O000325,C01694,P0039,2,2025-01-28 00:00:00
O000326,C02086,P0061,4,2025-01-28 02:00:00
O000327,C02278,P0016,3,2025-01-28 04:00:00
O000328,C00563,P0059,4,2025-01-28 06:00:00
O000329,C02486,P0096,1,2025-01-28 08:00:00
O000330,C01800,P0006,5,2025-01-28 10:00:00
O000331,C02075,P0098,2,2025-01-28 12:00:00
O000332,C00226,P0056,1,2025-01-28 14:00:00
O000333,C00798,P0008,2,2025-01-28 16:00:00
O000334,C02332,P0094,1,2025-01-28 18:00:00
O000335,C02927,P0027,1,2025-01-28 20:00:00
O000336,C00960,P0071,1,2025-01-28 22:00:00
O000337,C01505,P0027,3,2025-01-29 00:00:00
O000338,C00453,P0089,4,2025-01-29 02:00:00
O000339,C00816,P0046,5,2025-01-29 04:00:00
O000340,C00659,P0041,4,2025-01-29 06:00:00
O000341,C00547,P0079,4,2025-01-29 08:00:00
O000342,C01216,P0025,2,2025-01-29 10:00:00
O000343,C00017,P0086,3,2025-01-29 12:00:00
O000344,C01244,P0018,3,2025-01-29 14:00:00
O000345,C02206,P0012,1,2025-01-29 16:00:00
O000346,C02525,P0087,4,2025-01-29 18:00:00
O000347,C01070,P0051,5,2025-01-29 20:00:00
O000348,C02566,P0039,2,2025-01-29 22:00:00
O000349,C02147,P0089,3,2025-01-30 00:00:00
O000350,C01769,P0010,1,2025-01-30 02:00:00
O000351,C01061,P0094,5,2025-01-30 04:00:00
O000352,C02328,P0074,4,2025-01-30 06:00:00
O000353,C02545,P0098,5,2025-01-30 08:00:00
O000354,C00302,P0077,3,2025-01-30 10:00:00
O000355,C00181,P0054,2,2025-01-30 12:00:00
O000356,C00607,P0029,4,2025-01-30 14:00:00
O000357,C00700,P0041,2,2025-01-30 16:00:00
O000358,C00993,P0009,5,2025-01-30 18:00:00
O000359,C01140,P0063,5,2025-01-30 20:00:00
O000360,C00191,P0077,1,2025-01-30 22:00:00
O000361,C02301,P0037,4,2025-01-31 00:00:00
O000362,C00981,P0014,5,2025-01-31 02:00:00
O000363,C02976,P0073,3,2025-01-31 04:00:00
O000364,C02007,P0072,3,2025-01-31 06:00:00
O000365,C01185,P0039,2,2025-01-31 08:00:00
O000366,C00128,P0040,3,2025-01-31 10:00:00
O000367,C02066,P0054,5,2025-01-31 12:00:00
O000368,C01817,P0003,3,2025-01-31 14:00:00
O000369,C01759,P0055,4,2025-01-31 16:00:00
O000370,C02614,P0033,2,2025-01-31 18:00:00
O000371,C00570,P0096,4,2025-01-31 20:00:00
O000372,C01347,P0071,5,2025-01-31 22:00:00
O000373,C01896,P0019,5,2025-02-01 00:00:00
O000374,C02734,P0034,3,2025-02-01 02:00:00
O000375,C00626,P0078,1,2025-02-01 04:00:00
O000376,C02902,P0050,1,2025-02-01 06:00:00
O000377,C01687,P0047,5,2025-02-01 08:00:00
O000378,C00155,P0046,5,2025-02-01 10:00:00
O000379,C02538,P0056,2,2025-02-01 12:00:00
O000380,C01410,P0057,5,2025-02-01 14:00:00
O000381,C00785,P0083,5,2025-02-01 16:00:00
O000382,C00246,P0051,2,2025-02-01 18:00:00
O000383,C01501,P0054,4,2025-02-01 20:00:00
O000384,C01706,P0090,4,2025-02-01 22:00:00
O000385,C02807,P0081,2,2025-02-02 00:00:00
O000386,C00538,P0028,2,2025-02-02 02:00:00
O000387,C01891,P0019,4,2025-02-02 04:00:00
O000388,C01842,P0027,4,2025-02-02 06:00:00
O000389,C00921,P0048,4,2025-02-02 08:00:00
O000390,C02456,P0019,4,2025-02-02 10:00:00
O000391,C00525,P0097,3,2025-02-02 12:00:00
O000392,C02876,P0051,2,2025-02-02 14:00:00
O000393,C01530,P0007,1,2025-02-02 16:00:00
O000394,C02951,P0029,3,2025-02-02 18:00:00
O000395,C00036,P0043,1,2025-02-02 20:00:00
O000396,C00685,P0069,1,2025-02-02 22:00:00
O000397,C00020,P0094,5,2025-02-03 00:00:00
O000398,C02369,P0058,2,2025-02-03 02:00:00
O000399,C02560,P0008,3,2025-02-03 04:00:00
O000400,C00400,P0042,2,2025-02-03 06:00:00
O000401,C02702,P0076,4,2025-02-03 08:00:00
O000402,C00972,P0042,2,2025-02-03 10:00:00
O000403,C01907,P0013,1,2025-02-03 12:00:00
O000404,C02519,P0026,4,2025-02-03 14:00:00
O000405,C01167,P0018,2,2025-02-03 16:00:00
O000406,C01116,P0042,2,2025-02-03 18:00:00
O000407,C00834,P0051,1,2025-02-03 20:00:00
O000408,C01824,P0084,4,2025-02-03 22:00:00
O000409,C02775,P0016,1,2025-02-04 00:00:00
O000410,C01983,P0003,2,2025-02-04 02:00:00
O000411,C00854,P0091,3,2025-02-04 04:00:00
O000412,C00051,P0079,3,2025-02-04 06:00:00
O000413,C00575,P0098,5,2025-02-04 08:00:00
O000414,C01149,P0045,3,2025-02-04 10:00:00
O000415,C02198,P0022,4,2025-02-04 12:00:00
O000416,C02362,P0023,5,2025-02-04 14:00:00
O000417,C02618,P0059,4,2025-02-04 16:00:00
O000418,C02353,P0062,3,2025-02-04 18:00:00
O000419,C01716,P0068,3,2025-02-04 20:00:00
O000420,C00682,P0054,2,2025-02-04 22:00:00
O000421,C00838,P0057,4,2025-02-05 00:00:00
O000422,C01078,P0023,1,2025-02-05 02:00:00
O000423,C02492,P0060,2,2025-02-05 04:00:00
O000424,C02661,P0073,4,2025-02-05 06:00:00
O000425,C02312,P0088,5,2025-02-05 08:00:00
O000426,C01596,P0085,4,2025-02-05 10:00:00
O000427,C00005,P0055,5,2025-02-05 12:00:00
O000428,C01127,P0080,5,2025-02-05 14:00:00
O000429,C01220,P0063,3,2025-02-05 16:00:00
O000430,C00774,P0056,1,2025-02-05 18:00:00
O000431,C00877,P0055,4,2025-02-05 20:00:00
O000432,C00992,P0025,1,2025-02-05 22:00:00
O000433,C02932,P0026,5,2025-02-06 00:00:00
O000434,C00047,P0049,3,2025-02-06 02:00:00
O000435,C02915,P0063,1,2025-02-06 04:00:00
O000436,C02871,P0045,2,2025-02-06 06:00:00
O000437,C02984,P0073,5,2025-02-06 08:00:00
O000438,C02704,P0079,2,2025-02-06 10:00:00
O000439,C00269,P0039,1,2025-02-06 12:00:00
O000440,C00370,P0097,1,2025-02-06 14:00:00
O000441,C00636,P0065,1,2025-02-06 16:00:00
O000442,C01130,P0069,4,2025-02-06 18:00:00
O000443,C01694,P0056,5,2025-02-06 20:00:00
O000444,C01683,P0009,5,2025-02-06 22:00:00
O000445,C00657,P0070,5,2025-02-07 00:00:00
O000446,C00120,P0028,4,2025-02-07 02:00:00
O000447,C00831,P0045,1,2025-02-07 04:00:00
O000448,C01811,P0026,1,2025-02-07 06:00:00
O000449,C01082,P0028,2,2025-02-07 08:00:00
O000450,C01975,P0040,4,2025-02-07 10:00:00
O000451,C01370,P0015,3,2025-02-07 12:00:00
O000452,C00741,P0006,4,2025-02-07 14:00:00
O000453,C00117,P0027,2,2025-02-07 16:00:00
O000454,C01854,P0038,2,2025-02-07 18:00:00
O000455,C02839,P0068,2,2025-02-07 20:00:00
O000456,C01151,P0075,1,2025-02-07 22:00:00
O000457,C01932,P0085,3,2025-02-08 00:00:00
O000458,C01013,P0064,2,2025-02-08 02:00:00
O000459,C01665,P0030,5,2025-02-08 04:00:00
O000460,C01082,P0082,1,2025-02-08 06:00:00
O000461,C00634,P0099,3,2025-02-08 08:00:00
O000462,C00513,P0003,5,2025-02-08 10:00:00
O000463,C02850,P0062,3,2025-02-08 12:00:00
O000464,C01120,P0012,3,2025-02-08 14:00:00
O000465,C01142,P0091,5,2025-02-08 16:00:00
O000466,C00560,P0030,4,2025-02-08 18:00:00
O000467,C00488,P0085,3,2025-02-08 20:00:00
O000468,C00897,P0038,4,2025-02-08 22:00:00
O000469,C01213,P0085,3,2025-02-09 00:00:00
O000470,C00704,P0060,5,2025-02-09 02:00:00
O000471,C01471,P0038,3,2025-02-09 04:00:00
O000472,C00581,P0015,2,2025-02-09 06:00:00
O000473,C02838,P0018,2,2025-02-09 08:00:00
O000474,C02909,P0052,3,2025-02-09 10:00:00
O000475,C02295,P0029,5,2025-02-09 12:00:00
O000476,C00154,P0060,5,2025-02-09 14:00:00
O000477,C01680,P0021,1,2025-02-09 16:00:00
O000478,C00997,P0017,5,2025-02-09 18:00:00
O000479,C02745,P0018,4,2025-02-09 20:00:00
O000480,C01244,P0057,3,2025-02-09 22:00:00
O000481,C01093,P0037,2,2025-02-10 00:00:00
O000482,C01009,P0060,5,2025-02-10 02:00:00
O000483,C02142,P0038,2,2025-02-10 04:00:00
O000484,C01774,P0012,1,2025-02-10 06:00:00
O000485,C00958,P0075,3,2025-02-10 08:00:00
O000486,C00453,P0084,5,2025-02-10 10:00:00
O000487,C01228,P0073,2,2025-02-10 12:00:00
O000488,C02960,P0001,5,2025-02-10 14:00:00
O000489,C02266,P0058,1,2025-02-10 16:00:00
O000490,C02522,P0003,2,2025-02-10 18:00:00
O000491,C02480,P0063,2,2025-02-10 20:00:00
O000492,C02389,P0021,3,2025-02-10 22:00:00
O000493,C00551,P0023,3,2025-02-11 00:00:00
O000494,C01636,P0009,2,2025-02-11 02:00:00
O000495,C01313,P0083,3,2025-02-11 04:00:00
O000496,C01758,P0055,2,2025-02-11 06:00:00
O000497,C00357,P0019,4,2025-02-11 08:00:00
O000498,C02071,P0062,5,2025-02-11 10:00:00
O000499,C01786,P0087,4,2025-02-11 12:00:00
O000500,C02570,P0091,4,2025-02-11 14:00:00
O000501,C01782,P0091,5,2025-02-11 16:00:00
O000502,C02850,P0039,2,2025-02-11 18:00:00
O000503,C02810,P0100,2,2025-02-11 20:00:00
O000504,C02490,P0076,3,2025-02-11 22:00:00
O000505,C01632,P0027,1,2025-02-12 00:00:00
O000506,C02817,P0046,2,2025-02-12 02:00:00
O000507,C01016,P0034,5,2025-02-12 04:00:00
O000508,C01349,P0033,1,2025-02-12 06:00:00
O000509,C00516,P0092,5,2025-02-12 08:00:00
O000510,C02840,P0095,5,2025-02-12 10:00:00
O000511,C00336,P0096,5,2025-02-12 12:00:00
O000512,C01783,P0050,1,2025-02-12 14:00:00
O000513,C02306,P0020,4,2025-02-12 16:00:00
O000514,C00497,P0040,5,2025-02-12 18:00:00
O000515,C00896,P0099,3,2025-02-12 20:00:00
O000516,C02208,P0095,2,2025-02-12 22:00:00
O000517,C00852,P0058,2,2025-02-13 00:00:00
O000518,C01688,P0031,2,2025-02-13 02:00:00
O000519,C01932,P0038,1,2025-02-13 04:00:00
O000520,C02738,P0086,3,2025-02-13 06:00:00
O000521,C02428,P0045,3,2025-02-13 08:00:00
O000522,C01569,P0041,3,2025-02-13 10:00:00
O000523,C00957,P0009,3,2025-02-13 12:00:00
O000524,C02739,P0009,3,2025-02-13 14:00:00
O000525,C01637,P0063,4,2025-02-13 16:00:00
O000526,C01292,P0079,3,2025-02-13 18:00:00
O000527,C01441,P0077,3,2025-02-13 20:00:00
O000528,C01192,P0022,1,2025-02-13 22:00:00
O000529,C01067,P0016,1,2025-02-14 00:00:00
O000530,C00285,P0032,3,2025-02-14 02:00:00
O000531,C02445,P0066,4,2025-02-14 04:00:00
O000532,C00012,P0090,3,2025-02-14 06:00:00
O000533,C01631,P0014,3,2025-02-14 08:00:00
O000534,C02547,P0038,3,2025-02-14 10:00:00
O000535,C00754,P0098,5,2025-02-14 12:00:00
O000536,C02083,P0008,4,2025-02-14 14:00:00
O000537,C02775,P0100,2,2025-02-14 16:00:00
O000538,C02897,P0021,3,2025-02-14 18:00:00
O000539,C00090,P0056,2,2025-02-14 20:00:00
O000540,C00776,P0046,4,2025-02-14 22:00:00
O000541,C02653,P0043,3,2025-02-15 00:00:00
O000542,C01626,P0092,2,2025-02-15 02:00:00
O000543,C00418,P0046,2,2025-02-15 04:00:00
O000544,C00115,P0048,4,2025-02-15 06:00:00
O000545,C00617,P0070,3,2025-02-15 08:00:00
O000546,C00826,P0084,5,2025-02-15 10:00:00
O000547,C01650,P0031,4,2025-02-15 12:00:00
O000548,C01517,P0033,5,2025-02-15 14:00:00
O000549,C00413,P0044,3,2025-02-15 16:00:00
O000550,C00729,P0071,2,2025-02-15 18:00:00
O000551,C02809,P0008,4,2025-02-15 20:00:00
O000552,C00676,P0073,4,2025-02-15 22:00:00
O000553,C01893,P0002,4,2025-02-16 00:00:00
O000554,C02505,P0017,1,2025-02-16 02:00:00
O000555,C02968,P0052,3,2025-02-16 04:00:00
O000556,C02240,P0045,1,2025-02-16 06:00:00
O000557,C02787,P0037,4,2025-02-16 08:00:00
O000558,C01123,P0042,4,2025-02-16 10:00:00
O000559,C01572,P0044,5,2025-02-16 12:00:00
O000560,C00978,P0081,1,2025-02-16 14:00:00
O000561,C01009,P0038,2,2025-02-16 16:00:00
O000562,C02144,P0099,3,2025-02-16 18:00:00
O000563,C01688,P0094,2,2025-02-16 20:00:00
O000564,C02711,P0006,2,2025-02-16 22:00:00
O000565,C00037,P0068,3,2025-02-17 00:00:00
O000566,C01549,P0051,4,2025-02-17 02:00:00
O000567,C02327,P0035,5,2025-02-17 04:00:00
O000568,C02265,P0058,4,2025-02-17 06:00:00
O000569,C02915,P0057,4,2025-02-17 08:00:00
O000570,C00873,P0073,1,2025-02-17 10:00:00
O000571,C01822,P0006,2,2025-02-17 12:00:00
O000572,C01297,P0013,2,2025-02-17 14:00:00
O000573,C02110,P0059,2,2025-02-17 16:00:00
O000574,C00596,P0086,5,2025-02-17 18:00:00
O000575,C01904,P0092,5,2025-02-17 20:00:00
O000576,C00729,P0030,5,2025-02-17 22:00:00
O000577,C01366,P0100,3,2025-02-18 00:00:00
O000578,C00397,P0002,5,2025-02-18 02:00:00
O000579,C00699,P0058,1,2025-02-18 04:00:00
O000580,C02225,P0036,1,2025-02-18 06:00:00
O000581,C01636,P0072,4,2025-02-18 08:00:00
O000582,C00396,P0045,4,2025-02-18 10:00:00
O000583,C02493,P0009,4,2025-02-18 12:00:00
O000584,C00076,P0065,4,2025-02-18 14:00:00
O000585,C00265,P0077,1,2025-02-18 16:00:00
O000586,C02503,P0050,4,2025-02-18 18:00:00
O000587,C01820,P0079,1,2025-02-18 20:00:00
O000588,C00718,P0032,5,2025-02-18 22:00:00
O000589,C02783,P0098,5,2025-02-19 00:00:00
O000590,C00851,P0043,3,2025-02-19 02:00:00
O000591,C01391,P0095,4,2025-02-19 04:00:00
O000592,C00144,P0078,5,2025-02-19 06:00:00
O000593,C00885,P0054,5,2025-02-19 08:00:00
O000594,C00396,P0047,2,2025-02-19 10:00:00
O000595,C02996,P0014,2,2025-02-19 12:00:00
O000596,C02939,P0048,1,2025-02-19 14:00:00
O000597,C01493,P0055,3,2025-02-19 16:00:00
O000598,C01168,P0029,2,2025-02-19 18:00:00
O000599,C02617,P0047,3,2025-02-19 20:00:00
O000600,C01063,P0063,5,2025-02-19 22:00:00
O000601,C02157,P0019,1,2025-02-20 00:00:00
O000602,C01066,P0091,3,2025-02-20 02:00:00
O000603,C01210,P0009,2,2025-02-20 04:00:00
O000604,C02983,P0037,5,2025-02-20 06:00:00
O000605,C02446,P0092,4,2025-02-20 08:00:00
O000606,C00634,P0052,5,2025-02-20 10:00:00
O000607,C01157,P0057,2,2025-02-20 12:00:00
O000608,C01239,P0088,2,2025-02-20 14:00:00
O000609,C00733,P0028,4,2025-02-20 16:00:00
O000610,C00235,P0036,5,2025-02-20 18:00:00
O000611,C02706,P0064,3,2025-02-20 20:00:00
O000612,C00751,P0018,3,2025-02-20 22:00:00
O000613,C02636,P0089,5,2025-02-21 00:00:00
O000614,C00954,P0035,3,2025-02-21 02:00:00
O000615,C02540,P0068,5,2025-02-21 04:00:00
O000616,C02961,P0078,5,2025-02-21 06:00:00
O000617,C01543,P0039,2,2025-02-21 08:00:00
O000618,C01198,P0090,1,2025-02-21 10:00:00
O000619,C01677,P0008,2,2025-02-21 12:00:00
O000620,C01192,P0088,3,2025-02-21 14:00:00
O000621,C02218,P0080,1,2025-02-21 16:00:00
O000622,C01417,P0084,5,2025-02-21 18:00:00
O000623,C02994,P0015,3,2025-02-21 20:00:00
O000624,C02843,P0007,4,2025-02-21 22:00:00
O000625,C02682,P0017,3,2025-02-22 00:00:00
O000626,C01218,P0086,1,2025-02-22 02:00:00
O000627,C01541,P0086,1,2025-02-22 04:00:00
O000628,C02077,P0064,5,2025-02-22 06:00:00
O000629,C01446,P0012,4,2025-02-22 08:00:00
O000630,C02387,P0082,5,2025-02-22 10:00:00
O000631,C01520,P0056,4,2025-02-22 12:00:00
O000632,C01389,P0046,4,2025-02-22 14:00:00
O000633,C01857,P0047,5,2025-02-22 16:00:00
O000634,C01366,P0079,3,2025-02-22 18:00:00
O000635,C00500,P0016,2,2025-02-22 20:00:00
O000636,C01681,P0069,4,2025-02-22 22:00:00
O000637,C00511,P0002,1,2025-02-23 00:00:00
O000638,C00217,P0092,5,2025-02-23 02:00:00
O000639,C01325,P0054,3,2025-02-23 04:00:00
O000640,C01156,P0027,4,2025-02-23 06:00:00
O000641,C01828,P0031,3,2025-02-23 08:00:00
O000642,C01811,P0041,5,2025-02-23 10:00:00
O000643,C02493,P0036,1,2025-02-23 12:00:00
O000644,C02924,P0047,4,2025-02-23 14:00:00
O000645,C01206,P0043,4,2025-02-23 16:00:00
O000646,C02215,P0065,3,2025-02-23 18:00:00
O000647,C00091,P0050,5,2025-02-23 20:00:00
O000648,C00714,P0093,2,2025-02-23 22:00:00
O000649,C01882,P0001,4,2025-02-24 00:00:00
O000650,C00039,P0072,1,2025-02-24 02:00:00
O000651,C00173,P0057,4,2025-02-24 04:00:00
O000652,C00653,P0016,4,2025-02-24 06:00:00
O000653,C00754,P0028,2,2025-02-24 08:00:00
O000654,C01244,P0086,2,2025-02-24 10:00:00
O000655,C01082,P0082,5,2025-02-24 12:00:00
O000656,C01684,P0022,4,2025-02-24 14:00:00
O000657,C02524,P0041,4,2025-02-24 16:00:00
O000658,C00456,P0076,3,2025-02-24 18:00:00
O000659,C00829,P0019,3,2025-02-24 20:00:00
O000660,C00895,P0089,1,2025-02-24 22:00:00
O000661,C01385,P0050,1,2025-02-25 00:00:00
O000662,C01959,P0059,3,2025-02-25 02:00:00
O000663,C02435,P0069,1,2025-02-25 04:00:00
O000664,C01997,P0034,4,2025-02-25 06:00:00
O000665,C02396,P0039,2,2025-02-25 08:00:00
O000666,C00190,P0074,4,2025-02-25 10:00:00
O000667,C00505,P0007,3,2025-02-25 12:00:00
O000668,C01215,P0052,5,2025-02-25 14:00:00
O000669,C01532,P0060,5,2025-02-25 16:00:00
O000670,C00824,P0052,3,2025-02-25 18:00:00
O000671,C00929,P0079,4,2025-02-25 20:00:00
O000672,C00934,P0024,1,2025-02-25 22:00:00
O000673,C01141,P0026,1,2025-02-26 00:00:00
O000674,C00134,P0090,5,2025-02-26 02:00:00
O000675,C02106,P0090,3,2025-02-26 04:00:00
O000676,C00685,P0010,3,2025-02-26 06:00:00
O000677,C02720,P0017,2,2025-02-26 08:00:00
O000678,C02221,P0078,5,2025-02-26 10:00:00
O000679,C01853,P0002,3,2025-02-26 12:00:00
O000680,C00815,P0077,2,2025-02-26 14:00:00
O000681,C01173,P0027,1,2025-02-26 16:00:00
O000682,C00080,P0073,5,2025-02-26 18:00:00
O000683,C02934,P0071,5,2025-02-26 20:00:00
O000684,C00203,P0048,3,2025-02-26 22:00:00
O000685,C02812,P0074,3,2025-02-27 00:00:00
O000686,C01253,P0009,4,2025-02-27 02:00:00
O000687,C01700,P0086,1,2025-02-27 04:00:00
O000688,C01251,P0023,1,2025-02-27 06:00:00
O000689,C01683,P0071,2,2025-02-27 08:00:00
O000690,C01556,P0073,2,2025-02-27 10:00:00
O000691,C02095,P0027,4,2025-02-27 12:00:00
O000692,C01257,P0088,1,2025-02-27 14:00:00
O000693,C01550,P0093,2,2025-02-27 16:00:00
O000694,C01167,P0081,1,2025-02-27 18:00:00
O000695,C01397,P0084,1,2025-02-27 20:00:00
O000696,C02704,P0071,2,2025-02-27 22:00:00
O000697,C00471,P0043,3,2025-02-28 00:00:00
O000698,C01036,P0007,3,2025-02-28 02:00:00
O000699,C01354,P0092,2,2025-02-28 04:00:00
O000700,C02784,P0083,4,2025-02-28 06:00:00
O000701,C02832,P0063,5,2025-02-28 08:00:00
O000702,C00968,P0084,1,2025-02-28 10:00:00
O000703,C00358,P0044,5,2025-02-28 12:00:00
O000704,C00668,P0039,2,2025-02-28 14:00:00
O000705,C00373,P0040,1,2025-02-28 16:00:00
O000706,C01032,P0007,5,2025-02-28 18:00:00
O000707,C01146,P0070,3,2025-02-28 20:00:00
O000708,C01372,P0025,4,2025-02-28 22:00:00
O000709,C02724,P0059,5,2025-03-01 00:00:00
O000710,C00090,P0013,4,2025-03-01 02:00:00
O000711,C02746,P0086,3,2025-03-01 04:00:00
O000712,C00540,P0081,5,2025-03-01 06:00:00
O000713,C02780,P0086,2,2025-03-01 08:00:00
O000714,C00869,P0098,1,2025-03-01 10:00:00
O000715,C00041,P0062,3,2025-03-01 12:00:00
O000716,C00740,P0008,4,2025-03-01 14:00:00
O000717,C01947,P0045,4,2025-03-01 16:00:00
O000718,C02550,P0018,3,2025-03-01 18:00:00
O000719,C01225,P0088,2,2025-03-01 20:00:00
O000720,C00929,P0060,2,2025-03-01 22:00:00
O000721,C02037,P0060,4,2025-03-02 00:00:00
O000722,C02509,P0002,3,2025-03-02 02:00:00
O000723,C02780,P0066,3,2025-03-02 04:00:00
O000724,C02800,P0091,1,2025-03-02 06:00:00
O000725,C00925,P0014,4,2025-03-02 08:00:00
O000726,C02957,P0048,2,2025-03-02 10:00:00
O000727,C01582,P0056,5,2025-03-02 12:00:00
O000728,C00390,P0012,2,2025-03-02 14:00:00
O000729,C01618,P0096,2,2025-03-02 16:00:00
O000730,C02931,P0092,5,2025-03-02 18:00:00
O000731,C00256,P0055,4,2025-03-02 20:00:00
O000732,C00709,P0028,1,2025-03-02 22:00:00
O000733,C01839,P0089,2,2025-03-03 00:00:00
O000734,C01945,P0004,2,2025-03-03 02:00:00
O000735,C02498,P0090,4,2025-03-03 04:00:00
O000736,C00010,P0036,4,2025-03-03 06:00:00
O000737,C02872,P0050,3,2025-03-03 08:00:00
O000738,C00798,P0003,4,2025-03-03 10:00:00
O000739,C00877,P0001,4,2025-03-03 12:00:00
O000740,C01029,P0017,2,2025-03-03 14:00:00
O000741,C01016,P0071,1,2025-03-03 16:00:00
O000742,C01825,P0062,2,2025-03-03 18:00:00
O000743,C00374,P0048,4,2025-03-03 20:00:00
O000744,C02194,P0062,3,2025-03-03 22:00:00
O000745,C00224,P0069,1,2025-03-04 00:00:00
O000746,C01263,P0019,3,2025-03-04 02:00:00
O000747,C02225,P0034,5,2025-03-04 04:00:00
O000748,C01803,P0099,3,2025-03-04 06:00:00
O000749,C00853,P0049,3,2025-03-04 08:00:00
O000750,C00063,P0080,4,2025-03-04 10:00:00
O000751,C01241,P0047,4,2025-03-04 12:00:00
O000752,C02875,P0091,4,2025-03-04 14:00:00
O000753,C02843,P0050,4,2025-03-04 16:00:00
O000754,C00689,P0089,4,2025-03-04 18:00:00
O000755,C01485,P0026,3,2025-03-04 20:00:00
O000756,C01634,P0056,5,2025-03-04 22:00:00
O000757,C02153,P0078,4,2025-03-05 00:00:00
O000758,C00511,P0014,5,2025-03-05 02:00:00
O000759,C00385,P0078,5,2025-03-05 04:00:00
O000760,C00405,P0025,2,2025-03-05 06:00:00
O000761,C02871,P0100,2,2025-03-05 08:00:00
O000762,C00518,P0004,1,2025-03-05 10:00:00
O000763,C00476,P0079,2,2025-03-05 12:00:00
O000764,C02001,P0032,4,2025-03-05 14:00:00
O000765,C02757,P0082,5,2025-03-05 16:00:00
O000766,C01669,P0078,1,2025-03-05 18:00:00
O000767,C01894,P0065,2,2025-03-05 20:00:00
O000768,C02819,P0061,3,2025-03-05 22:00:00
O000769,C01461,P0020,1,2025-03-06 00:00:00
O000770,C02725,P0074,4,2025-03-06 02:00:00
O000771,C00714,P0010,5,2025-03-06 04:00:00
O000772,C00083,P0088,4,2025-03-06 06:00:00
O000773,C01169,P0034,4,2025-03-06 08:00:00
O000774,C02505,P0061,3,2025-03-06 10:00:00
O000775,C01902,P0092,3,2025-03-06 12:00:00
O000776,C02049,P0027,5,2025-03-06 14:00:00
O000777,C00051,P0040,2,2025-03-06 16:00:00
O000778,C00685,P0065,4,2025-03-06 18:00:00
O000779,C00717,P0033,2,2025-03-06 20:00:00
O000780,C01470,P0068,5,2025-03-06 22:00:00
O000781,C00449,P0071,4,2025-03-07 00:00:00
O000782,C00881,P0009,2,2025-03-07 02:00:00
O000783,C00488,P0016,4,2025-03-07 04:00:00
O000784,C01824,P0005,3,2025-03-07 06:00:00
O000785,C02082,P0098,3,2025-03-07 08:00:00
O000786,C02143,P0023,1,2025-03-07 10:00:00
O000787,C01575,P0043,5,2025-03-07 12:00:00
O000788,C02202,P0089,2,2025-03-07 14:00:00
O000789,C00250,P0057,4,2025-03-07 16:00:00
O000790,C00674,P0051,1,2025-03-07 18:00:00
O000791,C00438,P0013,5,2025-03-07 20:00:00
O000792,C02166,P0024,5,2025-03-07 22:00:00
O000793,C00771,P0011,5,2025-03-08 00:00:00
O000794,C00268,P0052,2,2025-03-08 02:00:00
O000795,C01985,P0017,3,2025-03-08 04:00:00
O000796,C01078,P0037,1,2025-03-08 06:00:00
O000797,C00236,P0013,2,2025-03-08 08:00:00
O000798,C00389,P0062,4,2025-03-08 10:00:00
O000799,C00763,P0091,2,2025-03-08 12:00:00
O000800,C01849,P0084,4,2025-03-08 14:00:00
O000801,C02449,P0097,4,2025-03-08 16:00:00
O000802,C00624,P0096,5,2025-03-08 18:00:00
O000803,C02815,P0008,2,2025-03-08 20:00:00
O000804,C02967,P0056,3,2025-03-08 22:00:00
O000805,C01253,P0093,4,2025-03-09 00:00:00
O000806,C02901,P0083,5,2025-03-09 02:00:00
O000807,C00578,P0070,3,2025-03-09 04:00:00
O000808,C02123,P0044,2,2025-03-09 06:00:00
O000809,C00435,P0060,3,2025-03-09 08:00:00
O000810,C02151,P0041,2,2025-03-09 10:00:00
O000811,C00764,P0021,4,2025-03-09 12:00:00
O000812,C02786,P0086,1,2025-03-09 14:00:00
O000813,C02854,P0042,1,2025-03-09 16:00:00
O000814,C01330,P0074,4,2025-03-09 18:00:00
O000815,C02146,P0074,3,2025-03-09 20:00:00
O000816,C02846,P0029,2,2025-03-09 22:00:00
O000817,C01359,P0080,1,2025-03-10 00:00:00
O000818,C02907,P0065,2,2025-03-10 02:00:00
O000819,C02483,P0017,4,2025-03-10 04:00:00
O000820,C00447,P0030,3,2025-03-10 06:00:00
O000821,C02018,P0026,2,2025-03-10 08:00:00
O000822,C01332,P0053,3,2025-03-10 10:00:00
O000823,C00249,P0019,1,2025-03-10 12:00:00
O000824,C00166,P0053,2,2025-03-10 14:00:00
O000825,C01359,P0085,5,2025-03-10 16:00:00
O000826,C01020,P0017,1,2025-03-10 18:00:00
O000827,C00542,P0046,3,2025-03-10 20:00:00
O000828,C00759,P0085,4,2025-03-10 22:00:00
O000829,C02129,P0053,5,2025-03-11 00:00:00
O000830,C02181,P0064,2,2025-03-11 02:00:00
O000831,C00797,P0045,1,2025-03-11 04:00:00
O000832,C02948,P0049,2,2025-03-11 06:00:00
O000833,C00138,P0019,2,2025-03-11 08:00:00
O000834,C02232,P0071,5,2025-03-11 10:00:00
O000835,C01354,P0081,5,2025-03-11 12:00:00
O000836,C02833,P0065,5,2025-03-11 14:00:00
O000837,C01876,P0037,5,2025-03-11 16:00:00
O000838,C00069,P0070,4,2025-03-11 18:00:00
O000839,C02594,P0026,3,2025-03-11 20:00:00
O000840,C02101,P0002,5,2025-03-11 22:00:00
O000841,C01474,P0059,1,2025-03-12 00:00:00
O000842,C00205,P0096,2,2025-03-12 02:00:00
O000843,C02174,P0005,5,2025-03-12 04:00:00
O000844,C00043,P0037,1,2025-03-12 06:00:00
O000845,C01907,P0031,4,2025-03-12 08:00:00
O000846,C02159,P0076,1,2025-03-12 10:00:00
O000847,C00761,P0099,1,2025-03-12 12:00:00
O000848,C02896,P0094,4,2025-03-12 14:00:00
O000849,C02143,P0048,4,2025-03-12 16:00:00
O000850,C01995,P0006,2,2025-03-12 18:00:00
O000851,C01936,P0015,5,2025-03-12 20:00:00
O000852,C00900,P0015,1,2025-03-12 22:00:00
O000853,C00360,P0061,3,2025-03-13 00:00:00
O000854,C02948,P0016,3,2025-03-13 02:00:00
O000855,C01720,P0020,2,2025-03-13 04:00:00
O000856,C00281,P0077,3,2025-03-13 06:00:00
O000857,C01888,P0044,2,2025-03-13 08:00:00
O000858,C00667,P0042,5,2025-03-13 10:00:00
O000859,C00093,P0046,2,2025-03-13 12:00:00
O000860,C00672,P0095,4,2025-03-13 14:00:00
O000861,C01970,P0034,4,2025-03-13 16:00:00
O000862,C00061,P0064,4,2025-03-13 18:00:00
O000863,C02682,P0029,4,2025-03-13 20:00:00
O000864,C01029,P0003,4,2025-03-13 22:00:00
O000865,C01490,P0009,4,2025-03-14 00:00:00
O000866,C00604,P0075,4,2025-03-14 02:00:00
O000867,C00682,P0075,4,2025-03-14 04:00:00
O000868,C02582,P0025,4,2025-03-14 06:00:00
O000869,C01429,P0086,5,2025-03-14 08:00:00
O000870,C02886,P0042,4,2025-03-14 10:00:00
O000871,C02693,P0046,2,2025-03-14 12:00:00
O000872,C02281,P0073,5,2025-03-14 14:00:00
O000873,C00524,P0084,3,2025-03-14 16:00:00
O000874,C02394,P0059,1,2025-03-14 18:00:00
O000875,C02594,P0021,5,2025-03-14 20:00:00
O000876,C01969,P0074,4,2025-03-14 22:00:00
O000877,C01102,P0022,5,2025-03-15 00:00:00
O000878,C01754,P0029,1,2025-03-15 02:00:00
O000879,C01837,P0063,1,2025-03-15 04:00:00
O000880,C02842,P0073,4,2025-03-15 06:00:00
O000881,C02297,P0061,4,2025-03-15 08:00:00
O000882,C02095,P0064,2,2025-03-15 10:00:00
O000883,C01145,P0069,1,2025-03-15 12:00:00
O000884,C02262,P0040,4,2025-03-15 14:00:00
O000885,C02287,P0075,1,2025-03-15 16:00:00
O000886,C01080,P0001,2,2025-03-15 18:00:00
O000887,C02398,P0065,3,2025-03-15 20:00:00
O000888,C00107,P0062,1,2025-03-15 22:00:00
O000889,C02879,P0054,2,2025-03-16 00:00:00
O000890,C00048,P0060,2,2025-03-16 02:00:00
O000891,C00337,P0046,2,2025-03-16 04:00:00
O000892,C01050,P0005,5,2025-03-16 06:00:00
O000893,C02852,P0022,4,2025-03-16 08:00:00
O000894,C01281,P0090,1,2025-03-16 10:00:00
O000895,C02056,P0053,5,2025-03-16 12:00:00
O000896,C00625,P0070,1,2025-03-16 14:00:00
O000897,C01891,P0032,5,2025-03-16 16:00:00
O000898,C01277,P0011,4,2025-03-16 18:00:00
O000899,C01716,P0010,2,2025-03-16 20:00:00
O000900,C02767,P0039,1,2025-03-16 22:00:00
O000901,C00303,P0098,2,2025-03-17 00:00:00
O000902,C00639,P0031,4,2025-03-17 02:00:00
O000903,C00056,P0012,1,2025-03-17 04:00:00
O000904,C00726,P0080,3,2025-03-17 06:00:00
O000905,C00526,P0038,3,2025-03-17 08:00:00
O000906,C00474,P0067,3,2025-03-17 10:00:00
O000907,C00028,P0066,4,2025-03-17 12:00:00
O000908,C02126,P0052,3,2025-03-17 14:00:00
O000909,C00365,P0005,1,2025-03-17 16:00:00
O000910,C02714,P0011,3,2025-03-17 18:00:00
O000911,C00526,P0025,1,2025-03-17 20:00:00
O000912,C02747,P0035,4,2025-03-17 22:00:00
O000913,C01336,P0035,2,2025-03-18 00:00:00
O000914,C00883,P0022,5,2025-03-18 02:00:00
O000915,C01031,P0037,3,2025-03-18 04:00:00
O000916,C01027,P0086,5,2025-03-18 06:00:00
O000917,C01647,P0055,2,2025-03-18 08:00:00
O000918,C00919,P0075,4,2025-03-18 10:00:00
O000919,C02798,P0096,4,2025-03-18 12:00:00
O000920,C02411,P0099,2,2025-03-18 14:00:00
O000921,C01775,P0095,5,2025-03-18 16:00:00
O000922,C01532,P0072,3,2025-03-18 18:00:00
O000923,C02854,P0064,1,2025-03-18 20:00:00
O000924,C02787,P0020,4,2025-03-18 22:00:00
O000925,C01907,P0098,2,2025-03-19 00:00:00
O000926,C01216,P0004,5,2025-03-19 02:00:00
O000927,C01655,P0018,3,2025-03-19 04:00:00
O000928,C00485,P0051,5,2025-03-19 06:00:00
O000929,C02076,P0068,3,2025-03-19 08:00:00
O000930,C00714,P0020,1,2025-03-19 10:00:00
O000931,C01063,P0009,1,2025-03-19 12:00:00
O000932,C01977,P0080,2,2025-03-19 14:00:00
O000933,C01297,P0026,2,2025-03-19 16:00:00
O000934,C01255,P0025,3,2025-03-19 18:00:00
O000935,C02134,P0068,3,2025-03-19 20:00:00
O000936,C00126,P0041,3,2025-03-19 22:00:00
O000937,C02860,P0059,3,2025-03-20 00:00:00
O000938,C00537,P0045,1,2025-03-20 02:00:00
O000939,C02193,P0041,2,2025-03-20 04:00:00
O000940,C02073,P0038,2,2025-03-20 06:00:00
O000941,C01604,P0019,4,2025-03-20 08:00:00
O000942,C00067,P0014,2,2025-03-20 10:00:00
O000943,C00233,P0021,2,2025-03-20 12:00:00
O000944,C02157,P0015,5,2025-03-20 14:00:00
O000945,C01170,P0003,5,2025-03-20 16:00:00
O000946,C02159,P0037,4,2025-03-20 18:00:00
O000947,C02276,P0046,3,2025-03-20 20:00:00
O000948,C00111,P0016,4,2025-03-20 22:00:00
O000949,C01494,P0014,4,2025-03-21 00:00:00
O000950,C02082,P0009,1,2025-03-21 02:00:00
O000951,C00623,P0007,2,2025-03-21 04:00:00
O000952,C02796,P0014,1,2025-03-21 06:00:00
O000953,C02643,P0006,2,2025-03-21 08:00:00
O000954,C02473,P0085,4,2025-03-21 10:00:00
O000955,C02661,P0015,2,2025-03-21 12:00:00
O000956,C01542,P0052,3,2025-03-21 14:00:00
O000957,C02740,P0072,3,2025-03-21 16:00:00
O000958,C01306,P0034,4,2025-03-21 18:00:00
O000959,C01762,P0001,5,2025-03-21 20:00:00
O000960,C01976,P0096,3,2025-03-21 22:00:00
O000961,C02363,P0069,4,2025-03-22 00:00:00
O000962,C00877,P0094,1,2025-03-22 02:00:00
O000963,C01990,P0086,5,2025-03-22 04:00:00
O000964,C01313,P0020,3,2025-03-22 06:00:00
O000965,C01461,P0080,4,2025-03-22 08:00:00
O000966,C02710,P0007,4,2025-03-22 10:00:00
O000967,C02325,P0007,1,2025-03-22 12:00:00
O000968,C01734,P0050,1,2025-03-22 14:00:00
O000969,C01606,P0002,5,2025-03-22 16:00:00
O000970,C01527,P0047,3,2025-03-22 18:00:00
O000971,C02672,P0014,4,2025-03-22 20:00:00
O000972,C02564,P0031,5,2025-03-22 22:00:00
O000973,C02891,P0050,5,2025-03-23 00:00:00
O000974,C02398,P0061,1,2025-03-23 02:00:00
O000975,C01631,P0041,4,2025-03-23 04:00:00
O000976,C02871,P0014,2,2025-03-23 06:00:00
O000977,C01161,P0005,1,2025-03-23 08:00:00
O000978,C00759,P0075,4,2025-03-23 10:00:00
O000979,C02947,P0005,5,2025-03-23 12:00:00
O000980,C00243,P0064,5,2025-03-23 14:00:00
O000981,C02591,P0029,3,2025-03-23 16:00:00
O000982,C01064,P0075,2,2025-03-23 18:00:00
O000983,C00229,P0005,1,2025-03-23 20:00:00
O000984,C02596,P0096,3,2025-03-23 22:00:00
O000985,C00920,P0036,3,2025-03-24 00:00:00
O000986,C01247,P0079,2,2025-03-24 02:00:00
O000987,C00006,P0019,1,2025-03-24 04:00:00
O000988,C00468,P0064,1,2025-03-24 06:00:00
O000989,C01756,P0022,5,2025-03-24 08:00:00
O000990,C00075,P0034,1,2025-03-24 10:00:00
O000991,C00004,P0056,3,2025-03-24 12:00:00
O000992,C01871,P0017,5,2025-03-24 14:00:00
O000993,C00646,P0076,1,2025-03-24 16:00:00
O000994,C00118,P0089,2,2025-03-24 18:00:00
O000995,C02929,P0056,3,2025-03-24 20:00:00
O000996,C01630,P0017,4,2025-03-24 22:00:00
O000997,C02552,P0074,2,2025-03-25 00:00:00
O000998,C02022,P0092,2,2025-03-25 02:00:00
O000999,C00947,P0082,1,2025-03-25 04:00:00
O001000,C02622,P0018,5,2025-03-25 06:00:00
O001001,C01465,P0045,5,2025-03-25 08:00:00
O001002,C00194,P0096,3,2025-03-25 10:00:00
O001003,C00847,P0078,1,2025-03-25 12:00:00
O001004,C02763,P0056,5,2025-03-25 14:00:00
O001005,C01416,P0080,4,2025-03-25 16:00:00
O001006,C01459,P0050,1,2025-03-25 18:00:00
O001007,C02221,P0058,1,2025-03-25 20:00:00
O001008,C01669,P0018,5,2025-03-25 22:00:00
O001009,C02374,P0080,2,2025-03-26 00:00:00
O001010,C01434,P0081,1,2025-03-26 02:00:00
O001011,C01142,P0007,2,2025-03-26 04:00:00
O001012,C02884,P0076,3,2025-03-26 06:00:00
O001013,C01811,P0098,3,2025-03-26 08:00:00
O001014,C00724,P0010,5,2025-03-26 10:00:00
O001015,C00225,P0069,3,2025-03-26 12:00:00
O001016,C00532,P0085,5,2025-03-26 14:00:00
O001017,C00113,P0003,5,2025-03-26 16:00:00
O001018,C02188,P0083,2,2025-03-26 18:00:00
O001019,C00559,P0044,2,2025-03-26 20:00:00
O001020,C02049,P0099,3,2025-03-26 22:00:00
O001021,C02138,P0070,2,2025-03-27 00:00:00
O001022,C00654,P0014,1,2025-03-27 02:00:00
O001023,C00320,P0004,4,2025-03-27 04:00:00
O001024,C01574,P0018,1,2025-03-27 06:00:00
O001025,C01829,P0093,1,2025-03-27 08:00:00
O001026,C01918,P0099,5,2025-03-27 10:00:00
O001027,C00139,P0052,4,2025-03-27 12:00:00
O001028,C02893,P0038,5,2025-03-27 14:00:00
O001029,C02027,P0080,2,2025-03-27 16:00:00
O001030,C02307,P0020,2,2025-03-27 18:00:00
O001031,C00902,P0088,4,2025-03-27 20:00:00
O001032,C00690,P0099,3,2025-03-27 22:00:00
O001033,C02040,P0044,2,2025-03-28 00:00:00
O001034,C00010,P0051,1,2025-03-28 02:00:00
O001035,C00261,P0019,4,2025-03-28 04:00:00
O001036,C01943,P0068,4,2025-03-28 06:00:00
O001037,C01674,P0097,2,2025-03-28 08:00:00
O001038,C02220,P0066,2,2025-03-28 10:00:00
O001039,C02946,P0013,5,2025-03-28 12:00:00
O001040,C02061,P0062,5,2025-03-28 14:00:00
O001041,C01192,P0061,1,2025-03-28 16:00:00
O001042,C01620,P0030,4,2025-03-28 18:00:00
O001043,C00321,P0098,3,2025-03-28 20:00:00
O001044,C01343,P0030,3,2025-03-28 22:00:00
O001045,C01637,P0051,4,2025-03-29 00:00:00
O001046,C02377,P0088,1,2025-03-29 02:00:00
O001047,C02833,P0048,5,2025-03-29 04:00:00
O001048,C02825,P0033,5,2025-03-29 06:00:00
O001049,C01995,P0074,5,2025-03-29 08:00:00
O001050,C02959,P0082,3,2025-03-29 10:00:00
O001051,C01944,P0019,3,2025-03-29 12:00:00
O001052,C02039,P0071,1,2025-03-29 14:00:00
O001053,C01119,P0057,3,2025-03-29 16:00:00
O001054,C01605,P0019,2,2025-03-29 18:00:00
O001055,C02366,P0088,3,2025-03-29 20:00:00
O001056,C00236,P0079,5,2025-03-29 22:00:00
O001057,C01970,P0041,1,2025-03-30 00:00:00
O001058,C00334,P0042,4,2025-03-30 02:00:00
O001059,C01909,P0087,4,2025-03-30 04:00:00
O001060,C00376,P0052,1,2025-03-30 06:00:00
O001061,C01161,P0004,2,2025-03-30 08:00:00
O001062,C02636,P0004,4,2025-03-30 10:00:00
O001063,C01571,P0005,5,2025-03-30 12:00:00
O001064,C02561,P0041,4,2025-03-30 14:00:00
O001065,C01320,P0087,4,2025-03-30 16:00:00
O001066,C02966,P0061,5,2025-03-30 18:00:00
O001067,C01856,P0075,3,2025-03-30 20:00:00
O001068,C01373,P0055,2,2025-03-30 22:00:00
O001069,C00873,P0075,5,2025-03-31 00:00:00
O001070,C01253,P0013,5,2025-03-31 02:00:00
O001071,C02318,P0014,1,2025-03-31 04:00:00
O001072,C01852,P0060,2,2025-03-31 06:00:00
O001073,C02846,P0072,3,2025-03-31 08:00:00
O001074,C01315,P0025,5,2025-03-31 10:00:00
O001075,C00725,P0082,3,2025-03-31 12:00:00
O001076,C02053,P0044,5,2025-03-31 14:00:00
O001077,C02899,P0082,5,2025-03-31 16:00:00
O001078,C00078,P0010,1,2025-03-31 18:00:00
O001079,C02622,P0071,4,2025-03-31 20:00:00
O001080,C00132,P0050,2,2025-03-31 22:00:00
O001081,C00601,P0044,1,2025-04-01 00:00:00
O001082,C01773,P0014,3,2025-04-01 02:00:00
O001083,C01066,P0015,5,2025-04-01 04:00:00
O001084,C02137,P0016,5,2025-04-01 06:00:00
O001085,C02450,P0002,2,2025-04-01 08:00:00
O001086,C02344,P0030,1,2025-04-01 10:00:00
O001087,C01864,P0030,1,2025-04-01 12:00:00
O001088,C01319,P0082,3,2025-04-01 14:00:00
O001089,C00616,P0031,1,2025-04-01 16:00:00
O001090,C02848,P0077,1,2025-04-01 18:00:00
O001091,C02470,P0020,4,2025-04-01 20:00:00
O001092,C01889,P0049,2,2025-04-01 22:00:00
O001093,C01047,P0035,1,2025-04-02 00:00:00
O001094,C00575,P0023,3,2025-04-02 02:00:00
O001095,C02191,P0097,5,2025-04-02 04:00:00
O001096,C00993,P0099,1,2025-04-02 06:00:00
O001097,C02713,P0100,1,2025-04-02 08:00:00
O001098,C02193,P0061,5,2025-04-02 10:00:00
O001099,C01249,P0084,4,2025-04-02 12:00:00
O001100,C00503,P0055,2,2025-04-02 14:00:00
O001101,C01998,P0067,4,2025-04-02 16:00:00
O001102,C00821,P0008,3,2025-04-02 18:00:00
O001103,C02152,P0040,1,2025-04-02 20:00:00
O001104,C01971,P0059,4,2025-04-02 22:00:00
O001105,C00198,P0032,2,2025-04-03 00:00:00
O001106,C01670,P0093,3,2025-04-03 02:00:00
O001107,C02627,P0007,4,2025-04-03 04:00:00
O001108,C02439,P0002,1,2025-04-03 06:00:00
O001109,C01203,P0085,2,2025-04-03 08:00:00
O001110,C02602,P0006,1,2025-04-03 10:00:00
O001111,C01472,P0092,1,2025-04-03 12:00:00
O001112,C01647,P0036,3,2025-04-03 14:00:00
O001113,C01693,P0032,2,2025-04-03 16:00:00
O001114,C01313,P0045,5,2025-04-03 18:00:00
O001115,C02036,P0042,1,2025-04-03 20:00:00
O001116,C00478,P0053,2,2025-04-03 22:00:00
O001117,C01255,P0009,1,2025-04-04 00:00:00
O001118,C00923,P0075,4,2025-04-04 02:00:00
O001119,C00420,P0087,4,2025-04-04 04:00:00
O001120,C02205,P0075,2,2025-04-04 06:00:00
O001121,C02598,P0049,3,2025-04-04 08:00:00
O001122,C01121,P0002,5,2025-04-04 10:00:00
O001123,C00951,P0067,4,2025-04-04 12:00:00
O001124,C02337,P0011,3,2025-04-04 14:00:00
O001125,C01278,P0050,5,2025-04-04 16:00:00
O001126,C02244,P0035,4,2025-04-04 18:00:00
O001127,C02646,P0015,5,2025-04-04 20:00:00
O001128,C01858,P0075,1,2025-04-04 22:00:00
O001129,C00517,P0031,2,2025-04-05 00:00:00
O001130,C01659,P0092,4,2025-04-05 02:00:00
O001131,C01866,P0062,4,2025-04-05 04:00:00
O001132,C02913,P0028,1,2025-04-05 06:00:00
O001133,C01142,P0096,4,2025-04-05 08:00:00
O001134,C02854,P0025,4,2025-04-05 10:00:00
O001135,C01933,P0084,4,2025-04-05 12:00:00
O001136,C00815,P0092,4,2025-04-05 14:00:00
O001137,C02276,P0025,4,2025-04-05 16:00:00
O001138,C01901,P0075,3,2025-04-05 18:00:00
O001139,C02264,P0083,4,2025-04-05 20:00:00
O001140,C02996,P0092,1,2025-04-05 22:00:00
O001141,C02063,P0001,4,2025-04-06 00:00:00
O001142,C02095,P0059,5,2025-04-06 02:00:00
O001143,C02372,P0069,5,2025-04-06 04:00:00
O001144,C02892,P0074,1,2025-04-06 06:00:00
O001145,C00130,P0042,3,2025-04-06 08:00:00
O001146,C00095,P0034,1,2025-04-06 10:00:00
O001147,C02675,P0100,3,2025-04-06 12:00:00
O001148,C02803,P0066,2,2025-04-06 14:00:00
O001149,C01956,P0018,5,2025-04-06 16:00:00
O001150,C00794,P0077,5,2025-04-06 18:00:00
O001151,C01835,P0005,5,2025-04-06 20:00:00
O001152,C02117,P0020,3,2025-04-06 22:00:00
O001153,C01684,P0066,1,2025-04-07 00:00:00
O001154,C00011,P0075,3,2025-04-07 02:00:00
O001155,C01866,P0062,5,2025-04-07 04:00:00
O001156,C02920,P0094,5,2025-04-07 06:00:00
O001157,C02598,P0096,5,2025-04-07 08:00:00
O001158,C00712,P0032,5,2025-04-07 10:00:00
O001159,C02071,P0058,2,2025-04-07 12:00:00
O001160,C00815,P0050,5,2025-04-07 14:00:00
O001161,C00346,P0038,3,2025-04-07 16:00:00
O001162,C02350,P0055,5,2025-04-07 18:00:00
O001163,C00363,P0028,4,2025-04-07 20:00:00
O001164,C02444,P0074,2,2025-04-07 22:00:00
O001165,C02266,P0086,5,2025-04-08 00:00:00
O001166,C02189,P0081,4,2025-04-08 02:00:00
O001167,C00985,P0022,3,2025-04-08 04:00:00
O001168,C01640,P0043,2,2025-04-08 06:00:00
O001169,C00828,P0083,5,2025-04-08 08:00:00
O001170,C02731,P0081,3,2025-04-08 10:00:00
O001171,C00356,P0088,4,2025-04-08 12:00:00
O001172,C01348,P0036,2,2025-04-08 14:00:00
O001173,C02936,P0096,5,2025-04-08 16:00:00
O001174,C01864,P0052,3,2025-04-08 18:00:00
O001175,C00127,P0036,2,2025-04-08 20:00:00
O001176,C00604,P0028,4,2025-04-08 22:00:00
O001177,C01929,P0078,5,2025-04-09 00:00:00
O001178,C01014,P0058,2,2025-04-09 02:00:00
O001179,C00051,P0036,4,2025-04-09 04:00:00
O001180,C02827,P0070,4,2025-04-09 06:00:00
O001181,C01431,P0009,3,2025-04-09 08:00:00
O001182,C01793,P0021,4,2025-04-09 10:00:00
O001183,C02862,P0064,4,2025-04-09 12:00:00
O001184,C01637,P0076,1,2025-04-09 14:00:00
O001185,C01646,P0061,4,2025-04-09 16:00:00
O001186,C02468,P0094,5,2025-04-09 18:00:00
O001187,C01206,P0095,2,2025-04-09 20:00:00
O001188,C02873,P0040,5,2025-04-09 22:00:00
O001189,C01855,P0056,5,2025-04-10 00:00:00
O001190,C00567,P0004,3,2025-04-10 02:00:00
O001191,C02419,P0031,1,2025-04-10 04:00:00
O001192,C00936,P0027,1,2025-04-10 06:00:00
O001193,C01935,P0058,5,2025-04-10 08:00:00
O001194,C02709,P0025,2,2025-04-10 10:00:00
O001195,C01333,P0069,1,2025-04-10 12:00:00
O001196,C00202,P0070,1,2025-04-10 14:00:00
O001197,C02361,P0005,5,2025-04-10 16:00:00
O001198,C00117,P0091,1,2025-04-10 18:00:00
O001199,C00937,P0008,3,2025-04-10 20:00:00
O001200,C00575,P0009,5,2025-04-10 22:00:00
O001201,C02292,P0015,1,2025-04-11 00:00:00
O001202,C00537,P0100,1,2025-04-11 02:00:00
O001203,C01626,P0007,1,2025-04-11 04:00:00
O001204,C02123,P0096,5,2025-04-11 06:00:00
O001205,C00386,P0072,2,2025-04-11 08:00:00
O001206,C00475,P0015,4,2025-04-11 10:00:00
O001207,C00418,P0037,1,2025-04-11 12:00:00
O001208,C02395,P0083,4,2025-04-11 14:00:00
O001209,C02688,P0039,4,2025-04-11 16:00:00
O001210,C00939,P0006,1,2025-04-11 18:00:00
O001211,C00955,P0083,1,2025-04-11 20:00:00
O001212,C00876,P0057,4,2025-04-11 22:00:00
O001213,C00763,P0092,2,2025-04-12 00:00:00
O001214,C01203,P0081,4,2025-04-12 02:00:00
O001215,C01206,P0019,2,2025-04-12 04:00:00
O001216,C00664,P0063,3,2025-04-12 06:00:00
O001217,C00025,P0031,2,2025-04-12 08:00:00
O001218,C01991,P0075,5,2025-04-12 10:00:00
O001219,C01204,P0079,1,2025-04-12 12:00:00
O001220,C00710,P0010,3,2025-04-12 14:00:00
O001221,C01880,P0087,4,2025-04-12 16:00:00
O001222,C01185,P0067,2,2025-04-12 18:00:00
O001223,C02225,P0062,3,2025-04-12 20:00:00
O001224,C00285,P0003,5,2025-04-12 22:00:00
O001225,C00063,P0018,2,2025-04-13 00:00:00
O001226,C01003,P0025,4,2025-04-13 02:00:00
O001227,C00662,P0020,4,2025-04-13 04:00:00
O001228,C02714,P0058,2,2025-04-13 06:00:00
O001229,C02204,P0093,5,2025-04-13 08:00:00
O001230,C01493,P0086,1,2025-04-13 10:00:00
O001231,C00967,P0050,1,2025-04-13 12:00:00
O001232,C00849,P0079,4,2025-04-13 14:00:00
O001233,C01108,P0010,5,2025-04-13 16:00:00
O001234,C00689,P0021,4,2025-04-13 18:00:00
O001235,C00148,P0029,1,2025-04-13 20:00:00
O001236,C00342,P0096,4,2025-04-13 22:00:00
O001237,C02524,P0010,2,2025-04-14 00:00:00
O001238,C01087,P0013,2,2025-04-14 02:00:00
O001239,C01725,P0047,5,2025-04-14 04:00:00
O001240,C01384,P0023,1,2025-04-14 06:00:00
O001241,C02609,P0050,5,2025-04-14 08:00:00
O001242,C00327,P0087,5,2025-04-14 10:00:00
O001243,C01793,P0095,1,2025-04-14 12:00:00
O001244,C01760,P0004,3,2025-04-14 14:00:00
O001245,C00990,P0067,3,2025-04-14 16:00:00
O001246,C02263,P0085,4,2025-04-14 18:00:00
O001247,C02483,P0053,3,2025-04-14 20:00:00
O001248,C00952,P0002,2,2025-04-14 22:00:00
O001249,C00723,P0068,5,2025-04-15 00:00:00
O001250,C02080,P0065,4,2025-04-15 02:00:00
O001251,C02718,P0079,5,2025-04-15 04:00:00
O001252,C02333,P0057,1,2025-04-15 06:00:00
O001253,C00429,P0097,3,2025-04-15 08:00:00
O001254,C01501,P0070,1,2025-04-15 10:00:00
O001255,C00286,P0007,4,2025-04-15 12:00:00
O001256,C02066,P0019,2,2025-04-15 14:00:00
O001257,C00769,P0044,3,2025-04-15 16:00:00
O001258,C02638,P0063,1,2025-04-15 18:00:00
O001259,C01395,P0065,3,2025-04-15 20:00:00
O001260,C00194,P0039,5,2025-04-15 22:00:00
O001261,C02550,P0083,2,2025-04-16 00:00:00
O001262,C00988,P0026,3,2025-04-16 02:00:00
O001263,C01137,P0044,2,2025-04-16 04:00:00
O001264,C02162,P0012,5,2025-04-16 06:00:00
O001265,C01702,P0022,5,2025-04-16 08:00:00
O001266,C00947,P0077,1,2025-04-16 10:00:00
O001267,C00831,P0092,4,2025-04-16 12:00:00
O001268,C01921,P0014,1,2025-04-16 14:00:00
O001269,C02973,P0086,2,2025-04-16 16:00:00
O001270,C00055,P0030,1,2025-04-16 18:00:00
O001271,C00800,P0044,3,2025-04-16 20:00:00
O001272,C00778,P0084,1,2025-04-16 22:00:00
O001273,C01482,P0091,4,2025-04-17 00:00:00
O001274,C01902,P0038,4,2025-04-17 02:00:00
O001275,C02210,P0059,2,2025-04-17 04:00:00
O001276,C02135,P0042,5,2025-04-17 06:00:00
O001277,C00055,P0052,4,2025-04-17 08:00:00
O001278,C01824,P0063,2,2025-04-17 10:00:00
O001279,C01202,P0061,4,2025-04-17 12:00:00
O001280,C00833,P0034,4,2025-04-17 14:00:00
O001281,C00313,P0039,5,2025-04-17 16:00:00
O001282,C02807,P0041,3,2025-04-17 18:00:00
O001283,C01859,P0037,2,2025-04-17 20:00:00
O001284,C02008,P0065,4,2025-04-17 22:00:00
O001285,C02007,P0079,4,2025-04-18 00:00:00
O001286,C02491,P0032,1,2025-04-18 02:00:00
O001287,C01791,P0008,3,2025-04-18 04:00:00
O001288,C00328,P0097,5,2025-04-18 06:00:00
O001289,C02809,P0018,2,2025-04-18 08:00:00
O001290,C02627,P0045,4,2025-04-18 10:00:00
O001291,C01288,P0093,2,2025-04-18 12:00:00
O001292,C02144,P0096,5,2025-04-18 14:00:00
O001293,C01112,P0033,3,2025-04-18 16:00:00
O001294,C01312,P0005,1,2025-04-18 18:00:00
O001295,C02862,P0082,3,2025-04-18 20:00:00
O001296,C02539,P0074,1,2025-04-18 22:00:00
O001297,C00452,P0036,2,2025-04-19 00:00:00
O001298,C01524,P0097,3,2025-04-19 02:00:00
O001299,C00165,P0023,3,2025-04-19 04:00:00
O001300,C00182,P0040,3,2025-04-19 06:00:00
O001301,C02517,P0005,5,2025-04-19 08:00:00
O001302,C00910,P0034,2,2025-04-19 10:00:00
O001303,C02783,P0024,1,2025-04-19 12:00:00
O001304,C00823,P0017,3,2025-04-19 14:00:00
O001305,C00944,P0095,2,2025-04-19 16:00:00
O001306,C02002,P0071,5,2025-04-19 18:00:00
O001307,C02055,P0081,5,2025-04-19 20:00:00
O001308,C00330,P0092,2,2025-04-19 22:00:00
O001309,C00775,P0022,1,2025-04-20 00:00:00
O001310,C02199,P0015,2,2025-04-20 02:00:00
O001311,C00147,P0015,2,2025-04-20 04:00:00
O001312,C00915,P0025,4,2025-04-20 06:00:00
O001313,C01572,P0053,5,2025-04-20 08:00:00
O001314,C01309,P0021,1,2025-04-20 10:00:00
O001315,C02748,P0066,4,2025-04-20 12:00:00
O001316,C00082,P0091,2,2025-04-20 14:00:00
O001317,C00514,P0032,5,2025-04-20 16:00:00
O001318,C01921,P0021,4,2025-04-20 18:00:00
O001319,C02863,P0068,4,2025-04-20 20:00:00
O001320,C02757,P0044,1,2025-04-20 22:00:00
O001321,C01940,P0083,2,2025-04-21 00:00:00
O001322,C00746,P0066,1,2025-04-21 02:00:00
O001323,C01410,P0090,4,2025-04-21 04:00:00
O001324,C00707,P0098,4,2025-04-21 06:00:00
O001325,C00471,P0014,1,2025-04-21 08:00:00
O001326,C00396,P0015,4,2025-04-21 10:00:00
O001327,C01556,P0020,3,2025-04-21 12:00:00
O001328,C02309,P0034,5,2025-04-21 14:00:00
O001329,C00805,P0036,2,2025-04-21 16:00:00
O001330,C00934,P0083,5,2025-04-21 18:00:00
O001331,C01280,P0009,2,2025-04-21 20:00:00
O001332,C01758,P0071,4,2025-04-21 22:00:00
O001333,C00905,P0030,1,2025-04-22 00:00:00
O001334,C01077,P0077,1,2025-04-22 02:00:00
O001335,C02988,P0091,4,2025-04-22 04:00:00
O001336,C01891,P0063,2,2025-04-22 06:00:00
O001337,C01524,P0035,4,2025-04-22 08:00:00
O001338,C02902,P0013,2,2025-04-22 10:00:00
O001339,C01388,P0079,4,2025-04-22 12:00:00
O001340,C01304,P0046,4,2025-04-22 14:00:00
O001341,C00593,P0056,4,2025-04-22 16:00:00
O001342,C02762,P0009,1,2025-04-22 18:00:00
O001343,C02680,P0087,2,2025-04-22 20:00:00
O001344,C02107,P0036,4,2025-04-22 22:00:00
O001345,C00128,P0003,5,2025-04-23 00:00:00
O001346,C00736,P0098,5,2025-04-23 02:00:00
O001347,C02769,P0019,1,2025-04-23 04:00:00
O001348,C02574,P0028,3,2025-04-23 06:00:00
O001349,C00521,P0023,1,2025-04-23 08:00:00
O001350,C02600,P0007,3,2025-04-23 10:00:00
O001351,C00237,P0076,1,2025-04-23 12:00:00
O001352,C01305,P0014,5,2025-04-23 14:00:00
O001353,C01782,P0046,4,2025-04-23 16:00:00
O001354,C01302,P0015,2,2025-04-23 18:00:00
O001355,C02542,P0067,4,2025-04-23 20:00:00
O001356,C02052,P0015,5,2025-04-23 22:00:00
O001357,C02714,P0051,2,2025-04-24 00:00:00
O001358,C00442,P0088,3,2025-04-24 02:00:00
O001359,C02077,P0008,3,2025-04-24 04:00:00
O001360,C02658,P0069,5,2025-04-24 06:00:00
O001361,C00805,P0062,2,2025-04-24 08:00:00
O001362,C00075,P0051,4,2025-04-24 10:00:00
O001363,C02886,P0063,5,2025-04-24 12:00:00
O001364,C02176,P0068,3,2025-04-24 14:00:00
O001365,C02090,P0078,5,2025-04-24 16:00:00
O001366,C01380,P0016,4,2025-04-24 18:00:00
O001367,C00041,P0084,1,2025-04-24 20:00:00
O001368,C02982,P0024,1,2025-04-24 22:00:00
O001369,C02082,P0006,4,2025-04-25 00:00:00
O001370,C01701,P0057,2,2025-04-25 02:00:00
O001371,C01402,P0031,5,2025-04-25 04:00:00
O001372,C00588,P0006,4,2025-04-25 06:00:00
O001373,C01623,P0099,1,2025-04-25 08:00:00
O001374,C00342,P0079,3,2025-04-25 10:00:00
O001375,C02075,P0029,4,2025-04-25 12:00:00
O001376,C00646,P0067,4,2025-04-25 14:00:00
O001377,C00731,P0075,4,2025-04-25 16:00:00
O001378,C00168,P0003,1,2025-04-25 18:00:00
O001379,C00610,P0028,1,2025-04-25 20:00:00
O001380,C02316,P0074,4,2025-04-25 22:00:00
O001381,C01773,P0097,4,2025-04-26 00:00:00
O001382,C02041,P0048,2,2025-04-26 02:00:00
O001383,C02869,P0080,3,2025-04-26 04:00:00
O001384,C00455,P0010,5,2025-04-26 06:00:00
O001385,C02954,P0033,5,2025-04-26 08:00:00
O001386,C01709,P0100,5,2025-04-26 10:00:00
O001387,C02970,P0067,1,2025-04-26 12:00:00
O001388,C00702,P0069,1,2025-04-26 14:00:00
O001389,C02682,P0012,2,2025-04-26 16:00:00
O001390,C01600,P0057,1,2025-04-26 18:00:00
O001391,C00130,P0044,4,2025-04-26 20:00:00
O001392,C01846,P0013,3,2025-04-26 22:00:00
O001393,C01387,P0024,3,2025-04-27 00:00:00
O001394,C02867,P0044,3,2025-04-27 02:00:00
O001395,C00693,P0057,3,2025-04-27 04:00:00
O001396,C01395,P0096,5,2025-04-27 06:00:00
O001397,C00794,P0016,5,2025-04-27 08:00:00
O001398,C00029,P0096,4,2025-04-27 10:00:00
O001399,C00149,P0100,2,2025-04-27 12:00:00
O001400,C01320,P0021,1,2025-04-27 14:00:00
O001401,C02059,P0076,1,2025-04-27 16:00:00
O001402,C02724,P0051,5,2025-04-27 18:00:00
O001403,C01137,P0021,3,2025-04-27 20:00:00
O001404,C00187,P0060,4,2025-04-27 22:00:00
O001405,C02855,P0051,2,2025-04-28 00:00:00
O001406,C02792,P0021,5,2025-04-28 02:00:00
O001407,C01251,P0006,4,2025-04-28 04:00:00
O001408,C01334,P0073,4,2025-04-28 06:00:00
O001409,C00098,P0065,5,2025-04-28 08:00:00
O001410,C00055,P0076,4,2025-04-28 10:00:00
O001411,C02671,P0058,3,2025-04-28 12:00:00
O001412,C02712,P0078,4,2025-04-28 14:00:00
O001413,C00758,P0006,2,2025-04-28 16:00:00
O001414,C00406,P0065,4,2025-04-28 18:00:00
O001415,C02117,P0086,1,2025-04-28 20:00:00
O001416,C01313,P0034,4,2025-04-28 22:00:00
O001417,C01786,P0056,5,2025-04-29 00:00:00
O001418,C00751,P0075,1,2025-04-29 02:00:00
O001419,C01763,P0003,5,2025-04-29 04:00:00
O001420,C00365,P0042,2,2025-04-29 06:00:00
O001421,C02027,P0062,3,2025-04-29 08:00:00
O001422,C00482,P0006,2,2025-04-29 10:00:00
O001423,C02249,P0006,1,2025-04-29 12:00:00
O001424,C00154,P0063,3,2025-04-29 14:00:00
O001425,C01525,P0020,4,2025-04-29 16:00:00
O001426,C02121,P0021,1,2025-04-29 18:00:00
O001427,C02761,P0002,3,2025-04-29 20:00:00
O001428,C02344,P0090,5,2025-04-29 22:00:00
O001429,C01041,P0095,3,2025-04-30 00:00:00
O001430,C01665,P0090,5,2025-04-30 02:00:00
O001431,C01241,P0056,5,2025-04-30 04:00:00
O001432,C00061,P0096,3,2025-04-30 06:00:00
O001433,C00939,P0010,2,2025-04-30 08:00:00
O001434,C01640,P0087,2,2025-04-30 10:00:00
O001435,C02090,P0070,5,2025-04-30 12:00:00
O001436,C00025,P0023,1,2025-04-30 14:00:00
O001437,C01063,P0092,3,2025-04-30 16:00:00
O001438,C00131,P0030,1,2025-04-30 18:00:00
O001439,C01253,P0078,2,2025-04-30 20:00:00
O001440,C00108,P0037,1,2025-04-30 22:00:00
O001441,C00172,P0055,4,2025-05-01 00:00:00
O001442,C01459,P0096,4,2025-05-01 02:00:00
O001443,C00102,P0049,2,2025-05-01 04:00:00
O001444,C02914,P0034,1,2025-05-01 06:00:00
O001445,C02572,P0044,3,2025-05-01 08:00:00
O001446,C02323,P0022,2,2025-05-01 10:00:00
O001447,C01637,P0031,4,2025-05-01 12:00:00
O001448,C02865,P0007,2,2025-05-01 14:00:00
O001449,C01041,P0021,1,2025-05-01 16:00:00
O001450,C00330,P0016,1,2025-05-01 18:00:00
O001451,C01521,P0020,1,2025-05-01 20:00:00
O001452,C00012,P0043,5,2025-05-01 22:00:00
O001453,C01342,P0044,1,2025-05-02 00:00:00
O001454,C00216,P0047,4,2025-05-02 02:00:00
O001455,C00339,P0019,4,2025-05-02 04:00:00
O001456,C01800,P0048,5,2025-05-02 06:00:00
O001457,C02709,P0096,4,2025-05-02 08:00:00
O001458,C01751,P0079,4,2025-05-02 10:00:00
O001459,C01509,P0069,2,2025-05-02 12:00:00
O001460,C02422,P0011,1,2025-05-02 14:00:00
O001461,C00710,P0079,2,2025-05-02 16:00:00
O001462,C01224,P0029,2,2025-05-02 18:00:00
O001463,C02514,P0045,4,2025-05-02 20:00:00
O001464,C01113,P0068,3,2025-05-02 22:00:00
O001465,C01292,P0036,1,2025-05-03 00:00:00
O001466,C00489,P0048,3,2025-05-03 02:00:00
O001467,C01562,P0087,4,2025-05-03 04:00:00
O001468,C00047,P0015,5,2025-05-03 06:00:00
O001469,C00778,P0044,2,2025-05-03 08:00:00
O001470,C01040,P0067,4,2025-05-03 10:00:00
O001471,C00711,P0096,4,2025-05-03 12:00:00
O001472,C00401,P0074,3,2025-05-03 14:00:00
O001473,C01818,P0040,5,2025-05-03 16:00:00
O001474,C00250,P0086,2,2025-05-03 18:00:00
O001475,C00391,P0014,5,2025-05-03 20:00:00
O001476,C00335,P0063,5,2025-05-03 22:00:00
O001477,C00629,P0081,5,2025-05-04 00:00:00
O001478,C00137,P0085,1,2025-05-04 02:00:00
O001479,C02931,P0051,5,2025-05-04 04:00:00
O001480,C02736,P0079,4,2025-05-04 06:00:00
O001481,C01522,P0058,1,2025-05-04 08:00:00
O001482,C00827,P0015,1,2025-05-04 10:00:00
O001483,C00727,P0065,5,2025-05-04 12:00:00
O001484,C01501,P0088,4,2025-05-04 14:00:00
O001485,C02642,P0055,2,2025-05-04 16:00:00
O001486,C00990,P0076,5,2025-05-04 18:00:00
O001487,C02420,P0010,1,2025-05-04 20:00:00
O001488,C00935,P0042,2,2025-05-04 22:00:00
O001489,C00402,P0095,2,2025-05-05 00:00:00
O001490,C01467,P0011,1,2025-05-05 02:00:00
O001491,C00615,P0016,2,2025-05-05 04:00:00
O001492,C01297,P0073,4,2025-05-05 06:00:00
O001493,C01183,P0078,4,2025-05-05 08:00:00
O001494,C02668,P0019,5,2025-05-05 10:00:00
O001495,C02236,P0031,5,2025-05-05 12:00:00
O001496,C01122,P0073,2,2025-05-05 14:00:00
O001497,C00131,P0100,1,2025-05-05 16:00:00
O001498,C02853,P0053,4,2025-05-05 18:00:00
O001499,C01195,P0090,3,2025-05-05 20:00:00
O001500,C02984,P0008,5,2025-05-05 22:00:00
O001501,C00183,P0024,4,2025-05-06 00:00:00
O001502,C00364,P0008,2,2025-05-06 02:00:00
O001503,C00039,P0083,4,2025-05-06 04:00:00
O001504,C02545,P0048,4,2025-05-06 06:00:00
O001505,C01373,P0030,2,2025-05-06 08:00:00
O001506,C00921,P0058,5,2025-05-06 10:00:00
O001507,C02770,P0086,5,2025-05-06 12:00:00
O001508,C00016,P0055,3,2025-05-06 14:00:00
O001509,C00493,P0073,3,2025-05-06 16:00:00
O001510,C01450,P0062,5,2025-05-06 18:00:00
O001511,C01132,P0048,5,2025-05-06 20:00:00
O001512,C02942,P0004,5,2025-05-06 22:00:00
O001513,C00311,P0037,5,2025-05-07 00:00:00
O001514,C00739,P0008,4,2025-05-07 02:00:00
O001515,C00546,P0001,3,2025-05-07 04:00:00
O001516,C02462,P0092,2,2025-05-07 06:00:00
O001517,C00251,P0070,1,2025-05-07 08:00:00
O001518,C00759,P0047,2,2025-05-07 10:00:00
O001519,C01805,P0100,1,2025-05-07 12:00:00
O001520,C01298,P0075,4,2025-05-07 14:00:00
O001521,C01632,P0005,3,2025-05-07 16:00:00
O001522,C01915,P0050,1,2025-05-07 18:00:00
O001523,C00814,P0024,5,2025-05-07 20:00:00
O001524,C00029,P0047,4,2025-05-07 22:00:00
O001525,C00958,P0018,1,2025-05-08 00:00:00
O001526,C02033,P0084,5,2025-05-08 02:00:00
O001527,C00477,P0028,4,2025-05-08 04:00:00
O001528,C00318,P0077,1,2025-05-08 06:00:00
O001529,C00245,P0005,5,2025-05-08 08:00:00
O001530,C00748,P0030,3,2025-05-08 10:00:00
O001531,C00697,P0001,4,2025-05-08 12:00:00
O001532,C00272,P0086,1,2025-05-08 14:00:00
O001533,C01772,P0082,5,2025-05-08 16:00:00
O001534,C01263,P0046,3,2025-05-08 18:00:00
O001535,C02425,P0069,5,2025-05-08 20:00:00
O001536,C00266,P0031,3,2025-05-08 22:00:00
O001537,C02974,P0070,1,2025-05-09 00:00:00
O001538,C00921,P0091,5,2025-05-09 02:00:00
O001539,C00340,P0056,5,2025-05-09 04:00:00
O001540,C00389,P0089,2,2025-05-09 06:00:00
O001541,C02625,P0093,4,2025-05-09 08:00:00
O001542,C02051,P0028,5,2025-05-09 10:00:00
O001543,C01166,P0016,3,2025-05-09 12:00:00
O001544,C00376,P0054,4,2025-05-09 14:00:00
O001545,C02034,P0053,1,2025-05-09 16:00:00
O001546,C02372,P0012,4,2025-05-09 18:00:00
O001547,C00146,P0020,2,2025-05-09 20:00:00
O001548,C01982,P0082,1,2025-05-09 22:00:00
O001549,C00293,P0034,5,2025-05-10 00:00:00
O001550,C00432,P0053,1,2025-05-10 02:00:00
O001551,C00705,P0064,1,2025-05-10 04:00:00
O001552,C02997,P0023,2,2025-05-10 06:00:00
O001553,C01999,P0027,3,2025-05-10 08:00:00
O001554,C02633,P0017,1,2025-05-10 10:00:00
O001555,C00399,P0048,3,2025-05-10 12:00:00
O001556,C02865,P0021,4,2025-05-10 14:00:00
O001557,C00964,P0050,2,2025-05-10 16:00:00
O001558,C02235,P0040,5,2025-05-10 18:00:00
O001559,C02042,P0095,1,2025-05-10 20:00:00
O001560,C01829,P0003,3,2025-05-10 22:00:00
O001561,C02109,P0017,1,2025-05-11 00:00:00
O001562,C00939,P0061,2,2025-05-11 02:00:00
O001563,C00710,P0050,5,2025-05-11 04:00:00
O001564,C00807,P0090,4,2025-05-11 06:00:00
O001565,C01464,P0087,4,2025-05-11 08:00:00
O001566,C01326,P0006,3,2025-05-11 10:00:00
O001567,C00011,P0028,4,2025-05-11 12:00:00
O001568,C01086,P0072,3,2025-05-11 14:00:00
O001569,C01869,P0055,5,2025-05-11 16:00:00
O001570,C02274,P0058,1,2025-05-11 18:00:00
O001571,C02612,P0045,2,2025-05-11 20:00:00
O001572,C00772,P0072,5,2025-05-11 22:00:00
O001573,C01595,P0019,5,2025-05-12 00:00:00
O001574,C01608,P0029,4,2025-05-12 02:00:00
O001575,C01334,P0023,4,2025-05-12 04:00:00
O001576,C00885,P0032,2,2025-05-12 06:00:00
O001577,C01390,P0010,1,2025-05-12 08:00:00
O001578,C00226,P0091,5,2025-05-12 10:00:00
O001579,C00825,P0049,4,2025-05-12 12:00:00
O001580,C02266,P0065,5,2025-05-12 14:00:00
O001581,C00937,P0029,1,2025-05-12 16:00:00
O001582,C02801,P0059,3,2025-05-12 18:00:00
O001583,C02554,P0045,1,2025-05-12 20:00:00
O001584,C02307,P0067,5,2025-05-12 22:00:00
O001585,C01912,P0051,5,2025-05-13 00:00:00
O001586,C01797,P0095,2,2025-05-13 02:00:00
O001587,C00054,P0011,5,2025-05-13 04:00:00
O001588,C00727,P0086,4,2025-05-13 06:00:00
O001589,C02737,P0082,2,2025-05-13 08:00:00
O001590,C01545,P0099,5,2025-05-13 10:00:00
O001591,C01044,P0006,1,2025-05-13 12:00:00
O001592,C01914,P0067,5,2025-05-13 14:00:00
O001593,C01777,P0062,1,2025-05-13 16:00:00
O001594,C01597,P0005,1,2025-05-13 18:00:00
O001595,C01915,P0009,5,2025-05-13 20:00:00
O001596,C02467,P0028,1,2025-05-13 22:00:00
O001597,C02738,P0083,3,2025-05-14 00:00:00
O001598,C00850,P0092,2,2025-05-14 02:00:00
O001599,C02110,P0091,5,2025-05-14 04:00:00
O001600,C02264,P0077,3,2025-05-14 06:00:00
O001601,C00003,P0038,1,2025-05-14 08:00:00
O001602,C00160,P0043,1,2025-05-14 10:00:00
O001603,C00781,P0021,2,2025-05-14 12:00:00
O001604,C00893,P0091,3,2025-05-14 14:00:00
O001605,C02031,P0062,3,2025-05-14 16:00:00
O001606,C02377,P0046,5,2025-05-14 18:00:00
O001607,C00580,P0070,1,2025-05-14 20:00:00
O001608,C01934,P0038,4,2025-05-14 22:00:00
O001609,C01381,P0049,5,2025-05-15 00:00:00
O001610,C01291,P0075,5,2025-05-15 02:00:00
O001611,C01641,P0081,5,2025-05-15 04:00:00
O001612,C00952,P0039,2,2025-05-15 06:00:00
O001613,C02683,P0071,2,2025-05-15 08:00:00
O001614,C00988,P0030,5,2025-05-15 10:00:00
O001615,C01219,P0021,4,2025-05-15 12:00:00
O001616,C00921,P0001,3,2025-05-15 14:00:00
O001617,C02786,P0089,3,2025-05-15 16:00:00
O001618,C01356,P0032,1,2025-05-15 18:00:00
O001619,C00170,P0008,3,2025-05-15 20:00:00
O001620,C00521,P0069,3,2025-05-15 22:00:00
O001621,C01487,P0030,4,2025-05-16 00:00:00
O001622,C00040,P0008,3,2025-05-16 02:00:00
O001623,C01561,P0019,4,2025-05-16 04:00:00
O001624,C01419,P0059,2,2025-05-16 06:00:00
O001625,C00955,P0055,4,2025-05-16 08:00:00
O001626,C00984,P0030,2,2025-05-16 10:00:00
O001627,C00975,P0079,4,2025-05-16 12:00:00
O001628,C00038,P0036,5,2025-05-16 14:00:00
O001629,C02376,P0055,2,2025-05-16 16:00:00
O001630,C01275,P0044,2,2025-05-16 18:00:00
O001631,C01200,P0027,3,2025-05-16 20:00:00
O001632,C01626,P0077,2,2025-05-16 22:00:00
O001633,C00914,P0078,4,2025-05-17 00:00:00
O001634,C00454,P0054,5,2025-05-17 02:00:00
O001635,C00037,P0048,5,2025-05-17 04:00:00
O001636,C01712,P0030,3,2025-05-17 06:00:00
O001637,C00796,P0039,4,2025-05-17 08:00:00
O001638,C00973,P0013,4,2025-05-17 10:00:00
O001639,C00593,P0016,1,2025-05-17 12:00:00
O001640,C01138,P0044,2,2025-05-17 14:00:00
O001641,C01325,P0071,3,2025-05-17 16:00:00
O001642,C02272,P0027,5,2025-05-17 18:00:00
O001643,C00318,P0045,1,2025-05-17 20:00:00
O001644,C02397,P0035,4,2025-05-17 22:00:00
O001645,C02163,P0079,2,2025-05-18 00:00:00
O001646,C02746,P0028,5,2025-05-18 02:00:00
O001647,C01347,P0099,1,2025-05-18 04:00:00
O001648,C01592,P0007,4,2025-05-18 06:00:00
O001649,C01890,P0062,5,2025-05-18 08:00:00
O001650,C02088,P0051,5,2025-05-18 10:00:00
O001651,C01997,P0046,4,2025-05-18 12:00:00
O001652,C01773,P0020,4,2025-05-18 14:00:00
O001653,C01313,P0096,3,2025-05-18 16:00:00
O001654,C01286,P0038,5,2025-05-18 18:00:00
O001655,C00216,P0061,4,2025-05-18 20:00:00
O001656,C02384,P0032,1,2025-05-18 22:00:00
O001657,C02140,P0026,2,2025-05-19 00:00:00
O001658,C02401,P0058,3,2025-05-19 02:00:00
O001659,C02619,P0039,4,2025-05-19 04:00:00
O001660,C02864,P0020,2,2025-05-19 06:00:00
O001661,C01705,P0082,3,2025-05-19 08:00:00
O001662,C02829,P0050,5,2025-05-19 10:00:00
O001663,C00363,P0079,2,2025-05-19 12:00:00
O001664,C02605,P0052,3,2025-05-19 14:00:00
O001665,C01717,P0086,4,2025-05-19 16:00:00
O001666,C01194,P0022,4,2025-05-19 18:00:00
O001667,C00356,P0053,3,2025-05-19 20:00:00
O001668,C00191,P0085,5,2025-05-19 22:00:00
O001669,C02470,P0066,3,2025-05-20 00:00:00
O001670,C00700,P0043,1,2025-05-20 02:00:00
O001671,C02055,P0082,3,2025-05-20 04:00:00
O001672,C02181,P0023,3,2025-05-20 06:00:00
O001673,C00557,P0077,4,2025-05-20 08:00:00
O001674,C00826,P0064,5,2025-05-20 10:00:00
O001675,C02809,P0009,3,2025-05-20 12:00:00
O001676,C01055,P0007,2,2025-05-20 14:00:00
O001677,C02583,P0041,4,2025-05-20 16:00:00
O001678,C00426,P0054,4,2025-05-20 18:00:00
O001679,C02720,P0065,3,2025-05-20 20:00:00
O001680,C02411,P0002,2,2025-05-20 22:00:00
O001681,C01575,P0004,3,2025-05-21 00:00:00
O001682,C02130,P0078,2,2025-05-21 02:00:00
O001683,C02404,P0032,4,2025-05-21 04:00:00
O001684,C00589,P0100,2,2025-05-21 06:00:00
O001685,C02013,P0002,3,2025-05-21 08:00:00
O001686,C01548,P0064,1,2025-05-21 10:00:00
O001687,C00295,P0014,1,2025-05-21 12:00:00
O001688,C01986,P0020,2,2025-05-21 14:00:00
O001689,C01248,P0089,3,2025-05-21 16:00:00
O001690,C01549,P0049,5,2025-05-21 18:00:00
O001691,C01691,P0008,1,2025-05-21 20:00:00
O001692,C01137,P0092,4,2025-05-21 22:00:00
O001693,C01257,P0063,3,2025-05-22 00:00:00
O001694,C02065,P0046,3,2025-05-22 02:00:00
O001695,C00360,P0021,1,2025-05-22 04:00:00
O001696,C02914,P0087,5,2025-05-22 06:00:00
O001697,C00700,P0032,4,2025-05-22 08:00:00
O001698,C00448,P0008,5,2025-05-22 10:00:00
O001699,C02904,P0095,4,2025-05-22 12:00:00
O001700,C02413,P0016,1,2025-05-22 14:00:00
O001701,C00675,P0040,3,2025-05-22 16:00:00
O001702,C01008,P0027,4,2025-05-22 18:00:00
O001703,C01350,P0018,3,2025-05-22 20:00:00
O001704,C02515,P0035,2,2025-05-22 22:00:00
O001705,C02462,P0052,2,2025-05-23 00:00:00
O001706,C00586,P0015,1,2025-05-23 02:00:00
O001707,C01257,P0063,1,2025-05-23 04:00:00
O001708,C01248,P0053,1,2025-05-23 06:00:00
O001709,C00994,P0091,2,2025-05-23 08:00:00
O001710,C01436,P0081,4,2025-05-23 10:00:00
O001711,C00572,P0066,5,2025-05-23 12:00:00
O001712,C02383,P0031,1,2025-05-23 14:00:00
O001713,C01246,P0061,5,2025-05-23 16:00:00
O001714,C02085,P0064,5,2025-05-23 18:00:00
O001715,C00989,P0098,2,2025-05-23 20:00:00
O001716,C00278,P0034,4,2025-05-23 22:00:00
O001717,C01220,P0055,2,2025-05-24 00:00:00
O001718,C02964,P0059,1,2025-05-24 02:00:00
O001719,C01888,P0003,2,2025-05-24 04:00:00
O001720,C00484,P0017,2,2025-05-24 06:00:00
O001721,C01266,P0078,2,2025-05-24 08:00:00
O001722,C00731,P0078,1,2025-05-24 10:00:00
O001723,C02240,P0046,1,2025-05-24 12:00:00
O001724,C01041,P0038,2,2025-05-24 14:00:00
O001725,C02572,P0035,2,2025-05-24 16:00:00
O001726,C00918,P0001,5,2025-05-24 18:00:00
O001727,C02449,P0029,4,2025-05-24 20:00:00
O001728,C00886,P0004,5,2025-05-24 22:00:00
O001729,C02753,P0061,4,2025-05-25 00:00:00
O001730,C00022,P0097,4,2025-05-25 02:00:00
O001731,C00474,P0017,2,2025-05-25 04:00:00
O001732,C02258,P0028,5,2025-05-25 06:00:00
O001733,C02354,P0050,4,2025-05-25 08:00:00
O001734,C00704,P0090,4,2025-05-25 10:00:00
O001735,C00687,P0008,1,2025-05-25 12:00:00
O001736,C00285,P0034,4,2025-05-25 14:00:00
O001737,C00716,P0059,2,2025-05-25 16:00:00
O001738,C00763,P0018,3,2025-05-25 18:00:00
O001739,C01251,P0095,1,2025-05-25 20:00:00
O001740,C00948,P0059,3,2025-05-25 22:00:00
O001741,C02429,P0027,2,2025-05-26 00:00:00
O001742,C02508,P0016,3,2025-05-26 02:00:00
O001743,C01031,P0010,4,2025-05-26 04:00:00
O001744,C00029,P0076,3,2025-05-26 06:00:00
O001745,C00907,P0022,5,2025-05-26 08:00:00
O001746,C02927,P0016,2,2025-05-26 10:00:00
O001747,C02127,P0012,5,2025-05-26 12:00:00
O001748,C02995,P0075,3,2025-05-26 14:00:00
O001749,C02507,P0084,5,2025-05-26 16:00:00
O001750,C00570,P0051,1,2025-05-26 18:00:00
O001751,C02007,P0001,3,2025-05-26 20:00:00
O001752,C01454,P0027,5,2025-05-26 22:00:00
O001753,C00738,P0067,4,2025-05-27 00:00:00
O001754,C00516,P0012,3,2025-05-27 02:00:00
O001755,C02001,P0030,1,2025-05-27 04:00:00
O001756,C02445,P0009,4,2025-05-27 06:00:00
O001757,C00039,P0053,3,2025-05-27 08:00:00
O001758,C00887,P0061,4,2025-05-27 10:00:00
O001759,C02845,P0054,3,2025-05-27 12:00:00
O001760,C02205,P0037,3,2025-05-27 14:00:00
O001761,C01099,P0065,2,2025-05-27 16:00:00
O001762,C02932,P0042,5,2025-05-27 18:00:00
O001763,C01824,P0049,3,2025-05-27 20:00:00
O001764,C01711,P0004,1,2025-05-27 22:00:00
O001765,C00974,P0064,5,2025-05-28 00:00:00
O001766,C01563,P0079,2,2025-05-28 02:00:00
O001767,C02897,P0051,5,2025-05-28 04:00:00
O001768,C02796,P0091,5,2025-05-28 06:00:00
O001769,C00989,P0072,3,2025-05-28 08:00:00
O001770,C00021,P0060,1,2025-05-28 10:00:00
O001771,C02351,P0087,3,2025-05-28 12:00:00
O001772,C00869,P0079,1,2025-05-28 14:00:00
O001773,C00084,P0091,1,2025-05-28 16:00:00
O001774,C01683,P0031,4,2025-05-28 18:00:00
O001775,C01977,P0072,3,2025-05-28 20:00:00
O001776,C01411,P0094,2,2025-05-28 22:00:00
O001777,C01531,P0058,5,2025-05-29 00:00:00
O001778,C00570,P0082,4,2025-05-29 02:00:00
O001779,C00934,P0004,2,2025-05-29 04:00:00
O001780,C01981,P0022,3,2025-05-29 06:00:00
O001781,C01856,P0003,1,2025-05-29 08:00:00
O001782,C00793,P0079,3,2025-05-29 10:00:00
O001783,C00792,P0099,3,2025-05-29 12:00:00
O001784,C01810,P0047,4,2025-05-29 14:00:00
O001785,C01295,P0038,2,2025-05-29 16:00:00
O001786,C02540,P0033,4,2025-05-29 18:00:00
O001787,C02256,P0078,2,2025-05-29 20:00:00
O001788,C01608,P0048,4,2025-05-29 22:00:00
O001789,C01084,P0065,5,2025-05-30 00:00:00
O001790,C02478,P0026,1,2025-05-30 02:00:00
O001791,C00985,P0008,1,2025-05-30 04:00:00
O001792,C01681,P0050,1,2025-05-30 06:00:00
O001793,C00520,P0080,5,2025-05-30 08:00:00
O001794,C00591,P0038,5,2025-05-30 10:00:00
O001795,C01051,P0010,1,2025-05-30 12:00:00
O001796,C01710,P0042,1,2025-05-30 14:00:00
O001797,C02036,P0037,2,2025-05-30 16:00:00
O001798,C02247,P0026,2,2025-05-30 18:00:00
O001799,C02435,P0092,3,2025-05-30 20:00:00
O001800,C00349,P0012,4,2025-05-30 22:00:00
O001801,C00960,P0084,2,2025-05-31 00:00:00
O001802,C01964,P0049,2,2025-05-31 02:00:00
O001803,C00693,P0014,2,2025-05-31 04:00:00
O001804,C01560,P0046,2,2025-05-31 06:00:00
O001805,C00378,P0035,5,2025-05-31 08:00:00
O001806,C02947,P0029,3,2025-05-31 10:00:00
O001807,C02964,P0012,2,2025-05-31 12:00:00
O001808,C00527,P0082,4,2025-05-31 14:00:00
O001809,C02782,P0044,2,2025-05-31 16:00:00
O001810,C02254,P0066,5,2025-05-31 18:00:00
O001811,C02503,P0002,1,2025-05-31 20:00:00
O001812,C01260,P0059,1,2025-05-31 22:00:00
O001813,C01876,P0017,3,2025-06-01 00:00:00
O001814,C01764,P0010,1,2025-06-01 02:00:00
O001815,C00521,P0018,2,2025-06-01 04:00:00
O001816,C01702,P0022,5,2025-06-01 06:00:00
O001817,C01017,P0083,3,2025-06-01 08:00:00
O001818,C02774,P0058,2,2025-06-01 10:00:00
O001819,C01014,P0053,1,2025-06-01 12:00:00
O001820,C02549,P0001,4,2025-06-01 14:00:00
O001821,C00117,P0088,2,2025-06-01 16:00:00
O001822,C02434,P0061,4,2025-06-01 18:00:00
O001823,C01368,P0100,4,2025-06-01 20:00:00
O001824,C00584,P0089,3,2025-06-01 22:00:00
O001825,C00395,P0100,5,2025-06-02 00:00:00
O001826,C01088,P0031,1,2025-06-02 02:00:00
O001827,C02769,P0031,1,2025-06-02 04:00:00
O001828,C00072,P0066,2,2025-06-02 06:00:00
O001829,C00274,P0019,1,2025-06-02 08:00:00
O001830,C02014,P0053,3,2025-06-02 10:00:00
O001831,C01344,P0076,1,2025-06-02 12:00:00
O001832,C00338,P0074,2,2025-06-02 14:00:00
O001833,C01390,P0095,1,2025-06-02 16:00:00
O001834,C00607,P0022,5,2025-06-02 18:00:00
O001835,C00166,P0023,4,2025-06-02 20:00:00
O001836,C01568,P0087,4,2025-06-02 22:00:00
O001837,C02059,P0015,4,2025-06-03 00:00:00
O001838,C01325,P0026,5,2025-06-03 02:00:00
O001839,C00729,P0003,3,2025-06-03 04:00:00
O001840,C02849,P0087,2,2025-06-03 06:00:00
O001841,C02044,P0020,5,2025-06-03 08:00:00
O001842,C00102,P0040,2,2025-06-03 10:00:00
O001843,C01416,P0039,3,2025-06-03 12:00:00
O001844,C00779,P0072,5,2025-06-03 14:00:00
O001845,C00214,P0018,1,2025-06-03 16:00:00
O001846,C01112,P0041,3,2025-06-03 18:00:00
O001847,C01577,P0070,4,2025-06-03 20:00:00
O001848,C02449,P0027,5,2025-06-03 22:00:00
O001849,C02636,P0100,3,2025-06-04 00:00:00
O001850,C02937,P0015,3,2025-06-04 02:00:00
O001851,C01696,P0037,5,2025-06-04 04:00:00
O001852,C00592,P0058,4,2025-06-04 06:00:00
O001853,C01334,P0005,4,2025-06-04 08:00:00
O001854,C01110,P0073,3,2025-06-04 10:00:00
O001855,C02140,P0007,2,2025-06-04 12:00:00
O001856,C02721,P0041,3,2025-06-04 14:00:00
O001857,C00714,P0084,5,2025-06-04 16:00:00
O001858,C00936,P0010,5,2025-06-04 18:00:00
O001859,C01952,P0062,5,2025-06-04 20:00:00
O001860,C00242,P0026,4,2025-06-04 22:00:00
O001861,C02044,P0068,1,2025-06-05 00:00:00
O001862,C00002,P0024,5,2025-06-05 02:00:00
O001863,C02273,P0078,5,2025-06-05 04:00:00
O001864,C02849,P0041,2,2025-06-05 06:00:00
O001865,C01769,P0065,2,2025-06-05 08:00:00
O001866,C01950,P0017,3,2025-06-05 10:00:00
O001867,C02637,P0024,3,2025-06-05 12:00:00
O001868,C02164,P0027,3,2025-06-05 14:00:00
O001869,C00918,P0007,5,2025-06-05 16:00:00
O001870,C02242,P0073,2,2025-06-05 18:00:00
O001871,C02919,P0099,3,2025-06-05 20:00:00
O001872,C00090,P0012,2,2025-06-05 22:00:00
O001873,C01710,P0085,5,2025-06-06 00:00:00
O001874,C02170,P0003,5,2025-06-06 02:00:00
O001875,C00143,P0079,3,2025-06-06 04:00:00
O001876,C00106,P0085,5,2025-06-06 06:00:00
O001877,C00887,P0010,5,2025-06-06 08:00:00
O001878,C00428,P0033,2,2025-06-06 10:00:00
O001879,C01329,P0046,1,2025-06-06 12:00:00
O001880,C01896,P0059,4,2025-06-06 14:00:00
O001881,C01995,P0052,3,2025-06-06 16:00:00
O001882,C00317,P0006,1,2025-06-06 18:00:00
O001883,C01987,P0002,3,2025-06-06 20:00:00
O001884,C00635,P0029,1,2025-06-06 22:00:00
O001885,C01926,P0040,5,2025-06-07 00:00:00
O001886,C02057,P0097,3,2025-06-07 02:00:00
O001887,C02822,P0061,1,2025-06-07 04:00:00
O001888,C02271,P0068,4,2025-06-07 06:00:00
O001889,C01440,P0068,5,2025-06-07 08:00:00
O001890,C00553,P0029,3,2025-06-07 10:00:00
O001891,C00716,P0062,3,2025-06-07 12:00:00
O001892,C01288,P0060,1,2025-06-07 14:00:00
O001893,C01714,P0084,3,2025-06-07 16:00:00
O001894,C01884,P0041,5,2025-06-07 18:00:00
O001895,C01108,P0087,2,2025-06-07 20:00:00
O001896,C01342,P0082,1,2025-06-07 22:00:00
O001897,C00111,P0089,4,2025-06-08 00:00:00
O001898,C00251,P0065,3,2025-06-08 02:00:00
O001899,C02431,P0064,5,2025-06-08 04:00:00
O001900,C02055,P0079,3,2025-06-08 06:00:00
O001901,C00459,P0063,4,2025-06-08 08:00:00
O001902,C01108,P0098,5,2025-06-08 10:00:00
O001903,C00208,P0048,4,2025-06-08 12:00:00
O001904,C00900,P0020,5,2025-06-08 14:00:00
O001905,C00022,P0037,2,2025-06-08 16:00:00
O001906,C00410,P0064,5,2025-06-08 18:00:00
O001907,C00895,P0091,4,2025-06-08 20:00:00
O001908,C00515,P0086,1,2025-06-08 22:00:00
O001909,C00809,P0005,2,2025-06-09 00:00:00
O001910,C00874,P0034,3,2025-06-09 02:00:00
O001911,C00014,P0039,2,2025-06-09 04:00:00
O001912,C00971,P0067,2,2025-06-09 06:00:00
O001913,C02135,P0081,3,2025-06-09 08:00:00
O001914,C02957,P0062,5,2025-06-09 10:00:00
O001915,C01561,P0088,2,2025-06-09 12:00:00
O001916,C01325,P0024,2,2025-06-09 14:00:00
O001917,C01267,P0003,1,2025-06-09 16:00:00
O001918,C02170,P0071,1,2025-06-09 18:00:00
O001919,C00750,P0089,4,2025-06-09 20:00:00
O001920,C00685,P0067,3,2025-06-09 22:00:00
O001921,C01928,P0079,5,2025-06-10 00:00:00
O001922,C02357,P0093,5,2025-06-10 02:00:00
O001923,C00695,P0050,4,2025-06-10 04:00:00
O001924,C02336,P0029,5,2025-06-10 06:00:00
O001925,C00307,P0074,5,2025-06-10 08:00:00
O001926,C01990,P0032,1,2025-06-10 10:00:00
O001927,C02962,P0087,5,2025-06-10 12:00:00
O001928,C00662,P0039,5,2025-06-10 14:00:00
O001929,C00549,P0009,4,2025-06-10 16:00:00
O001930,C00312,P0014,4,2025-06-10 18:00:00
O001931,C02921,P0068,2,2025-06-10 20:00:00
O001932,C01083,P0064,5,2025-06-10 22:00:00
O001933,C02972,P0020,5,2025-06-11 00:00:00
O001934,C01738,P0028,5,2025-06-11 02:00:00
O001935,C00755,P0014,1,2025-06-11 04:00:00
O001936,C00035,P0044,5,2025-06-11 06:00:00
O001937,C00445,P0098,1,2025-06-11 08:00:00
O001938,C02141,P0077,2,2025-06-11 10:00:00
O001939,C01983,P0095,3,2025-06-11 12:00:00
O001940,C01231,P0097,5,2025-06-11 14:00:00
O001941,C00353,P0039,4,2025-06-11 16:00:00
O001942,C00903,P0028,4,2025-06-11 18:00:00
O001943,C01356,P0064,5,2025-06-11 20:00:00
O001944,C02910,P0089,1,2025-06-11 22:00:00
O001945,C01749,P0032,4,2025-06-12 00:00:00
O001946,C00159,P0009,4,2025-06-12 02:00:00
O001947,C01978,P0028,2,2025-06-12 04:00:00
O001948,C00957,P0095,2,2025-06-12 06:00:00
O001949,C02072,P0017,2,2025-06-12 08:00:00
O001950,C00404,P0087,4,2025-06-12 10:00:00
O001951,C02853,P0077,4,2025-06-12 12:00:00
O001952,C00516,P0055,5,2025-06-12 14:00:00
O001953,C02780,P0010,5,2025-06-12 16:00:00
O001954,C01388,P0080,1,2025-06-12 18:00:00
O001955,C02580,P0006,4,2025-06-12 20:00:00
O001956,C00956,P0048,5,2025-06-12 22:00:00
O001957,C02200,P0075,5,2025-06-13 00:00:00
O001958,C01713,P0067,2,2025-06-13 02:00:00
O001959,C02995,P0092,2,2025-06-13 04:00:00
O001960,C00608,P0041,2,2025-06-13 06:00:00
O001961,C02468,P0079,3,2025-06-13 08:00:00
O001962,C01274,P0060,5,2025-06-13 10:00:00
O001963,C02914,P0077,2,2025-06-13 12:00:00
O001964,C01536,P0042,2,2025-06-13 14:00:00
O001965,C02626,P0081,4,2025-06-13 16:00:00
O001966,C02383,P0071,2,2025-06-13 18:00:00
O001967,C01442,P0028,4,2025-06-13 20:00:00
O001968,C02980,P0013,1,2025-06-13 22:00:00
O001969,C01798,P0081,2,2025-06-14 00:00:00
O001970,C00295,P0015,4,2025-06-14 02:00:00
O001971,C00755,P0036,2,2025-06-14 04:00:00
O001972,C01395,P0092,1,2025-06-14 06:00:00
O001973,C00186,P0015,2,2025-06-14 08:00:00
O001974,C01270,P0075,4,2025-06-14 10:00:00
O001975,C00637,P0056,1,2025-06-14 12:00:00
O001976,C01292,P0095,1,2025-06-14 14:00:00
O001977,C00530,P0004,1,2025-06-14 16:00:00
O001978,C02069,P0099,3,2025-06-14 18:00:00
O001979,C02959,P0098,4,2025-06-14 20:00:00
O001980,C02915,P0052,3,2025-06-14 22:00:00
O001981,C00794,P0091,1,2025-06-15 00:00:00
O001982,C02148,P0010,3,2025-06-15 02:00:00
O001983,C02800,P0094,2,2025-06-15 04:00:00
O001984,C00478,P0045,3,2025-06-15 06:00:00
O001985,C01623,P0084,5,2025-06-15 08:00:00
O001986,C00940,P0029,1,2025-06-15 10:00:00
O001987,C00526,P0053,1,2025-06-15 12:00:00
O001988,C02382,P0029,4,2025-06-15 14:00:00
O001989,C00002,P0023,2,2025-06-15 16:00:00
O001990,C00375,P0057,4,2025-06-15 18:00:00
O001991,C02341,P0050,3,2025-06-15 20:00:00
O001992,C02885,P0021,5,2025-06-15 22:00:00
O001993,C00553,P0043,5,2025-06-16 00:00:00
O001994,C02366,P0010,5,2025-06-16 02:00:00
O001995,C01526,P0076,5,2025-06-16 04:00:00
O001996,C01852,P0030,2,2025-06-16 06:00:00
O001997,C00381,P0051,3,2025-06-16 08:00:00
O001998,C01647,P0033,5,2025-06-16 10:00:00
O001999,C00014,P0018,1,2025-06-16 12:00:00
O002000,C00504,P0078,3,2025-06-16 14:00:00
O002001,C02279,P0022,2,2025-06-16 16:00:00
O002002,C02009,P0064,5,2025-06-16 18:00:00
O002003,C00130,P0021,2,2025-06-16 20:00:00
O002004,C00838,P0001,5,2025-06-16 22:00:00
O002005,C02939,P0015,1,2025-06-17 00:00:00
O002006,C02041,P0036,3,2025-06-17 02:00:00
O002007,C00028,P0047,1,2025-06-17 04:00:00
O002008,C02114,P0054,5,2025-06-17 06:00:00
O002009,C01253,P0086,4,2025-06-17 08:00:00
O002010,C00261,P0032,3,2025-06-17 10:00:00
O002011,C02047,P0058,2,2025-06-17 12:00:00
O002012,C01473,P0046,5,2025-06-17 14:00:00
O002013,C01448,P0054,1,2025-06-17 16:00:00
O002014,C00460,P0033,4,2025-06-17 18:00:00
O002015,C00301,P0039,5,2025-06-17 20:00:00
O002016,C02967,P0023,2,2025-06-17 22:00:00
O002017,C02335,P0043,1,2025-06-18 00:00:00
O002018,C00630,P0055,3,2025-06-18 02:00:00
O002019,C00270,P0002,4,2025-06-18 04:00:00
O002020,C02640,P0066,5,2025-06-18 06:00:00
O002021,C01994,P0038,5,2025-06-18 08:00:00
O002022,C01629,P0029,5,2025-06-18 10:00:00
O002023,C01802,P0067,5,2025-06-18 12:00:00
O002024,C02892,P0071,1,2025-06-18 14:00:00
O002025,C00862,P0036,3,2025-06-18 16:00:00
O002026,C01281,P0029,2,2025-06-18 18:00:00
O002027,C02181,P0037,4,2025-06-18 20:00:00
O002028,C01800,P0100,5,2025-06-18 22:00:00
O002029,C01707,P0087,5,2025-06-19 00:00:00
O002030,C02561,P0045,3,2025-06-19 02:00:00
O002031,C02361,P0016,3,2025-06-19 04:00:00
O002032,C00576,P0031,1,2025-06-19 06:00:00
O002033,C02934,P0034,1,2025-06-19 08:00:00
O002034,C02004,P0050,1,2025-06-19 10:00:00
O002035,C01308,P0065,4,2025-06-19 12:00:00
O002036,C01957,P0082,1,2025-06-19 14:00:00
O002037,C02735,P0062,5,2025-06-19 16:00:00
O002038,C02021,P0043,1,2025-06-19 18:00:00
O002039,C02213,P0056,4,2025-06-19 20:00:00
O002040,C02353,P0015,1,2025-06-19 22:00:00
O002041,C01656,P0048,1,2025-06-20 00:00:00
O002042,C01580,P0049,5,2025-06-20 02:00:00
O002043,C01848,P0081,5,2025-06-20 04:00:00
O002044,C02204,P0044,5,2025-06-20 06:00:00
O002045,C01391,P0010,1,2025-06-20 08:00:00
O002046,C01743,P0020,5,2025-06-20 10:00:00
O002047,C01926,P0070,3,2025-06-20 12:00:00
O002048,C00620,P0008,2,2025-06-20 14:00:00
O002049,C01275,P0045,2,2025-06-20 16:00:00
O002050,C00957,P0034,5,2025-06-20 18:00:00
O002051,C01940,P0096,4,2025-06-20 20:00:00
O002052,C02382,P0051,5,2025-06-20 22:00:00
O002053,C00969,P0004,5,2025-06-21 00:00:00
O002054,C02559,P0039,1,2025-06-21 02:00:00
O002055,C01317,P0084,4,2025-06-21 04:00:00
O002056,C01044,P0024,5,2025-06-21 06:00:00
O002057,C00282,P0088,3,2025-06-21 08:00:00
O002058,C02845,P0055,2,2025-06-21 10:00:00
O002059,C02167,P0026,3,2025-06-21 12:00:00
O002060,C01059,P0025,3,2025-06-21 14:00:00
O002061,C00198,P0036,3,2025-06-21 16:00:00
O002062,C02533,P0071,4,2025-06-21 18:00:00
O002063,C01083,P0074,4,2025-06-21 20:00:00
O002064,C02885,P0058,4,2025-06-21 22:00:00
O002065,C01185,P0012,2,2025-06-22 00:00:00
O002066,C01009,P0001,1,2025-06-22 02:00:00
O002067,C02739,P0050,5,2025-06-22 04:00:00
O002068,C01230,P0025,5,2025-06-22 06:00:00
O002069,C01036,P0080,1,2025-06-22 08:00:00
O002070,C00490,P0005,5,2025-06-22 10:00:00
O002071,C00276,P0083,3,2025-06-22 12:00:00
O002072,C02741,P0068,2,2025-06-22 14:00:00
O002073,C02290,P0006,5,2025-06-22 16:00:00
O002074,C01240,P0026,2,2025-06-22 18:00:00
O002075,C01275,P0055,1,2025-06-22 20:00:00
O002076,C00126,P0039,5,2025-06-22 22:00:00
O002077,C00217,P0009,2,2025-06-23 00:00:00
O002078,C01209,P0045,3,2025-06-23 02:00:00
O002079,C01247,P0014,3,2025-06-23 04:00:00
O002080,C02543,P0055,1,2025-06-23 06:00:00
O002081,C02475,P0009,4,2025-06-23 08:00:00
O002082,C00919,P0015,5,2025-06-23 10:00:00
O002083,C01318,P0037,3,2025-06-23 12:00:00
O002084,C02199,P0050,3,2025-06-23 14:00:00
O002085,C02432,P0084,1,2025-06-23 16:00:00
O002086,C01662,P0072,3,2025-06-23 18:00:00
O002087,C00308,P0096,5,2025-06-23 20:00:00
O002088,C01360,P0021,1,2025-06-23 22:00:00
O002089,C01970,P0057,2,2025-06-24 00:00:00
O002090,C02794,P0019,1,2025-06-24 02:00:00
O002091,C00892,P0093,5,2025-06-24 04:00:00
O002092,C00375,P0058,5,2025-06-24 06:00:00
O002093,C02034,P0095,2,2025-06-24 08:00:00
O002094,C01365,P0006,1,2025-06-24 10:00:00
O002095,C00129,P0004,5,2025-06-24 12:00:00
O002096,C01015,P0043,5,2025-06-24 14:00:00
O002097,C01800,P0093,2,2025-06-24 16:00:00
O002098,C02717,P0042,4,2025-06-24 18:00:00
O002099,C01382,P0003,1,2025-06-24 20:00:00
O002100,C00517,P0001,5,2025-06-24 22:00:00
O002101,C01519,P0055,3,2025-06-25 00:00:00
O002102,C00086,P0015,2,2025-06-25 02:00:00
O002103,C01199,P0047,4,2025-06-25 04:00:00
O002104,C02359,P0085,4,2025-06-25 06:00:00
O002105,C01143,P0046,2,2025-06-25 08:00:00
O002106,C02475,P0058,4,2025-06-25 10:00:00
O002107,C01994,P0095,5,2025-06-25 12:00:00
O002108,C02162,P0071,4,2025-06-25 14:00:00
O002109,C00303,P0081,1,2025-06-25 16:00:00
O002110,C02792,P0083,3,2025-06-25 18:00:00
O002111,C00588,P0039,5,2025-06-25 20:00:00
O002112,C00987,P0003,2,2025-06-25 22:00:00
O002113,C01864,P0030,3,2025-06-26 00:00:00
O002114,C00345,P0035,5,2025-06-26 02:00:00
O002115,C00814,P0057,3,2025-06-26 04:00:00
O002116,C01988,P0029,4,2025-06-26 06:00:00
O002117,C02849,P0050,2,2025-06-26 08:00:00
O002118,C01311,P0062,2,2025-06-26 10:00:00
O002119,C02000,P0052,1,2025-06-26 12:00:00
O002120,C01678,P0014,4,2025-06-26 14:00:00
O002121,C01328,P0035,1,2025-06-26 16:00:00
O002122,C01093,P0028,1,2025-06-26 18:00:00
O002123,C02409,P0058,4,2025-06-26 20:00:00
O002124,C01010,P0030,5,2025-06-26 22:00:00
O002125,C00704,P0090,1,2025-06-27 00:00:00
O002126,C00575,P0007,3,2025-06-27 02:00:00
O002127,C01609,P0039,5,2025-06-27 04:00:00
O002128,C01113,P0095,4,2025-06-27 06:00:00
O002129,C00688,P0069,2,2025-06-27 08:00:00
O002130,C02829,P0035,5,2025-06-27 10:00:00
O002131,C02633,P0052,1,2025-06-27 12:00:00
O002132,C02637,P0014,3,2025-06-27 14:00:00
O002133,C00489,P0063,4,2025-06-27 16:00:00
O002134,C01348,P0036,2,2025-06-27 18:00:00
O002135,C00494,P0091,3,2025-06-27 20:00:00
O002136,C01668,P0024,2,2025-06-27 22:00:00
O002137,C01638,P0040,4,2025-06-28 00:00:00
O002138,C00019,P0029,5,2025-06-28 02:00:00
O002139,C02445,P0053,1,2025-06-28 04:00:00
O002140,C01001,P0022,4,2025-06-28 06:00:00
O002141,C00851,P0072,3,2025-06-28 08:00:00
O002142,C01389,P0015,5,2025-06-28 10:00:00
O002143,C01355,P0069,2,2025-06-28 12:00:00
O002144,C01368,P0064,5,2025-06-28 14:00:00
O002145,C00822,P0004,5,2025-06-28 16:00:00
O002146,C00455,P0075,3,2025-06-28 18:00:00
O002147,C01625,P0018,1,2025-06-28 20:00:00
O002148,C02773,P0042,5,2025-06-28 22:00:00
O002149,C00711,P0030,5,2025-06-29 00:00:00
O002150,C02191,P0015,1,2025-06-29 02:00:00
O002151,C00917,P0070,1,2025-06-29 04:00:00
O002152,C02876,P0055,2,2025-06-29 06:00:00
O002153,C02653,P0053,2,2025-06-29 08:00:00
O002154,C01497,P0016,1,2025-06-29 10:00:00
O002155,C01441,P0073,4,2025-06-29 12:00:00
O002156,C00305,P0034,1,2025-06-29 14:00:00
O002157,C00736,P0027,2,2025-06-29 16:00:00
O002158,C02339,P0013,3,2025-06-29 18:00:00
O002159,C01964,P0100,3,2025-06-29 20:00:00
O002160,C02150,P0027,5,2025-06-29 22:00:00
O002161,C02010,P0073,3,2025-06-30 00:00:00
O002162,C02915,P0069,2,2025-06-30 02:00:00
O002163,C02890,P0086,3,2025-06-30 04:00:00
O002164,C00962,P0031,4,2025-06-30 06:00:00
O002165,C02990,P0003,1,2025-06-30 08:00:00
O002166,C01027,P0030,1,2025-06-30 10:00:00
O002167,C02133,P0021,2,2025-06-30 12:00:00
O002168,C02376,P0099,5,2025-06-30 14:00:00
O002169,C02864,P0006,1,2025-06-30 16:00:00
O002170,C01474,P0092,3,2025-06-30 18:00:00
O002171,C02502,P0032,4,2025-06-30 20:00:00
O002172,C01948,P0042,5,2025-06-30 22:00:00
O002173,C02677,P0062,5,2025-07-01 00:00:00
O002174,C01178,P0089,5,2025-07-01 02:00:00
O002175,C00665,P0032,1,2025-07-01 04:00:00
O002176,C00012,P0099,5,2025-07-01 06:00:00
O002177,C01157,P0086,2,2025-07-01 08:00:00
O002178,C00304,P0088,3,2025-07-01 10:00:00
O002179,C01764,P0039,4,2025-07-01 12:00:00
O002180,C02831,P0064,3,2025-07-01 14:00:00
O002181,C00043,P0030,2,2025-07-01 16:00:00
O002182,C00944,P0063,2,2025-07-01 18:00:00
O002183,C02391,P0096,3,2025-07-01 20:00:00
O002184,C01350,P0031,1,2025-07-01 22:00:00
O002185,C02546,P0087,2,2025-07-02 00:00:00
O002186,C02412,P0040,5,2025-07-02 02:00:00
O002187,C00891,P0033,4,2025-07-02 04:00:00
O002188,C02475,P0063,4,2025-07-02 06:00:00
O002189,C01005,P0025,2,2025-07-02 08:00:00
O002190,C00021,P0036,5,2025-07-02 10:00:00
O002191,C00407,P0024,3,2025-07-02 12:00:00
O002192,C02667,P0095,4,2025-07-02 14:00:00
O002193,C01015,P0058,5,2025-07-02 16:00:00
O002194,C00336,P0039,5,2025-07-02 18:00:00
O002195,C01839,P0046,1,2025-07-02 20:00:00
O002196,C01148,P0077,2,2025-07-02 22:00:00
O002197,C02447,P0010,5,2025-07-03 00:00:00
O002198,C02841,P0087,3,2025-07-03 02:00:00
O002199,C01828,P0082,4,2025-07-03 04:00:00
O002200,C00715,P0032,1,2025-07-03 06:00:00
O002201,C00051,P0097,3,2025-07-03 08:00:00
O002202,C00324,P0036,4,2025-07-03 10:00:00
O002203,C00789,P0028,2,2025-07-03 12:00:00
O002204,C00141,P0016,3,2025-07-03 14:00:00
O002205,C00470,P0016,4,2025-07-03 16:00:00
O002206,C00787,P0018,1,2025-07-03 18:00:00
O002207,C01826,P0008,4,2025-07-03 20:00:00
O002208,C01358,P0080,5,2025-07-03 22:00:00
O002209,C01917,P0075,1,2025-07-04 00:00:00
O002210,C00964,P0070,3,2025-07-04 02:00:00
O002211,C00373,P0001,2,2025-07-04 04:00:00
O002212,C02542,P0062,1,2025-07-04 06:00:00
O002213,C01693,P0076,1,2025-07-04 08:00:00
O002214,C02799,P0038,1,2025-07-04 10:00:00
O002215,C01180,P0092,4,2025-07-04 12:00:00
O002216,C02339,P0045,5,2025-07-04 14:00:00
O002217,C01672,P0058,2,2025-07-04 16:00:00
O002218,C00106,P0081,2,2025-07-04 18:00:00
O002219,C01444,P0001,5,2025-07-04 20:00:00
O002220,C02718,P0032,4,2025-07-04 22:00:00
O002221,C01682,P0008,4,2025-07-05 00:00:00
O002222,C00002,P0040,5,2025-07-05 02:00:00
O002223,C02637,P0056,5,2025-07-05 04:00:00
O002224,C02692,P0063,3,2025-07-05 06:00:00
O002225,C02138,P0088,4,2025-07-05 08:00:00
O002226,C00350,P0074,1,2025-07-05 10:00:00
O002227,C01287,P0074,2,2025-07-05 12:00:00
O002228,C01063,P0036,4,2025-07-05 14:00:00
O002229,C02957,P0089,5,2025-07-05 16:00:00
O002230,C02207,P0057,1,2025-07-05 18:00:00
O002231,C02360,P0074,3,2025-07-05 20:00:00
O002232,C00445,P0083,3,2025-07-05 22:00:00
O002233,C02346,P0045,1,2025-07-06 00:00:00
O002234,C00952,P0079,1,2025-07-06 02:00:00
O002235,C00036,P0080,5,2025-07-06 04:00:00
O002236,C01108,P0002,5,2025-07-06 06:00:00
O002237,C01476,P0093,2,2025-07-06 08:00:00
O002238,C01799,P0068,2,2025-07-06 10:00:00
O002239,C01846,P0050,3,2025-07-06 12:00:00
O002240,C01409,P0029,1,2025-07-06 14:00:00
O002241,C01196,P0095,3,2025-07-06 16:00:00
O002242,C01400,P0081,5,2025-07-06 18:00:00
O002243,C01709,P0010,4,2025-07-06 20:00:00
O002244,C01386,P0027,5,2025-07-06 22:00:00
O002245,C02607,P0015,4,2025-07-07 00:00:00
O002246,C02939,P0060,1,2025-07-07 02:00:00
O002247,C02189,P0031,1,2025-07-07 04:00:00
O002248,C02935,P0021,1,2025-07-07 06:00:00
O002249,C01301,P0060,2,2025-07-07 08:00:00
O002250,C02774,P0058,2,2025-07-07 10:00:00
O002251,C01244,P0041,4,2025-07-07 12:00:00
O002252,C00521,P0046,3,2025-07-07 14:00:00
O002253,C01807,P0045,3,2025-07-07 16:00:00
O002254,C00010,P0026,4,2025-07-07 18:00:00
O002255,C00984,P0051,2,2025-07-07 20:00:00
O002256,C02426,P0036,5,2025-07-07 22:00:00
O002257,C01657,P0052,4,2025-07-08 00:00:00
O002258,C01661,P0081,3,2025-07-08 02:00:00
O002259,C02730,P0051,4,2025-07-08 04:00:00
O002260,C02632,P0003,4,2025-07-08 06:00:00
O002261,C02200,P0014,1,2025-07-08 08:00:00
O002262,C00720,P0049,2,2025-07-08 10:00:00
O002263,C01073,P0077,1,2025-07-08 12:00:00
O002264,C00859,P0091,2,2025-07-08 14:00:00
O002265,C01317,P0001,4,2025-07-08 16:00:00
O002266,C01604,P0057,2,2025-07-08 18:00:00
O002267,C00050,P0017,3,2025-07-08 20:00:00
O002268,C02712,P0050,1,2025-07-08 22:00:00
O002269,C02579,P0098,4,2025-07-09 00:00:00
O002270,C02905,P0014,3,2025-07-09 02:00:00
O002271,C00146,P0059,2,2025-07-09 04:00:00
O002272,C00915,P0081,2,2025-07-09 06:00:00
O002273,C01463,P0003,3,2025-07-09 08:00:00
O002274,C02290,P0098,2,2025-07-09 10:00:00
O002275,C00581,P0040,1,2025-07-09 12:00:00
O002276,C02735,P0089,5,2025-07-09 14:00:00
O002277,C01585,P0066,2,2025-07-09 16:00:00
O002278,C00483,P0034,4,2025-07-09 18:00:00
O002279,C01250,P0090,2,2025-07-09 20:00:00
O002280,C00673,P0095,4,2025-07-09 22:00:00
O002281,C00631,P0009,2,2025-07-10 00:00:00
O002282,C02709,P0094,2,2025-07-10 02:00:00
O002283,C00662,P0084,4,2025-07-10 04:00:00
O002284,C02853,P0021,1,2025-07-10 06:00:00
O002285,C02467,P0093,5,2025-07-10 08:00:00
O002286,C00988,P0025,5,2025-07-10 10:00:00
O002287,C01547,P0044,1,2025-07-10 12:00:00
O002288,C00650,P0025,2,2025-07-10 14:00:00
O002289,C00969,P0009,5,2025-07-10 16:00:00
O002290,C02638,P0062,1,2025-07-10 18:00:00
O002291,C01101,P0026,1,2025-07-10 20:00:00
O002292,C02557,P0057,5,2025-07-10 22:00:00
O002293,C00441,P0037,4,2025-07-11 00:00:00
O002294,C00921,P0016,3,2025-07-11 02:00:00
O002295,C00770,P0037,4,2025-07-11 04:00:00
O002296,C01344,P0076,2,2025-07-11 06:00:00
O002297,C01827,P0024,4,2025-07-11 08:00:00
O002298,C00263,P0026,3,2025-07-11 10:00:00
O002299,C01578,P0020,3,2025-07-11 12:00:00
O002300,C02685,P0009,1,2025-07-11 14:00:00
O002301,C02507,P0087,2,2025-07-11 16:00:00
O002302,C00999,P0029,1,2025-07-11 18:00:00
O002303,C00700,P0031,4,2025-07-11 20:00:00
O002304,C02350,P0019,4,2025-07-11 22:00:00
O002305,C01604,P0020,5,2025-07-12 00:00:00
O002306,C01242,P0087,1,2025-07-12 02:00:00
O002307,C01126,P0027,1,2025-07-12 04:00:00
O002308,C02602,P0094,1,2025-07-12 06:00:00
O002309,C02336,P0085,1,2025-07-12 08:00:00
O002310,C01191,P0044,3,2025-07-12 10:00:00
O002311,C02669,P0035,5,2025-07-12 12:00:00
O002312,C01006,P0071,2,2025-07-12 14:00:00
O002313,C00036,P0022,2,2025-07-12 16:00:00
O002314,C00744,P0074,2,2025-07-12 18:00:00
O002315,C01765,P0087,3,2025-07-12 20:00:00
O002316,C00353,P0015,5,2025-07-12 22:00:00
O002317,C01923,P0094,5,2025-07-13 00:00:00
O002318,C00073,P0098,3,2025-07-13 02:00:00
O002319,C02696,P0013,1,2025-07-13 04:00:00
O002320,C01377,P0004,4,2025-07-13 06:00:00
O002321,C01915,P0082,1,2025-07-13 08:00:00
O002322,C01094,P0056,2,2025-07-13 10:00:00
O002323,C02473,P0023,1,2025-07-13 12:00:00
O002324,C00708,P0097,3,2025-07-13 14:00:00
O002325,C01805,P0098,2,2025-07-13 16:00:00
O002326,C02609,P0034,4,2025-07-13 18:00:00
O002327,C02876,P0100,2,2025-07-13 20:00:00
O002328,C00956,P0099,1,2025-07-13 22:00:00
O002329,C02565,P0017,5,2025-07-14 00:00:00
O002330,C02476,P0028,5,2025-07-14 02:00:00
O002331,C00160,P0014,5,2025-07-14 04:00:00
O002332,C02197,P0034,2,2025-07-14 06:00:00
O002333,C02824,P0075,5,2025-07-14 08:00:00
O002334,C01736,P0057,3,2025-07-14 10:00:00
O002335,C01586,P0077,4,2025-07-14 12:00:00
O002336,C00067,P0097,5,2025-07-14 14:00:00
O002337,C02429,P0055,3,2025-07-14 16:00:00
O002338,C00058,P0066,3,2025-07-14 18:00:00
O002339,C00342,P0098,2,2025-07-14 20:00:00
O002340,C01154,P0093,2,2025-07-14 22:00:00
O002341,C02775,P0037,4,2025-07-15 00:00:00
O002342,C01196,P0068,4,2025-07-15 02:00:00
O002343,C02818,P0076,1,2025-07-15 04:00:00
O002344,C02662,P0026,4,2025-07-15 06:00:00
O002345,C01233,P0061,2,2025-07-15 08:00:00
O002346,C02402,P0092,3,2025-07-15 10:00:00
O002347,C01495,P0067,1,2025-07-15 12:00:00
O002348,C01822,P0084,4,2025-07-15 14:00:00
O002349,C00116,P0074,3,2025-07-15 16:00:00
O002350,C00662,P0052,2,2025-07-15 18:00:00
O002351,C01466,P0018,5,2025-07-15 20:00:00
O002352,C02501,P0053,1,2025-07-15 22:00:00
O002353,C01869,P0063,3,2025-07-16 00:00:00
O002354,C02335,P0053,2,2025-07-16 02:00:00
O002355,C01017,P0027,2,2025-07-16 04:00:00
O002356,C00311,P0031,1,2025-07-16 06:00:00
O002357,C00208,P0091,1,2025-07-16 08:00:00
O002358,C02666,P0001,4,2025-07-16 10:00:00
O002359,C02494,P0006,4,2025-07-16 12:00:00
O002360,C02718,P0011,1,2025-07-16 14:00:00
O002361,C00633,P0034,1,2025-07-16 16:00:00
O002362,C02103,P0084,3,2025-07-16 18:00:00
O002363,C02960,P0063,4,2025-07-16 20:00:00
O002364,C00657,P0053,2,2025-07-16 22:00:00
O002365,C01424,P0085,4,2025-07-17 00:00:00
O002366,C01932,P0085,4,2025-07-17 02:00:00
O002367,C02563,P0018,1,2025-07-17 04:00:00
O002368,C01680,P0021,1,2025-07-17 06:00:00
O002369,C00237,P0019,4,2025-07-17 08:00:00
O002370,C00348,P0004,5,2025-07-17 10:00:00
O002371,C02675,P0077,5,2025-07-17 12:00:00
O002372,C00630,P0082,4,2025-07-17 14:00:00
O002373,C01541,P0029,5,2025-07-17 16:00:00
O002374,C02004,P0025,4,2025-07-17 18:00:00
O002375,C01272,P0056,1,2025-07-17 20:00:00
O002376,C00364,P0077,1,2025-07-17 22:00:00
O002377,C02369,P0063,1,2025-07-18 00:00:00
O002378,C00286,P0027,2,2025-07-18 02:00:00
O002379,C00149,P0060,1,2025-07-18 04:00:00
O002380,C01108,P0083,1,2025-07-18 06:00:00
O002381,C02454,P0049,4,2025-07-18 08:00:00
O002382,C00456,P0065,5,2025-07-18 10:00:00
O002383,C01767,P0038,5,2025-07-18 12:00:00
O002384,C00800,P0083,1,2025-07-18 14:00:00
O002385,C01185,P0052,1,2025-07-18 16:00:00
O002386,C01013,P0001,1,2025-07-18 18:00:00
O002387,C02832,P0040,4,2025-07-18 20:00:00
O002388,C02508,P0081,4,2025-07-18 22:00:00
O002389,C01524,P0021,4,2025-07-19 00:00:00
O002390,C02786,P0086,5,2025-07-19 02:00:00
O002391,C02557,P0015,2,2025-07-19 04:00:00
O002392,C00481,P0050,5,2025-07-19 06:00:00
O002393,C01687,P0048,4,2025-07-19 08:00:00
O002394,C02162,P0032,3,2025-07-19 10:00:00
O002395,C02797,P0049,2,2025-07-19 12:00:00
O002396,C01602,P0068,1,2025-07-19 14:00:00
O002397,C02409,P0045,5,2025-07-19 16:00:00
O002398,C00341,P0032,2,2025-07-19 18:00:00
O002399,C02818,P0004,3,2025-07-19 20:00:00
O002400,C02011,P0065,2,2025-07-19 22:00:00
O002401,C02809,P0097,5,2025-07-20 00:00:00
O002402,C02497,P0071,4,2025-07-20 02:00:00
O002403,C01867,P0073,1,2025-07-20 04:00:00
O002404,C00835,P0065,4,2025-07-20 06:00:00
O002405,C01204,P0080,4,2025-07-20 08:00:00
O002406,C01726,P0018,5,2025-07-20 10:00:00
O002407,C01690,P0054,4,2025-07-20 12:00:00
O002408,C00311,P0047,4,2025-07-20 14:00:00
O002409,C00262,P0006,5,2025-07-20 16:00:00
O002410,C01443,P0066,5,2025-07-20 18:00:00
O002411,C00406,P0009,3,2025-07-20 20:00:00
O002412,C02191,P0068,4,2025-07-20 22:00:00
O002413,C00342,P0023,2,2025-07-21 00:00:00
O002414,C01340,P0043,1,2025-07-21 02:00:00
O002415,C00244,P0051,1,2025-07-21 04:00:00
O002416,C00490,P0072,5,2025-07-21 06:00:00
O002417,C00012,P0025,5,2025-07-21 08:00:00
O002418,C00561,P0080,3,2025-07-21 10:00:00
O002419,C00042,P0035,4,2025-07-21 12:00:00
O002420,C02726,P0017,5,2025-07-21 14:00:00
O002421,C00594,P0018,5,2025-07-21 16:00:00
O002422,C01453,P0027,1,2025-07-21 18:00:00
O002423,C01827,P0015,4,2025-07-21 20:00:00
O002424,C01694,P0081,3,2025-07-21 22:00:00
O002425,C00134,P0069,5,2025-07-22 00:00:00
O002426,C00948,P0080,5,2025-07-22 02:00:00
O002427,C00073,P0015,5,2025-07-22 04:00:00
O002428,C00399,P0042,1,2025-07-22 06:00:00
O002429,C01429,P0034,5,2025-07-22 08:00:00
O002430,C02626,P0048,5,2025-07-22 10:00:00
O002431,C02907,P0083,1,2025-07-22 12:00:00
O002432,C00130,P0008,5,2025-07-22 14:00:00
O002433,C02979,P0010,4,2025-07-22 16:00:00
O002434,C01812,P0005,4,2025-07-22 18:00:00
O002435,C02002,P0048,1,2025-07-22 20:00:00
O002436,C00266,P0026,4,2025-07-22 22:00:00
O002437,C01561,P0086,3,2025-07-23 00:00:00
O002438,C01986,P0023,5,2025-07-23 02:00:00
O002439,C00793,P0062,3,2025-07-23 04:00:00
O002440,C02301,P0013,4,2025-07-23 06:00:00
O002441,C02870,P0009,1,2025-07-23 08:00:00
O002442,C01313,P0020,1,2025-07-23 10:00:00
O002443,C00164,P0092,3,2025-07-23 12:00:00
O002444,C00095,P0057,4,2025-07-23 14:00:00
O002445,C01806,P0024,5,2025-07-23 16:00:00
O002446,C02881,P0033,4,2025-07-23 18:00:00
O002447,C01134,P0020,4,2025-07-23 20:00:00
O002448,C02384,P0060,1,2025-07-23 22:00:00
O002449,C00822,P0048,2,2025-07-24 00:00:00
O002450,C00238,P0064,5,2025-07-24 02:00:00
O002451,C02429,P0030,5,2025-07-24 04:00:00
O002452,C02947,P0073,1,2025-07-24 06:00:00
O002453,C02531,P0017,4,2025-07-24 08:00:00
O002454,C01961,P0100,1,2025-07-24 10:00:00
O002455,C02950,P0014,4,2025-07-24 12:00:00
O002456,C01049,P0019,2,2025-07-24 14:00:00
O002457,C01677,P0071,2,2025-07-24 16:00:00
O002458,C02530,P0059,3,2025-07-24 18:00:00
O002459,C02965,P0067,4,2025-07-24 20:00:00
O002460,C00964,P0097,1,2025-07-24 22:00:00
O002461,C00537,P0044,1,2025-07-25 00:00:00
O002462,C01604,P0032,1,2025-07-25 02:00:00
O002463,C01980,P0011,3,2025-07-25 04:00:00
O002464,C00128,P0002,5,2025-07-25 06:00:00
O002465,C00092,P0090,1,2025-07-25 08:00:00
O002466,C00543,P0068,2,2025-07-25 10:00:00
O002467,C00846,P0017,1,2025-07-25 12:00:00
O002468,C01682,P0081,1,2025-07-25 14:00:00
O002469,C01852,P0092,1,2025-07-25 16:00:00
O002470,C02495,P0094,5,2025-07-25 18:00:00
O002471,C00390,P0040,1,2025-07-25 20:00:00
O002472,C02720,P0087,5,2025-07-25 22:00:00
O002473,C01885,P0046,5,2025-07-26 00:00:00
O002474,C00043,P0088,3,2025-07-26 02:00:00
O002475,C00254,P0093,2,2025-07-26 04:00:00
O002476,C01084,P0004,1,2025-07-26 06:00:00
O002477,C02711,P0038,1,2025-07-26 08:00:00
O002478,C02515,P0063,1,2025-07-26 10:00:00
O002479,C02335,P0029,5,2025-07-26 12:00:00
O002480,C01541,P0019,4,2025-07-26 14:00:00
O002481,C01954,P0091,2,2025-07-26 16:00:00
O002482,C02826,P0029,1,2025-07-26 18:00:00
O002483,C02393,P0100,4,2025-07-26 20:00:00
O002484,C00642,P0035,4,2025-07-26 22:00:00
O002485,C02430,P0070,4,2025-07-27 00:00:00
O002486,C00690,P0023,2,2025-07-27 02:00:00
O002487,C01277,P0046,4,2025-07-27 04:00:00
O002488,C01951,P0044,1,2025-07-27 06:00:00
O002489,C01080,P0048,1,2025-07-27 08:00:00
O002490,C01487,P0052,3,2025-07-27 10:00:00
O002491,C00457,P0008,5,2025-07-27 12:00:00
O002492,C00983,P0055,4,2025-07-27 14:00:00
O002493,C02131,P0066,5,2025-07-27 16:00:00
O002494,C01123,P0077,5,2025-07-27 18:00:00
O002495,C00149,P0040,5,2025-07-27 20:00:00
O002496,C01353,P0085,5,2025-07-27 22:00:00
O002497,C01180,P0031,5,2025-07-28 00:00:00
O002498,C00190,P0048,1,2025-07-28 02:00:00
O002499,C00883,P0100,2,2025-07-28 04:00:00
O002500,C02311,P0061,4,2025-07-28 06:00:00
O002501,C00400,P0052,4,2025-07-28 08:00:00
O002502,C02812,P0038,1,2025-07-28 10:00:00
O002503,C00609,P0091,1,2025-07-28 12:00:00
O002504,C01796,P0036,5,2025-07-28 14:00:00
O002505,C01639,P0087,2,2025-07-28 16:00:00
O002506,C01576,P0055,4,2025-07-28 18:00:00
O002507,C02833,P0085,3,2025-07-28 20:00:00
O002508,C02149,P0013,1,2025-07-28 22:00:00
O002509,C01383,P0037,3,2025-07-29 00:00:00
O002510,C01404,P0047,4,2025-07-29 02:00:00
O002511,C00820,P0090,1,2025-07-29 04:00:00
O002512,C00820,P0071,4,2025-07-29 06:00:00
O002513,C00420,P0022,1,2025-07-29 08:00:00
O002514,C00124,P0039,4,2025-07-29 10:00:00
O002515,C00422,P0087,3,2025-07-29 12:00:00
O002516,C01509,P0058,2,2025-07-29 14:00:00
O002517,C01598,P0030,1,2025-07-29 16:00:00
O002518,C00768,P0018,3,2025-07-29 18:00:00
O002519,C02045,P0018,4,2025-07-29 20:00:00
O002520,C02531,P0074,3,2025-07-29 22:00:00
O002521,C02567,P0039,1,2025-07-30 00:00:00
O002522,C02203,P0094,3,2025-07-30 02:00:00
O002523,C02140,P0026,4,2025-07-30 04:00:00
O002524,C01550,P0071,5,2025-07-30 06:00:00
O002525,C02503,P0007,2,2025-07-30 08:00:00
O002526,C01765,P0069,2,2025-07-30 10:00:00
O002527,C02045,P0065,5,2025-07-30 12:00:00
O002528,C02646,P0046,1,2025-07-30 14:00:00
O002529,C00510,P0018,3,2025-07-30 16:00:00
O002530,C01207,P0013,3,2025-07-30 18:00:00
O002531,C00386,P0025,5,2025-07-30 20:00:00
O002532,C01598,P0008,5,2025-07-30 22:00:00
O002533,C02453,P0074,4,2025-07-31 00:00:00
O002534,C02294,P0032,4,2025-07-31 02:00:00
O002535,C00742,P0017,2,2025-07-31 04:00:00
O002536,C02709,P0079,1,2025-07-31 06:00:00
O002537,C02698,P0079,1,2025-07-31 08:00:00
O002538,C01912,P0048,5,2025-07-31 10:00:00
O002539,C01447,P0063,2,2025-07-31 12:00:00
O002540,C00901,P0040,2,2025-07-31 14:00:00
O002541,C02113,P0084,4,2025-07-31 16:00:00
O002542,C02261,P0015,3,2025-07-31 18:00:00
O002543,C02010,P0099,1,2025-07-31 20:00:00
O002544,C00242,P0006,2,2025-07-31 22:00:00
O002545,C02541,P0094,4,2025-08-01 00:00:00
O002546,C02386,P0063,4,2025-08-01 02:00:00
O002547,C02021,P0008,4,2025-08-01 04:00:00
O002548,C00173,P0095,3,2025-08-01 06:00:00
O002549,C00672,P0032,2,2025-08-01 08:00:00
O002550,C00164,P0045,5,2025-08-01 10:00:00
O002551,C00465,P0052,5,2025-08-01 12:00:00
O002552,C00497,P0079,4,2025-08-01 14:00:00
O002553,C00700,P0082,4,2025-08-01 16:00:00
O002554,C02443,P0013,3,2025-08-01 18:00:00
O002555,C00703,P0024,4,2025-08-01 20:00:00
O002556,C01941,P0040,2,2025-08-01 22:00:00
O002557,C02356,P0014,4,2025-08-02 00:00:00
O002558,C01792,P0092,4,2025-08-02 02:00:00
O002559,C00183,P0075,2,2025-08-02 04:00:00
O002560,C00629,P0070,1,2025-08-02 06:00:00
O002561,C02558,P0062,5,2025-08-02 08:00:00
O002562,C01732,P0089,4,2025-08-02 10:00:00
O002563,C00546,P0061,2,2025-08-02 12:00:00
O002564,C01588,P0001,5,2025-08-02 14:00:00
O002565,C00624,P0089,3,2025-08-02 16:00:00
O002566,C00594,P0066,1,2025-08-02 18:00:00
O002567,C00744,P0032,4,2025-08-02 20:00:00
O002568,C01769,P0013,1,2025-08-02 22:00:00
O002569,C01460,P0033,4,2025-08-03 00:00:00
O002570,C01949,P0032,4,2025-08-03 02:00:00
O002571,C02602,P0056,4,2025-08-03 04:00:00
O002572,C02069,P0024,1,2025-08-03 06:00:00
O002573,C02602,P0091,3,2025-08-03 08:00:00
O002574,C02445,P0004,2,2025-08-03 10:00:00
O002575,C02673,P0088,2,2025-08-03 12:00:00
O002576,C00105,P0023,3,2025-08-03 14:00:00
O002577,C02240,P0029,3,2025-08-03 16:00:00
O002578,C00017,P0098,4,2025-08-03 18:00:00
O002579,C00393,P0021,4,2025-08-03 20:00:00
O002580,C00425,P0030,2,2025-08-03 22:00:00
O002581,C02177,P0090,4,2025-08-04 00:00:00
O002582,C00572,P0020,4,2025-08-04 02:00:00
O002583,C02077,P0016,3,2025-08-04 04:00:00
O002584,C01121,P0067,1,2025-08-04 06:00:00
O002585,C00242,P0049,5,2025-08-04 08:00:00
O002586,C02280,P0058,5,2025-08-04 10:00:00
O002587,C00789,P0044,4,2025-08-04 12:00:00
O002588,C00715,P0025,4,2025-08-04 14:00:00
O002589,C00759,P0023,5,2025-08-04 16:00:00
O002590,C02850,P0059,3,2025-08-04 18:00:00
O002591,C00776,P0001,5,2025-08-04 20:00:00
O002592,C02774,P0097,5,2025-08-04 22:00:00
O002593,C02248,P0015,5,2025-08-05 00:00:00
O002594,C02993,P0081,4,2025-08-05 02:00:00
O002595,C00079,P0098,4,2025-08-05 04:00:00
O002596,C00856,P0081,5,2025-08-05 06:00:00
O002597,C02515,P0052,4,2025-08-05 08:00:00
O002598,C02629,P0058,5,2025-08-05 10:00:00
O002599,C01440,P0041,3,2025-08-05 12:00:00
O002600,C02988,P0044,4,2025-08-05 14:00:00
O002601,C02497,P0004,1,2025-08-05 16:00:00
O002602,C02135,P0077,4,2025-08-05 18:00:00
O002603,C02149,P0068,3,2025-08-05 20:00:00
O002604,C01032,P0007,3,2025-08-05 22:00:00
O002605,C00845,P0046,4,2025-08-06 00:00:00
O002606,C00087,P0009,2,2025-08-06 02:00:00
O002607,C02091,P0087,5,2025-08-06 04:00:00
O002608,C00408,P0033,5,2025-08-06 06:00:00
O002609,C02712,P0033,3,2025-08-06 08:00:00
O002610,C01669,P0084,4,2025-08-06 10:00:00
O002611,C00148,P0004,2,2025-08-06 12:00:00
O002612,C02325,P0065,1,2025-08-06 14:00:00
O002613,C00232,P0034,5,2025-08-06 16:00:00
O002614,C01951,P0091,2,2025-08-06 18:00:00
O002615,C00366,P0085,5,2025-08-06 20:00:00
O002616,C01675,P0088,4,2025-08-06 22:00:00
O002617,C00436,P0079,5,2025-08-07 00:00:00
O002618,C00399,P0099,1,2025-08-07 02:00:00
O002619,C01235,P0064,4,2025-08-07 04:00:00
O002620,C01415,P0025,3,2025-08-07 06:00:00
O002621,C02547,P0055,2,2025-08-07 08:00:00
O002622,C02588,P0009,5,2025-08-07 10:00:00
O002623,C00563,P0017,4,2025-08-07 12:00:00
O002624,C02490,P0021,4,2025-08-07 14:00:00
O002625,C01285,P0060,5,2025-08-07 16:00:00
O002626,C00773,P0013,3,2025-08-07 18:00:00
O002627,C02398,P0003,5,2025-08-07 20:00:00
O002628,C02038,P0068,3,2025-08-07 22:00:00
O002629,C02568,P0004,5,2025-08-08 00:00:00
O002630,C01344,P0092,4,2025-08-08 02:00:00
O002631,C02186,P0007,1,2025-08-08 04:00:00
O002632,C01574,P0026,1,2025-08-08 06:00:00
O002633,C00992,P0075,4,2025-08-08 08:00:00
O002634,C02416,P0024,1,2025-08-08 10:00:00
O002635,C01247,P0010,3,2025-08-08 12:00:00
O002636,C00360,P0013,4,2025-08-08 14:00:00
O002637,C00921,P0044,3,2025-08-08 16:00:00
O002638,C02377,P0039,4,2025-08-08 18:00:00
O002639,C02511,P0019,3,2025-08-08 20:00:00
O002640,C02994,P0051,3,2025-08-08 22:00:00
O002641,C00963,P0019,1,2025-08-09 00:00:00
O002642,C01828,P0076,4,2025-08-09 02:00:00
O002643,C02884,P0052,5,2025-08-09 04:00:00
O002644,C01614,P0086,1,2025-08-09 06:00:00
O002645,C01641,P0047,3,2025-08-09 08:00:00
O002646,C02217,P0030,3,2025-08-09 10:00:00
O002647,C00217,P0046,5,2025-08-09 12:00:00
O002648,C00378,P0076,5,2025-08-09 14:00:00
O002649,C00119,P0093,3,2025-08-09 16:00:00
O002650,C00190,P0021,5,2025-08-09 18:00:00
O002651,C02815,P0075,2,2025-08-09 20:00:00
O002652,C00370,P0048,1,2025-08-09 22:00:00
O002653,C01802,P0062,4,2025-08-10 00:00:00
O002654,C02197,P0058,5,2025-08-10 02:00:00
O002655,C00652,P0018,5,2025-08-10 04:00:00
O002656,C01883,P0059,2,2025-08-10 06:00:00
O002657,C01512,P0091,4,2025-08-10 08:00:00
O002658,C00770,P0048,2,2025-08-10 10:00:00
O002659,C02422,P0063,4,2025-08-10 12:00:00
O002660,C00781,P0012,1,2025-08-10 14:00:00
O002661,C01717,P0087,5,2025-08-10 16:00:00
O002662,C02208,P0034,1,2025-08-10 18:00:00
O002663,C02399,P0061,4,2025-08-10 20:00:00
O002664,C01312,P0087,5,2025-08-10 22:00:00
O002665,C02940,P0053,2,2025-08-11 00:00:00
O002666,C01250,P0025,3,2025-08-11 02:00:00
O002667,C00523,P0062,2,2025-08-11 04:00:00
O002668,C00522,P0004,3,2025-08-11 06:00:00
O002669,C00783,P0094,2,2025-08-11 08:00:00
O002670,C02321,P0094,4,2025-08-11 10:00:00
O002671,C00936,P0013,1,2025-08-11 12:00:00
O002672,C02231,P0042,3,2025-08-11 14:00:00
O002673,C01689,P0049,4,2025-08-11 16:00:00
O002674,C00488,P0078,1,2025-08-11 18:00:00
O002675,C01851,P0056,1,2025-08-11 20:00:00
O002676,C00846,P0047,5,2025-08-11 22:00:00
O002677,C02172,P0008,5,2025-08-12 00:00:00
O002678,C02838,P0055,5,2025-08-12 02:00:00
O002679,C02462,P0088,3,2025-08-12 04:00:00
O002680,C02004,P0018,3,2025-08-12 06:00:00
O002681,C01749,P0035,1,2025-08-12 08:00:00
O002682,C00686,P0089,3,2025-08-12 10:00:00
O002683,C02161,P0081,1,2025-08-12 12:00:00
O002684,C02936,P0032,4,2025-08-12 14:00:00
O002685,C02170,P0024,2,2025-08-12 16:00:00
O002686,C01568,P0007,1,2025-08-12 18:00:00
O002687,C01246,P0013,1,2025-08-12 20:00:00
O002688,C00039,P0091,4,2025-08-12 22:00:00
O002689,C02545,P0069,5,2025-08-13 00:00:00
O002690,C00780,P0100,5,2025-08-13 02:00:00
O002691,C01257,P0090,5,2025-08-13 04:00:00
O002692,C02991,P0042,1,2025-08-13 06:00:00
O002693,C02197,P0031,1,2025-08-13 08:00:00
O002694,C02709,P0074,3,2025-08-13 10:00:00
O002695,C01928,P0026,3,2025-08-13 12:00:00
O002696,C00302,P0086,2,2025-08-13 14:00:00
O002697,C02286,P0076,2,2025-08-13 16:00:00
O002698,C00647,P0032,3,2025-08-13 18:00:00
O002699,C00663,P0091,1,2025-08-13 20:00:00
O002700,C02284,P0097,4,2025-08-13 22:00:00
O002701,C01760,P0052,3,2025-08-14 00:00:00
O002702,C02251,P0020,1,2025-08-14 02:00:00
O002703,C00256,P0040,3,2025-08-14 04:00:00
O002704,C00598,P0059,5,2025-08-14 06:00:00
O002705,C00662,P0077,3,2025-08-14 08:00:00
O002706,C00235,P0014,5,2025-08-14 10:00:00
O002707,C01369,P0044,1,2025-08-14 12:00:00
O002708,C02582,P0086,5,2025-08-14 14:00:00
O002709,C02908,P0082,3,2025-08-14 16:00:00
O002710,C00770,P0048,5,2025-08-14 18:00:00
O002711,C02589,P0093,4,2025-08-14 20:00:00
O002712,C00213,P0043,5,2025-08-14 22:00:00
O002713,C00463,P0016,5,2025-08-15 00:00:00
O002714,C02484,P0035,2,2025-08-15 02:00:00
O002715,C00283,P0053,4,2025-08-15 04:00:00
O002716,C01487,P0034,1,2025-08-15 06:00:00
O002717,C01431,P0003,5,2025-08-15 08:00:00
O002718,C00088,P0068,4,2025-08-15 10:00:00
O002719,C01068,P0005,1,2025-08-15 12:00:00
O002720,C00461,P0010,4,2025-08-15 14:00:00
O002721,C02326,P0052,2,2025-08-15 16:00:00
O002722,C02469,P0029,1,2025-08-15 18:00:00
O002723,C01725,P0096,1,2025-08-15 20:00:00
O002724,C01377,P0031,5,2025-08-15 22:00:00
O002725,C02744,P0066,3,2025-08-16 00:00:00
O002726,C00515,P0076,1,2025-08-16 02:00:00
O002727,C00703,P0091,1,2025-08-16 04:00:00
O002728,C01654,P0069,2,2025-08-16 06:00:00
O002729,C02067,P0037,2,2025-08-16 08:00:00
O002730,C00023,P0027,2,2025-08-16 10:00:00
O002731,C02461,P0087,5,2025-08-16 12:00:00
O002732,C01054,P0033,1,2025-08-16 14:00:00
O002733,C01831,P0068,2,2025-08-16 16:00:00
O002734,C02156,P0059,2,2025-08-16 18:00:00
O002735,C01305,P0064,4,2025-08-16 20:00:00
O002736,C01135,P0085,4,2025-08-16 22:00:00
O002737,C02184,P0088,2,2025-08-17 00:00:00
O002738,C00362,P0044,5,2025-08-17 02:00:00
O002739,C02177,P0095,3,2025-08-17 04:00:00
O002740,C01900,P0088,4,2025-08-17 06:00:00
O002741,C01285,P0049,4,2025-08-17 08:00:00
O002742,C00515,P0053,1,2025-08-17 10:00:00
O002743,C00449,P0074,1,2025-08-17 12:00:00
O002744,C01924,P0049,2,2025-08-17 14:00:00
O002745,C01507,P0066,1,2025-08-17 16:00:00
O002746,C01248,P0095,1,2025-08-17 18:00:00
O002747,C01856,P0063,3,2025-08-17 20:00:00
O002748,C00874,P0025,5,2025-08-17 22:00:00
O002749,C02521,P0004,2,2025-08-18 00:00:00
O002750,C01429,P0051,3,2025-08-18 02:00:00
O002751,C02350,P0011,2,2025-08-18 04:00:00
O002752,C02279,P0017,5,2025-08-18 06:00:00
O002753,C01755,P0066,2,2025-08-18 08:00:00
O002754,C00923,P0070,1,2025-08-18 10:00:00
O002755,C02985,P0073,5,2025-08-18 12:00:00
O002756,C02160,P0069,3,2025-08-18 14:00:00
O002757,C01037,P0084,3,2025-08-18 16:00:00
O002758,C01417,P0029,4,2025-08-18 18:00:00
O002759,C02548,P0085,3,2025-08-18 20:00:00
O002760,C02980,P0073,4,2025-08-18 22:00:00
O002761,C02646,P0092,1,2025-08-19 00:00:00
O002762,C02282,P0072,3,2025-08-19 02:00:00
O002763,C02650,P0095,5,2025-08-19 04:00:00
O002764,C00314,P0020,4,2025-08-19 06:00:00
O002765,C02614,P0027,3,2025-08-19 08:00:00
O002766,C02257,P0008,1,2025-08-19 10:00:00
O002767,C01998,P0085,5,2025-08-19 12:00:00
O002768,C01038,P0061,5,2025-08-19 14:00:00
O002769,C01657,P0028,1,2025-08-19 16:00:00
O002770,C02635,P0087,3,2025-08-19 18:00:00
O002771,C01779,P0070,2,2025-08-19 20:00:00
O002772,C01015,P0003,3,2025-08-19 22:00:00
O002773,C01094,P0069,4,2025-08-20 00:00:00
O002774,C01125,P0073,4,2025-08-20 02:00:00
O002775,C00698,P0007,3,2025-08-20 04:00:00
O002776,C02180,P0060,4,2025-08-20 06:00:00
O002777,C01405,P0004,2,2025-08-20 08:00:00
O002778,C01156,P0005,2,2025-08-20 10:00:00
O002779,C01044,P0011,5,2025-08-20 12:00:00
O002780,C01930,P0015,4,2025-08-20 14:00:00
O002781,C02584,P0064,3,2025-08-20 16:00:00
O002782,C01014,P0098,5,2025-08-20 18:00:00
O002783,C00227,P0013,2,2025-08-20 20:00:00
O002784,C01829,P0007,5,2025-08-20 22:00:00
O002785,C01493,P0006,1,2025-08-21 00:00:00
O002786,C00822,P0056,4,2025-08-21 02:00:00
O002787,C02024,P0064,3,2025-08-21 04:00:00
O002788,C00871,P0050,2,2025-08-21 06:00:00
O002789,C02453,P0030,5,2025-08-21 08:00:00
O002790,C02250,P0022,3,2025-08-21 10:00:00
O002791,C02086,P0025,4,2025-08-21 12:00:00
O002792,C02990,P0028,3,2025-08-21 14:00:00
O002793,C01796,P0084,4,2025-08-21 16:00:00
O002794,C00188,P0039,4,2025-08-21 18:00:00
O002795,C01081,P0067,4,2025-08-21 20:00:00
O002796,C00941,P0005,5,2025-08-21 22:00:00
O002797,C02321,P0065,4,2025-08-22 00:00:00
O002798,C02631,P0015,3,2025-08-22 02:00:00
O002799,C02564,P0090,1,2025-08-22 04:00:00
O002800,C00526,P0067,3,2025-08-22 06:00:00
O002801,C00336,P0040,5,2025-08-22 08:00:00
O002802,C02746,P0098,4,2025-08-22 10:00:00
O002803,C01079,P0069,1,2025-08-22 12:00:00
O002804,C02548,P0095,5,2025-08-22 14:00:00
O002805,C02948,P0077,2,2025-08-22 16:00:00
O002806,C02814,P0043,2,2025-08-22 18:00:00
O002807,C02584,P0001,2,2025-08-22 20:00:00
O002808,C00162,P0022,1,2025-08-22 22:00:00
O002809,C00594,P0062,3,2025-08-23 00:00:00
O002810,C01939,P0079,1,2025-08-23 02:00:00
O002811,C02207,P0026,1,2025-08-23 04:00:00
O002812,C00060,P0018,1,2025-08-23 06:00:00
O002813,C02963,P0048,2,2025-08-23 08:00:00
O002814,C01902,P0009,3,2025-08-23 10:00:00
O002815,C02259,P0001,1,2025-08-23 12:00:00
O002816,C00406,P0009,3,2025-08-23 14:00:00
O002817,C00664,P0023,4,2025-08-23 16:00:00
O002818,C01133,P0045,1,2025-08-23 18:00:00
O002819,C01100,P0002,1,2025-08-23 20:00:00
O002820,C00542,P0014,1,2025-08-23 22:00:00
O002821,C01338,P0038,4,2025-08-24 00:00:00
O002822,C00998,P0040,4,2025-08-24 02:00:00
O002823,C01141,P0063,2,2025-08-24 04:00:00
O002824,C02975,P0082,5,2025-08-24 06:00:00
O002825,C00868,P0016,3,2025-08-24 08:00:00
O002826,C02067,P0093,5,2025-08-24 10:00:00
O002827,C00432,P0075,1,2025-08-24 12:00:00
O002828,C00740,P0006,1,2025-08-24 14:00:00
O002829,C01374,P0003,2,2025-08-24 16:00:00
O002830,C00183,P0014,5,2025-08-24 18:00:00
O002831,C02161,P0066,1,2025-08-24 20:00:00
O002832,C01207,P0096,5,2025-08-24 22:00:00
O002833,C02529,P0095,2,2025-08-25 00:00:00
O002834,C01170,P0075,5,2025-08-25 02:00:00
O002835,C00831,P0086,3,2025-08-25 04:00:00
O002836,C01652,P0067,2,2025-08-25 06:00:00
O002837,C01137,P0031,5,2025-08-25 08:00:00
O002838,C02811,P0033,1,2025-08-25 10:00:00
O002839,C00476,P0088,4,2025-08-25 12:00:00
O002840,C02811,P0001,4,2025-08-25 14:00:00
O002841,C01327,P0044,2,2025-08-25 16:00:00
O002842,C00971,P0015,4,2025-08-25 18:00:00
O002843,C01020,P0037,3,2025-08-25 20:00:00
O002844,C01142,P0027,2,2025-08-25 22:00:00
O002845,C01837,P0048,1,2025-08-26 00:00:00
O002846,C00161,P0027,1,2025-08-26 02:00:00
O002847,C02449,P0012,2,2025-08-26 04:00:00
O002848,C00198,P0067,4,2025-08-26 06:00:00
O002849,C01284,P0030,4,2025-08-26 08:00:00
O002850,C00660,P0096,1,2025-08-26 10:00:00
O002851,C01776,P0087,3,2025-08-26 12:00:00
O002852,C01071,P0066,4,2025-08-26 14:00:00
O002853,C02011,P0007,3,2025-08-26 16:00:00
O002854,C00399,P0034,4,2025-08-26 18:00:00
O002855,C01734,P0032,2,2025-08-26 20:00:00
O002856,C01583,P0039,5,2025-08-26 22:00:00
O002857,C02126,P0096,1,2025-08-27 00:00:00
O002858,C02172,P0043,2,2025-08-27 02:00:00
O002859,C00075,P0043,4,2025-08-27 04:00:00
O002860,C02185,P0078,1,2025-08-27 06:00:00
O002861,C00602,P0003,5,2025-08-27 08:00:00
O002862,C00837,P0046,5,2025-08-27 10:00:00
O002863,C01529,P0032,4,2025-08-27 12:00:00
O002864,C00500,P0043,1,2025-08-27 14:00:00
O002865,C01597,P0100,4,2025-08-27 16:00:00
O002866,C00138,P0081,5,2025-08-27 18:00:00
O002867,C02098,P0003,2,2025-08-27 20:00:00
O002868,C01795,P0074,2,2025-08-27 22:00:00
O002869,C00973,P0063,3,2025-08-28 00:00:00
O002870,C01643,P0040,5,2025-08-28 02:00:00
O002871,C01886,P0018,5,2025-08-28 04:00:00
O002872,C02302,P0067,4,2025-08-28 06:00:00
O002873,C02029,P0062,3,2025-08-28 08:00:00
O002874,C02758,P0010,3,2025-08-28 10:00:00
O002875,C01901,P0052,1,2025-08-28 12:00:00
O002876,C02611,P0073,4,2025-08-28 14:00:00
O002877,C02805,P0046,2,2025-08-28 16:00:00
O002878,C01450,P0055,1,2025-08-28 18:00:00
O002879,C00547,P0046,3,2025-08-28 20:00:00
O002880,C00922,P0075,2,2025-08-28 22:00:00
O002881,C00581,P0060,5,2025-08-29 00:00:00
O002882,C01373,P0097,4,2025-08-29 02:00:00
O002883,C01957,P0100,3,2025-08-29 04:00:00
O002884,C02004,P0026,5,2025-08-29 06:00:00
O002885,C02097,P0027,3,2025-08-29 08:00:00
O002886,C02965,P0038,2,2025-08-29 10:00:00
O002887,C00704,P0022,1,2025-08-29 12:00:00
O002888,C02309,P0026,2,2025-08-29 14:00:00
O002889,C02404,P0086,4,2025-08-29 16:00:00
O002890,C01626,P0069,4,2025-08-29 18:00:00
O002891,C00638,P0035,3,2025-08-29 20:00:00
O002892,C02791,P0066,2,2025-08-29 22:00:00
O002893,C01010,P0099,1,2025-08-30 00:00:00
O002894,C02979,P0073,4,2025-08-30 02:00:00
O002895,C00641,P0051,1,2025-08-30 04:00:00
O002896,C02840,P0018,5,2025-08-30 06:00:00
O002897,C02660,P0043,3,2025-08-30 08:00:00
O002898,C01862,P0012,1,2025-08-30 10:00:00
O002899,C02857,P0003,3,2025-08-30 12:00:00
O002900,C01206,P0082,5,2025-08-30 14:00:00
O002901,C00686,P0007,1,2025-08-30 16:00:00
O002902,C01852,P0097,1,2025-08-30 18:00:00
O002903,C00188,P0006,5,2025-08-30 20:00:00
O002904,C01620,P0082,2,2025-08-30 22:00:00
O002905,C01688,P0045,1,2025-08-31 00:00:00
O002906,C00985,P0086,1,2025-08-31 02:00:00
O002907,C00548,P0039,4,2025-08-31 04:00:00
O002908,C02773,P0051,2,2025-08-31 06:00:00
O002909,C02974,P0009,1,2025-08-31 08:00:00
O002910,C01432,P0099,5,2025-08-31 10:00:00
O002911,C00876,P0023,3,2025-08-31 12:00:00
O002912,C00618,P0012,5,2025-08-31 14:00:00
O002913,C02462,P0088,2,2025-08-31 16:00:00
O002914,C01366,P0062,4,2025-08-31 18:00:00
O002915,C01244,P0073,4,2025-08-31 20:00:00
O002916,C00903,P0077,4,2025-08-31 22:00:00
O002917,C00163,P0040,5,2025-09-01 00:00:00
O002918,C01975,P0054,3,2025-09-01 02:00:00
O002919,C00270,P0081,3,2025-09-01 04:00:00
O002920,C00632,P0007,1,2025-09-01 06:00:00
O002921,C00906,P0017,3,2025-09-01 08:00:00
O002922,C02015,P0050,3,2025-09-01 10:00:00
O002923,C01642,P0024,1,2025-09-01 12:00:00
O002924,C00205,P0002,5,2025-09-01 14:00:00
O002925,C00582,P0099,5,2025-09-01 16:00:00
O002926,C01580,P0092,2,2025-09-01 18:00:00
O002927,C00841,P0083,5,2025-09-01 20:00:00
O002928,C01837,P0033,4,2025-09-01 22:00:00
O002929,C01252,P0021,4,2025-09-02 00:00:00
O002930,C01720,P0074,2,2025-09-02 02:00:00
O002931,C01643,P0053,3,2025-09-02 04:00:00
O002932,C02644,P0046,2,2025-09-02 06:00:00
O002933,C02298,P0045,1,2025-09-02 08:00:00
O002934,C00875,P0009,2,2025-09-02 10:00:00
O002935,C01465,P0006,2,2025-09-02 12:00:00
O002936,C02244,P0051,4,2025-09-02 14:00:00
O002937,C00690,P0035,1,2025-09-02 16:00:00
O002938,C02011,P0082,1,2025-09-02 18:00:00
O002939,C02687,P0053,2,2025-09-02 20:00:00
O002940,C01423,P0019,1,2025-09-02 22:00:00
O002941,C02002,P0069,1,2025-09-03 00:00:00
O002942,C00672,P0025,5,2025-09-03 02:00:00
O002943,C01172,P0011,1,2025-09-03 04:00:00
O002944,C01496,P0074,3,2025-09-03 06:00:00
O002945,C00944,P0017,1,2025-09-03 08:00:00
O002946,C02247,P0036,4,2025-09-03 10:00:00
O002947,C01450,P0090,5,2025-09-03 12:00:00
O002948,C02540,P0095,4,2025-09-03 14:00:00
O002949,C00896,P0096,4,2025-09-03 16:00:00
O002950,C02190,P0021,3,2025-09-03 18:00:00
O002951,C01337,P0018,5,2025-09-03 20:00:00
O002952,C00165,P0060,2,2025-09-03 22:00:00
O002953,C02362,P0018,1,2025-09-04 00:00:00
O002954,C02069,P0001,3,2025-09-04 02:00:00
O002955,C01106,P0014,3,2025-09-04 04:00:00
O002956,C01754,P0008,2,2025-09-04 06:00:00
O002957,C02353,P0066,3,2025-09-04 08:00:00
O002958,C01939,P0051,2,2025-09-04 10:00:00
O002959,C00371,P0079,2,2025-09-04 12:00:00
O002960,C01881,P0060,2,2025-09-04 14:00:00
O002961,C00853,P0034,3,2025-09-04 16:00:00
O002962,C00384,P0036,2,2025-09-04 18:00:00
O002963,C01932,P0062,3,2025-09-04 20:00:00
O002964,C02493,P0001,5,2025-09-04 22:00:00
O002965,C00425,P0085,2,2025-09-05 00:00:00
O002966,C02209,P0042,3,2025-09-05 02:00:00
O002967,C00629,P0001,3,2025-09-05 04:00:00
O002968,C00895,P0096,3,2025-09-05 06:00:00
O002969,C02538,P0084,1,2025-09-05 08:00:00
O002970,C02375,P0054,1,2025-09-05 10:00:00
O002971,C00598,P0047,2,2025-09-05 12:00:00
O002972,C02337,P0100,5,2025-09-05 14:00:00
O002973,C00593,P0039,2,2025-09-05 16:00:00
O002974,C01688,P0030,4,2025-09-05 18:00:00
O002975,C00573,P0007,4,2025-09-05 20:00:00
O002976,C02076,P0022,5,2025-09-05 22:00:00
O002977,C02091,P0050,5,2025-09-06 00:00:00
O002978,C01705,P0045,5,2025-09-06 02:00:00
O002979,C02471,P0074,1,2025-09-06 04:00:00
O002980,C00177,P0072,1,2025-09-06 06:00:00
O002981,C00529,P0091,4,2025-09-06 08:00:00
O002982,C01634,P0010,5,2025-09-06 10:00:00
O002983,C00966,P0014,3,2025-09-06 12:00:00
O002984,C01518,P0046,4,2025-09-06 14:00:00
O002985,C00198,P0075,5,2025-09-06 16:00:00
O002986,C02658,P0006,3,2025-09-06 18:00:00
O002987,C02890,P0021,5,2025-09-06 20:00:00
O002988,C00853,P0062,2,2025-09-06 22:00:00
O002989,C01538,P0097,3,2025-09-07 00:00:00
O002990,C02070,P0019,2,2025-09-07 02:00:00
O002991,C01081,P0088,1,2025-09-07 04:00:00
O002992,C02890,P0082,4,2025-09-07 06:00:00
O002993,C00098,P0099,5,2025-09-07 08:00:00
O002994,C01904,P0062,4,2025-09-07 10:00:00
O002995,C00435,P0083,5,2025-09-07 12:00:00
O002996,C00637,P0053,2,2025-09-07 14:00:00
O002997,C00588,P0024,3,2025-09-07 16:00:00
O002998,C00344,P0056,3,2025-09-07 18:00:00
O002999,C01318,P0062,5,2025-09-07 20:00:00
O003000,C01980,P0034,2,2025-09-07 22:00:00
O003001,C00571,P0022,5,2025-09-08 00:00:00
O003002,C00611,P0068,5,2025-09-08 02:00:00
O003003,C01728,P0057,5,2025-09-08 04:00:00
O003004,C02291,P0010,3,2025-09-08 06:00:00
O003005,C01855,P0066,5,2025-09-08 08:00:00
O003006,C02609,P0008,3,2025-09-08 10:00:00
O003007,C00960,P0097,1,2025-09-08 12:00:00
O003008,C02080,P0038,2,2025-09-08 14:00:00
O003009,C02439,P0062,1,2025-09-08 16:00:00
O003010,C02325,P0028,5,2025-09-08 18:00:00
O003011,C00532,P0010,3,2025-09-08 20:00:00
O003012,C01178,P0045,2,2025-09-08 22:00:00
O003013,C02431,P0065,4,2025-09-09 00:00:00
O003014,C01092,P0098,2,2025-09-09 02:00:00
O003015,C01902,P0067,2,2025-09-09 04:00:00
O003016,C00884,P0009,5,2025-09-09 06:00:00
O003017,C02262,P0005,1,2025-09-09 08:00:00
O003018,C01679,P0010,1,2025-09-09 10:00:00
O003019,C02424,P0012,4,2025-09-09 12:00:00
O003020,C02792,P0082,5,2025-09-09 14:00:00
O003021,C02261,P0058,2,2025-09-09 16:00:00
O003022,C02127,P0021,1,2025-09-09 18:00:00
O003023,C01750,P0021,1,2025-09-09 20:00:00
O003024,C02676,P0065,3,2025-09-09 22:00:00
O003025,C02652,P0003,2,2025-09-10 00:00:00
O003026,C00782,P0069,5,2025-09-10 02:00:00
O003027,C02728,P0089,1,2025-09-10 04:00:00
O003028,C02106,P0064,5,2025-09-10 06:00:00
O003029,C00881,P0049,2,2025-09-10 08:00:00
O003030,C00447,P0072,2,2025-09-10 10:00:00
O003031,C02114,P0017,1,2025-09-10 12:00:00
O003032,C01784,P0073,4,2025-09-10 14:00:00
O003033,C01278,P0032,5,2025-09-10 16:00:00
O003034,C01992,P0070,5,2025-09-10 18:00:00
O003035,C01068,P0021,3,2025-09-10 20:00:00
O003036,C01578,P0007,2,2025-09-10 22:00:00
O003037,C01012,P0007,2,2025-09-11 00:00:00
O003038,C02275,P0027,1,2025-09-11 02:00:00
O003039,C00774,P0008,1,2025-09-11 04:00:00
O003040,C02727,P0073,1,2025-09-11 06:00:00
O003041,C01815,P0028,3,2025-09-11 08:00:00
O003042,C02649,P0079,4,2025-09-11 10:00:00
O003043,C02427,P0066,1,2025-09-11 12:00:00
O003044,C01202,P0071,1,2025-09-11 14:00:00
O003045,C01451,P0047,1,2025-09-11 16:00:00
O003046,C02757,P0082,3,2025-09-11 18:00:00
O003047,C00307,P0086,5,2025-09-11 20:00:00
O003048,C00779,P0010,4,2025-09-11 22:00:00
O003049,C02552,P0033,5,2025-09-12 00:00:00
O003050,C02316,P0007,2,2025-09-12 02:00:00
O003051,C00008,P0003,2,2025-09-12 04:00:00
O003052,C02556,P0014,1,2025-09-12 06:00:00
O003053,C00476,P0044,5,2025-09-12 08:00:00
O003054,C01321,P0046,3,2025-09-12 10:00:00
O003055,C02212,P0061,4,2025-09-12 12:00:00
O003056,C00485,P0036,5,2025-09-12 14:00:00
O003057,C02615,P0013,5,2025-09-12 16:00:00
O003058,C00905,P0016,4,2025-09-12 18:00:00
O003059,C00559,P0080,5,2025-09-12 20:00:00
O003060,C01968,P0005,5,2025-09-12 22:00:00
O003061,C02286,P0089,4,2025-09-13 00:00:00
O003062,C01128,P0038,3,2025-09-13 02:00:00
O003063,C01234,P0050,4,2025-09-13 04:00:00
O003064,C02602,P0038,1,2025-09-13 06:00:00
O003065,C02876,P0056,1,2025-09-13 08:00:00
O003066,C00468,P0063,1,2025-09-13 10:00:00
O003067,C02434,P0048,1,2025-09-13 12:00:00
O003068,C02823,P0090,2,2025-09-13 14:00:00
O003069,C00848,P0059,3,2025-09-13 16:00:00
O003070,C02435,P0077,2,2025-09-13 18:00:00
O003071,C02925,P0044,5,2025-09-13 20:00:00
O003072,C00259,P0090,5,2025-09-13 22:00:00
O003073,C00283,P0055,4,2025-09-14 00:00:00
O003074,C01650,P0055,1,2025-09-14 02:00:00
O003075,C01899,P0001,4,2025-09-14 04:00:00
O003076,C00040,P0008,5,2025-09-14 06:00:00
O003077,C02534,P0004,1,2025-09-14 08:00:00
O003078,C02977,P0085,3,2025-09-14 10:00:00
O003079,C02268,P0086,5,2025-09-14 12:00:00
O003080,C01015,P0053,4,2025-09-14 14:00:00
O003081,C00613,P0058,4,2025-09-14 16:00:00
O003082,C02976,P0037,5,2025-09-14 18:00:00
O003083,C01916,P0049,2,2025-09-14 20:00:00
O003084,C00688,P0067,3,2025-09-14 22:00:00
O003085,C00613,P0019,5,2025-09-15 00:00:00
O003086,C02308,P0001,5,2025-09-15 02:00:00
O003087,C02414,P0029,4,2025-09-15 04:00:00
O003088,C01782,P0087,1,2025-09-15 06:00:00
O003089,C01811,P0033,1,2025-09-15 08:00:00
O003090,C02592,P0052,1,2025-09-15 10:00:00
O003091,C02697,P0041,4,2025-09-15 12:00:00
O003092,C01548,P0023,1,2025-09-15 14:00:00
O003093,C01931,P0005,5,2025-09-15 16:00:00
O003094,C02862,P0071,2,2025-09-15 18:00:00
O003095,C01153,P0057,2,2025-09-15 20:00:00
O003096,C00575,P0006,2,2025-09-15 22:00:00
O003097,C01911,P0049,1,2025-09-16 00:00:00
O003098,C01013,P0022,2,2025-09-16 02:00:00
O003099,C00670,P0077,1,2025-09-16 04:00:00
O003100,C00269,P0076,5,2025-09-16 06:00:00
O003101,C01284,P0004,5,2025-09-16 08:00:00
O003102,C00924,P0072,4,2025-09-16 10:00:00
O003103,C01126,P0064,4,2025-09-16 12:00:00
O003104,C01530,P0037,3,2025-09-16 14:00:00
O003105,C01759,P0031,5,2025-09-16 16:00:00
O003106,C01595,P0037,1,2025-09-16 18:00:00
O003107,C00247,P0045,3,2025-09-16 20:00:00
O003108,C01561,P0090,5,2025-09-16 22:00:00
O003109,C02179,P0008,1,2025-09-17 00:00:00
O003110,C02401,P0040,5,2025-09-17 02:00:00
O003111,C02244,P0097,5,2025-09-17 04:00:00
O003112,C01940,P0093,1,2025-09-17 06:00:00
O003113,C00930,P0005,5,2025-09-17 08:00:00
O003114,C02693,P0028,5,2025-09-17 10:00:00
O003115,C00227,P0081,5,2025-09-17 12:00:00
O003116,C02749,P0087,4,2025-09-17 14:00:00
O003117,C00265,P0009,2,2025-09-17 16:00:00
O003118,C01396,P0002,5,2025-09-17 18:00:00
O003119,C01458,P0063,1,2025-09-17 20:00:00
O003120,C00646,P0096,5,2025-09-17 22:00:00
O003121,C02259,P0051,4,2025-09-18 00:00:00
O003122,C01419,P0031,4,2025-09-18 02:00:00
O003123,C01474,P0007,5,2025-09-18 04:00:00
O003124,C02991,P0030,3,2025-09-18 06:00:00
O003125,C01388,P0058,2,2025-09-18 08:00:00
O003126,C01900,P0003,1,2025-09-18 10:00:00
O003127,C02505,P0051,1,2025-09-18 12:00:00
O003128,C02773,P0056,1,2025-09-18 14:00:00
O003129,C01250,P0073,1,2025-09-18 16:00:00
O003130,C00982,P0010,4,2025-09-18 18:00:00
O003131,C01155,P0061,2,2025-09-18 20:00:00
O003132,C00588,P0050,5,2025-09-18 22:00:00
O003133,C00476,P0047,5,2025-09-19 00:00:00
O003134,C01822,P0090,3,2025-09-19 02:00:00
O003135,C00986,P0001,5,2025-09-19 04:00:00
O003136,C02204,P0094,2,2025-09-19 06:00:00
O003137,C01242,P0057,5,2025-09-19 08:00:00
O003138,C00190,P0038,4,2025-09-19 10:00:00
O003139,C01441,P0062,5,2025-09-19 12:00:00
O003140,C00981,P0079,1,2025-09-19 14:00:00
O003141,C01699,P0089,1,2025-09-19 16:00:00
O003142,C01716,P0070,1,2025-09-19 18:00:00
O003143,C02594,P0082,1,2025-09-19 20:00:00
O003144,C00041,P0065,4,2025-09-19 22:00:00
O003145,C02355,P0062,4,2025-09-20 00:00:00
O003146,C00943,P0056,4,2025-09-20 02:00:00
O003147,C00338,P0067,5,2025-09-20 04:00:00
O003148,C01338,P0017,1,2025-09-20 06:00:00
O003149,C01099,P0008,3,2025-09-20 08:00:00
O003150,C02327,P0060,3,2025-09-20 10:00:00
O003151,C00896,P0040,1,2025-09-20 12:00:00
O003152,C02321,P0081,2,2025-09-20 14:00:00
O003153,C02885,P0089,5,2025-09-20 16:00:00
O003154,C02668,P0062,3,2025-09-20 18:00:00
O003155,C01675,P0041,4,2025-09-20 20:00:00
O003156,C02910,P0012,2,2025-09-20 22:00:00
O003157,C00931,P0093,4,2025-09-21 00:00:00
O003158,C00289,P0089,2,2025-09-21 02:00:00
O003159,C00724,P0100,2,2025-09-21 04:00:00
O003160,C02941,P0054,5,2025-09-21 06:00:00
O003161,C02320,P0089,4,2025-09-21 08:00:00
O003162,C01954,P0093,4,2025-09-21 10:00:00
O003163,C01090,P0011,3,2025-09-21 12:00:00
O003164,C00483,P0060,1,2025-09-21 14:00:00
O003165,C00936,P0068,1,2025-09-21 16:00:00
O003166,C02296,P0078,3,2025-09-21 18:00:00
O003167,C00156,P0046,2,2025-09-21 20:00:00
O003168,C01071,P0038,3,2025-09-21 22:00:00
O003169,C01959,P0061,3,2025-09-22 00:00:00
O003170,C02502,P0017,4,2025-09-22 02:00:00
O003171,C02249,P0066,3,2025-09-22 04:00:00
O003172,C01684,P0072,2,2025-09-22 06:00:00
O003173,C00124,P0036,1,2025-09-22 08:00:00
O003174,C02049,P0074,5,2025-09-22 10:00:00
O003175,C00968,P0007,3,2025-09-22 12:00:00
O003176,C00855,P0100,3,2025-09-22 14:00:00
O003177,C00640,P0016,4,2025-09-22 16:00:00
O003178,C02239,P0014,4,2025-09-22 18:00:00
O003179,C01603,P0080,3,2025-09-22 20:00:00
O003180,C02564,P0025,3,2025-09-22 22:00:00
O003181,C00442,P0004,2,2025-09-23 00:00:00
O003182,C01945,P0029,1,2025-09-23 02:00:00
O003183,C01839,P0056,1,2025-09-23 04:00:00
O003184,C01830,P0006,5,2025-09-23 06:00:00
O003185,C02191,P0001,1,2025-09-23 08:00:00
O003186,C00533,P0039,5,2025-09-23 10:00:00
O003187,C02275,P0001,4,2025-09-23 12:00:00
O003188,C01337,P0063,5,2025-09-23 14:00:00
O003189,C00949,P0057,5,2025-09-23 16:00:00
O003190,C02020,P0067,1,2025-09-23 18:00:00
O003191,C00460,P0065,3,2025-09-23 20:00:00
O003192,C00551,P0065,4,2025-09-23 22:00:00
O003193,C00393,P0021,2,2025-09-24 00:00:00
O003194,C01788,P0030,5,2025-09-24 02:00:00
O003195,C00845,P0096,5,2025-09-24 04:00:00
O003196,C02258,P0033,5,2025-09-24 06:00:00
O003197,C01139,P0048,3,2025-09-24 08:00:00
O003198,C00646,P0022,2,2025-09-24 10:00:00
O003199,C02267,P0094,1,2025-09-24 12:00:00
O003200,C02455,P0054,4,2025-09-24 14:00:00
O003201,C01467,P0004,3,2025-09-24 16:00:00
O003202,C01378,P0087,2,2025-09-24 18:00:00
O003203,C02936,P0055,4,2025-09-24 20:00:00
O003204,C02606,P0044,1,2025-09-24 22:00:00
O003205,C02598,P0089,4,2025-09-25 00:00:00
O003206,C00142,P0012,5,2025-09-25 02:00:00
O003207,C02660,P0081,5,2025-09-25 04:00:00
O003208,C00501,P0079,3,2025-09-25 06:00:00
O003209,C00840,P0074,4,2025-09-25 08:00:00
O003210,C02750,P0099,5,2025-09-25 10:00:00
O003211,C01683,P0052,3,2025-09-25 12:00:00
O003212,C01566,P0093,3,2025-09-25 14:00:00
O003213,C02047,P0076,3,2025-09-25 16:00:00
O003214,C01531,P0065,1,2025-09-25 18:00:00
O003215,C00596,P0065,5,2025-09-25 20:00:00
O003216,C01905,P0010,5,2025-09-25 22:00:00
O003217,C00281,P0018,2,2025-09-26 00:00:00
O003218,C00424,P0047,1,2025-09-26 02:00:00
O003219,C02904,P0066,5,2025-09-26 04:00:00
O003220,C00270,P0049,5,2025-09-26 06:00:00
O003221,C00154,P0072,2,2025-09-26 08:00:00
O003222,C02662,P0022,4,2025-09-26 10:00:00
O003223,C01751,P0086,4,2025-09-26 12:00:00
O003224,C00662,P0026,1,2025-09-26 14:00:00
O003225,C01968,P0090,3,2025-09-26 16:00:00
O003226,C00083,P0009,2,2025-09-26 18:00:00
O003227,C02995,P0021,2,2025-09-26 20:00:00
O003228,C02947,P0095,5,2025-09-26 22:00:00
O003229,C01450,P0063,5,2025-09-27 00:00:00
O003230,C01299,P0006,2,2025-09-27 02:00:00
O003231,C02332,P0014,3,2025-09-27 04:00:00
O003232,C00980,P0033,4,2025-09-27 06:00:00
O003233,C02221,P0071,1,2025-09-27 08:00:00
O003234,C02811,P0024,4,2025-09-27 10:00:00
O003235,C01660,P0073,1,2025-09-27 12:00:00
O003236,C01399,P0075,3,2025-09-27 14:00:00
O003237,C00633,P0087,2,2025-09-27 16:00:00
O003238,C01532,P0051,3,2025-09-27 18:00:00
O003239,C00787,P0002,2,2025-09-27 20:00:00
O003240,C02991,P0015,5,2025-09-27 22:00:00
O003241,C00398,P0035,1,2025-09-28 00:00:00
O003242,C01144,P0036,5,2025-09-28 02:00:00
O003243,C00934,P0092,2,2025-09-28 04:00:00
O003244,C01461,P0039,1,2025-09-28 06:00:00
O003245,C01853,P0004,1,2025-09-28 08:00:00
O003246,C02724,P0064,5,2025-09-28 10:00:00
O003247,C02984,P0074,1,2025-09-28 12:00:00
O003248,C02513,P0006,2,2025-09-28 14:00:00
O003249,C00286,P0057,2,2025-09-28 16:00:00
O003250,C00265,P0030,5,2025-09-28 18:00:00
O003251,C02368,P0099,3,2025-09-28 20:00:00
O003252,C02721,P0074,2,2025-09-28 22:00:00
O003253,C02868,P0096,2,2025-09-29 00:00:00
O003254,C02137,P0067,1,2025-09-29 02:00:00
O003255,C01678,P0090,1,2025-09-29 04:00:00
O003256,C01227,P0015,2,2025-09-29 06:00:00
O003257,C00821,P0017,5,2025-09-29 08:00:00
O003258,C01763,P0091,3,2025-09-29 10:00:00
O003259,C02382,P0018,1,2025-09-29 12:00:00
O003260,C02270,P0019,1,2025-09-29 14:00:00
O003261,C00041,P0076,3,2025-09-29 16:00:00
O003262,C01732,P0088,1,2025-09-29 18:00:00
O003263,C00068,P0069,5,2025-09-29 20:00:00
O003264,C00988,P0024,1,2025-09-29 22:00:00
O003265,C01800,P0091,1,2025-09-30 00:00:00
O003266,C02562,P0048,2,2025-09-30 02:00:00
O003267,C01622,P0030,5,2025-09-30 04:00:00
O003268,C01656,P0015,5,2025-09-30 06:00:00
O003269,C01279,P0047,2,2025-09-30 08:00:00
O003270,C00695,P0044,4,2025-09-30 10:00:00
O003271,C02525,P0098,3,2025-09-30 12:00:00
O003272,C01086,P0027,5,2025-09-30 14:00:00
O003273,C02929,P0084,4,2025-09-30 16:00:00
O003274,C02480,P0064,3,2025-09-30 18:00:00
O003275,C01694,P0041,5,2025-09-30 20:00:00
O003276,C02316,P0096,1,2025-09-30 22:00:00
O003277,C01059,P0068,5,2025-10-01 00:00:00
O003278,C00779,P0005,3,2025-10-01 02:00:00
O003279,C00494,P0053,4,2025-10-01 04:00:00
O003280,C01586,P0008,1,2025-10-01 06:00:00
O003281,C01493,P0022,3,2025-10-01 08:00:00
O003282,C01791,P0007,3,2025-10-01 10:00:00
O003283,C00661,P0022,5,2025-10-01 12:00:00
O003284,C01349,P0046,2,2025-10-01 14:00:00
O003285,C01328,P0030,2,2025-10-01 16:00:00
O003286,C01300,P0016,1,2025-10-01 18:00:00
O003287,C01987,P0079,3,2025-10-01 20:00:00
O003288,C02045,P0005,4,2025-10-01 22:00:00
O003289,C01929,P0067,1,2025-10-02 00:00:00
O003290,C01348,P0023,1,2025-10-02 02:00:00
O003291,C01059,P0061,5,2025-10-02 04:00:00
O003292,C00977,P0074,4,2025-10-02 06:00:00
O003293,C00482,P0005,3,2025-10-02 08:00:00
O003294,C00728,P0023,3,2025-10-02 10:00:00
O003295,C02528,P0079,3,2025-10-02 12:00:00
O003296,C01032,P0082,1,2025-10-02 14:00:00
O003297,C00343,P0025,5,2025-10-02 16:00:00
O003298,C01448,P0008,1,2025-10-02 18:00:00
O003299,C02380,P0095,2,2025-10-02 20:00:00
O003300,C02486,P0021,2,2025-10-02 22:00:00
O003301,C02222,P0002,3,2025-10-03 00:00:00
O003302,C02607,P0022,5,2025-10-03 02:00:00
O003303,C00527,P0072,3,2025-10-03 04:00:00
O003304,C01897,P0087,3,2025-10-03 06:00:00
O003305,C00659,P0096,1,2025-10-03 08:00:00
O003306,C02074,P0072,3,2025-10-03 10:00:00
O003307,C00820,P0068,3,2025-10-03 12:00:00
O003308,C02653,P0064,5,2025-10-03 14:00:00
O003309,C00406,P0094,5,2025-10-03 16:00:00
O003310,C02280,P0019,5,2025-10-03 18:00:00
O003311,C02581,P0087,3,2025-10-03 20:00:00
O003312,C01574,P0082,5,2025-10-03 22:00:00
O003313,C01812,P0053,5,2025-10-04 00:00:00
O003314,C00505,P0093,4,2025-10-04 02:00:00
O003315,C00179,P0087,4,2025-10-04 04:00:00
O003316,C00132,P0097,2,2025-10-04 06:00:00
O003317,C01847,P0052,1,2025-10-04 08:00:00
O003318,C01479,P0047,1,2025-10-04 10:00:00
O003319,C02396,P0082,5,2025-10-04 12:00:00
O003320,C02588,P0054,2,2025-10-04 14:00:00
O003321,C00772,P0044,2,2025-10-04 16:00:00
O003322,C01430,P0097,4,2025-10-04 18:00:00
O003323,C02124,P0007,2,2025-10-04 20:00:00
O003324,C00579,P0092,3,2025-10-04 22:00:00
O003325,C02902,P0001,5,2025-10-05 00:00:00
O003326,C01516,P0063,3,2025-10-05 02:00:00
O003327,C00194,P0098,1,2025-10-05 04:00:00
O003328,C02008,P0039,4,2025-10-05 06:00:00
O003329,C01186,P0019,3,2025-10-05 08:00:00
O003330,C02395,P0031,5,2025-10-05 10:00:00
O003331,C02999,P0077,3,2025-10-05 12:00:00
O003332,C01385,P0024,3,2025-10-05 14:00:00
O003333,C01793,P0069,2,2025-10-05 16:00:00
O003334,C01111,P0087,4,2025-10-05 18:00:00
O003335,C02262,P0083,1,2025-10-05 20:00:00
O003336,C01937,P0065,5,2025-10-05 22:00:00
O003337,C02621,P0033,5,2025-10-06 00:00:00
O003338,C00780,P0059,1,2025-10-06 02:00:00
O003339,C00262,P0033,5,2025-10-06 04:00:00
O003340,C00730,P0032,2,2025-10-06 06:00:00
O003341,C00283,P0059,3,2025-10-06 08:00:00
O003342,C01491,P0092,2,2025-10-06 10:00:00
O003343,C00362,P0041,2,2025-10-06 12:00:00
O003344,C00441,P0012,2,2025-10-06 14:00:00
O003345,C02141,P0073,1,2025-10-06 16:00:00
O003346,C01645,P0011,4,2025-10-06 18:00:00
O003347,C02801,P0097,1,2025-10-06 20:00:00
O003348,C00867,P0019,1,2025-10-06 22:00:00
O003349,C01448,P0054,2,2025-10-07 00:00:00
O003350,C00142,P0057,4,2025-10-07 02:00:00
O003351,C01315,P0042,1,2025-10-07 04:00:00
O003352,C01456,P0098,4,2025-10-07 06:00:00
O003353,C02797,P0071,2,2025-10-07 08:00:00
O003354,C01876,P0031,1,2025-10-07 10:00:00
O003355,C01848,P0052,4,2025-10-07 12:00:00
O003356,C01713,P0002,5,2025-10-07 14:00:00
O003357,C02701,P0083,1,2025-10-07 16:00:00
O003358,C00701,P0038,1,2025-10-07 18:00:00
O003359,C00998,P0032,1,2025-10-07 20:00:00
O003360,C02097,P0010,4,2025-10-07 22:00:00
O003361,C01326,P0008,3,2025-10-08 00:00:00
O003362,C00881,P0090,1,2025-10-08 02:00:00
O003363,C01214,P0094,5,2025-10-08 04:00:00
O003364,C01160,P0075,5,2025-10-08 06:00:00
O003365,C00555,P0020,2,2025-10-08 08:00:00
O003366,C00404,P0020,3,2025-10-08 10:00:00
O003367,C00892,P0009,3,2025-10-08 12:00:00
O003368,C02913,P0072,4,2025-10-08 14:00:00
O003369,C00602,P0015,2,2025-10-08 16:00:00
O003370,C01831,P0098,4,2025-10-08 18:00:00
O003371,C00341,P0088,2,2025-10-08 20:00:00
O003372,C01969,P0097,3,2025-10-08 22:00:00
O003373,C00704,P0063,4,2025-10-09 00:00:00
O003374,C00318,P0091,2,2025-10-09 02:00:00
O003375,C02666,P0021,3,2025-10-09 04:00:00
O003376,C01387,P0005,3,2025-10-09 06:00:00
O003377,C02430,P0035,1,2025-10-09 08:00:00
O003378,C02281,P0085,4,2025-10-09 10:00:00
O003379,C01801,P0068,1,2025-10-09 12:00:00
O003380,C01368,P0048,3,2025-10-09 14:00:00
O003381,C01573,P0080,4,2025-10-09 16:00:00
O003382,C00817,P0095,4,2025-10-09 18:00:00
O003383,C00553,P0090,5,2025-10-09 20:00:00
O003384,C00856,P0062,2,2025-10-09 22:00:00
O003385,C01813,P0035,5,2025-10-10 00:00:00
O003386,C02867,P0070,5,2025-10-10 02:00:00
O003387,C00183,P0097,3,2025-10-10 04:00:00
O003388,C01575,P0021,2,2025-10-10 06:00:00
O003389,C00397,P0080,5,2025-10-10 08:00:00
O003390,C01728,P0039,5,2025-10-10 10:00:00
O003391,C02827,P0034,4,2025-10-10 12:00:00
O003392,C01518,P0015,3,2025-10-10 14:00:00
O003393,C00907,P0006,5,2025-10-10 16:00:00
O003394,C01357,P0066,2,2025-10-10 18:00:00
O003395,C02175,P0088,1,2025-10-10 20:00:00
O003396,C00001,P0056,1,2025-10-10 22:00:00
O003397,C00019,P0049,3,2025-10-11 00:00:00
O003398,C00584,P0092,1,2025-10-11 02:00:00
O003399,C00456,P0001,4,2025-10-11 04:00:00
O003400,C02037,P0065,4,2025-10-11 06:00:00
O003401,C01133,P0028,2,2025-10-11 08:00:00
O003402,C02493,P0100,3,2025-10-11 10:00:00
O003403,C01953,P0020,3,2025-10-11 12:00:00
O003404,C02650,P0048,1,2025-10-11 14:00:00
O003405,C02151,P0072,5,2025-10-11 16:00:00
O003406,C00988,P0065,5,2025-10-11 18:00:00
O003407,C00520,P0090,5,2025-10-11 20:00:00
O003408,C00859,P0051,2,2025-10-11 22:00:00
O003409,C00174,P0043,3,2025-10-12 00:00:00
O003410,C01367,P0049,1,2025-10-12 02:00:00
O003411,C02479,P0025,2,2025-10-12 04:00:00
O003412,C00727,P0074,4,2025-10-12 06:00:00
O003413,C01711,P0076,4,2025-10-12 08:00:00
O003414,C01876,P0041,4,2025-10-12 10:00:00
O003415,C02898,P0071,3,2025-10-12 12:00:00
O003416,C01682,P0064,4,2025-10-12 14:00:00
O003417,C01348,P0061,5,2025-10-12 16:00:00
O003418,C00990,P0012,4,2025-10-12 18:00:00
O003419,C02687,P0081,2,2025-10-12 20:00:00
O003420,C00420,P0069,4,2025-10-12 22:00:00
O003421,C00594,P0014,5,2025-10-13 00:00:00
O003422,C02533,P0034,4,2025-10-13 02:00:00
O003423,C01775,P0048,1,2025-10-13 04:00:00
O003424,C02460,P0061,5,2025-10-13 06:00:00
O003425,C00936,P0081,3,2025-10-13 08:00:00
O003426,C01108,P0035,4,2025-10-13 10:00:00
O003427,C01137,P0065,2,2025-10-13 12:00:00
O003428,C00332,P0059,4,2025-10-13 14:00:00
O003429,C02703,P0036,2,2025-10-13 16:00:00
O003430,C02089,P0079,1,2025-10-13 18:00:00
O003431,C01794,P0019,3,2025-10-13 20:00:00
O003432,C00959,P0042,5,2025-10-13 22:00:00
O003433,C00105,P0069,5,2025-10-14 00:00:00
O003434,C00202,P0019,3,2025-10-14 02:00:00
O003435,C02498,P0039,1,2025-10-14 04:00:00
O003436,C01843,P0069,1,2025-10-14 06:00:00
O003437,C01867,P0052,4,2025-10-14 08:00:00
O003438,C01997,P0012,1,2025-10-14 10:00:00
O003439,C01290,P0083,4,2025-10-14 12:00:00
O003440,C00910,P0047,2,2025-10-14 14:00:00
O003441,C00210,P0076,3,2025-10-14 16:00:00
O003442,C00563,P0036,2,2025-10-14 18:00:00
O003443,C02761,P0063,2,2025-10-14 20:00:00
O003444,C01564,P0076,2,2025-10-14 22:00:00
O003445,C00771,P0082,2,2025-10-15 00:00:00
O003446,C02502,P0051,5,2025-10-15 02:00:00
O003447,C02715,P0043,1,2025-10-15 04:00:00
O003448,C00629,P0034,3,2025-10-15 06:00:00
O003449,C01629,P0097,3,2025-10-15 08:00:00
O003450,C01702,P0049,2,2025-10-15 10:00:00
O003451,C00387,P0018,3,2025-10-15 12:00:00
O003452,C01936,P0061,4,2025-10-15 14:00:00
O003453,C02344,P0057,3,2025-10-15 16:00:00
O003454,C02306,P0093,2,2025-10-15 18:00:00
O003455,C01105,P0005,3,2025-10-15 20:00:00
O003456,C00268,P0089,1,2025-10-15 22:00:00
O003457,C02467,P0024,2,2025-10-16 00:00:00
O003458,C02283,P0093,5,2025-10-16 02:00:00
O003459,C01857,P0064,1,2025-10-16 04:00:00
O003460,C01999,P0059,3,2025-10-16 06:00:00
O003461,C01381,P0038,5,2025-10-16 08:00:00
O003462,C01237,P0033,1,2025-10-16 10:00:00
O003463,C00574,P0010,4,2025-10-16 12:00:00
O003464,C00049,P0037,1,2025-10-16 14:00:00
O003465,C01151,P0097,5,2025-10-16 16:00:00
O003466,C00223,P0087,4,2025-10-16 18:00:00
O003467,C02969,P0011,3,2025-10-16 20:00:00
O003468,C01432,P0024,2,2025-10-16 22:00:00
O003469,C01529,P0088,3,2025-10-17 00:00:00
O003470,C01820,P0071,2,2025-10-17 02:00:00
O003471,C02325,P0021,2,2025-10-17 04:00:00
O003472,C01462,P0020,5,2025-10-17 06:00:00
O003473,C01131,P0010,4,2025-10-17 08:00:00
O003474,C01682,P0089,4,2025-10-17 10:00:00
O003475,C02468,P0047,1,2025-10-17 12:00:00
O003476,C02659,P0100,3,2025-10-17 14:00:00
O003477,C00375,P0047,5,2025-10-17 16:00:00
O003478,C02121,P0015,3,2025-10-17 18:00:00
O003479,C02022,P0044,1,2025-10-17 20:00:00
O003480,C01054,P0062,1,2025-10-17 22:00:00
O003481,C01890,P0006,5,2025-10-18 00:00:00
O003482,C01824,P0066,1,2025-10-18 02:00:00
O003483,C01475,P0076,5,2025-10-18 04:00:00
O003484,C02243,P0004,1,2025-10-18 06:00:00
O003485,C01180,P0023,4,2025-10-18 08:00:00
O003486,C02895,P0013,5,2025-10-18 10:00:00
O003487,C01065,P0081,4,2025-10-18 12:00:00
O003488,C02071,P0031,4,2025-10-18 14:00:00
O003489,C00360,P0016,5,2025-10-18 16:00:00
O003490,C02608,P0041,3,2025-10-18 18:00:00
O003491,C02720,P0090,2,2025-10-18 20:00:00
O003492,C02042,P0092,1,2025-10-18 22:00:00
O003493,C01142,P0001,1,2025-10-19 00:00:00
O003494,C01636,P0012,3,2025-10-19 02:00:00
O003495,C01404,P0056,2,2025-10-19 04:00:00
O003496,C01944,P0050,3,2025-10-19 06:00:00
O003497,C00679,P0020,2,2025-10-19 08:00:00
O003498,C02488,P0066,5,2025-10-19 10:00:00
O003499,C02981,P0036,5,2025-10-19 12:00:00
O003500,C00007,P0079,4,2025-10-19 14:00:00
O003501,C02469,P0038,4,2025-10-19 16:00:00
O003502,C01592,P0022,5,2025-10-19 18:00:00
O003503,C00833,P0061,4,2025-10-19 20:00:00
O003504,C02607,P0050,5,2025-10-19 22:00:00
O003505,C01811,P0096,3,2025-10-20 00:00:00
O003506,C00914,P0059,1,2025-10-20 02:00:00
O003507,C02012,P0020,5,2025-10-20 04:00:00
O003508,C01443,P0036,5,2025-10-20 06:00:00
O003509,C01451,P0097,5,2025-10-20 08:00:00
O003510,C01503,P0015,4,2025-10-20 10:00:00
O003511,C00126,P0062,4,2025-10-20 12:00:00
O003512,C02443,P0003,4,2025-10-20 14:00:00
O003513,C00817,P0093,4,2025-10-20 16:00:00
O003514,C02929,P0091,3,2025-10-20 18:00:00
O003515,C01830,P0005,5,2025-10-20 20:00:00
O003516,C00576,P0056,3,2025-10-20 22:00:00
O003517,C02373,P0031,4,2025-10-21 00:00:00
O003518,C01416,P0086,3,2025-10-21 02:00:00
O003519,C00930,P0035,5,2025-10-21 04:00:00
O003520,C01464,P0071,5,2025-10-21 06:00:00
O003521,C00833,P0070,4,2025-10-21 08:00:00
O003522,C01055,P0026,5,2025-10-21 10:00:00
O003523,C01649,P0001,3,2025-10-21 12:00:00
O003524,C01901,P0083,2,2025-10-21 14:00:00
O003525,C01458,P0007,5,2025-10-21 16:00:00
O003526,C02885,P0036,3,2025-10-21 18:00:00
O003527,C02974,P0076,3,2025-10-21 20:00:00
O003528,C01400,P0084,3,2025-10-21 22:00:00
O003529,C00443,P0087,5,2025-10-22 00:00:00
O003530,C02123,P0025,2,2025-10-22 02:00:00
O003531,C00557,P0094,4,2025-10-22 04:00:00
O003532,C01179,P0059,4,2025-10-22 06:00:00
O003533,C02038,P0061,5,2025-10-22 08:00:00
O003534,C00363,P0029,5,2025-10-22 10:00:00
O003535,C02496,P0095,1,2025-10-22 12:00:00
O003536,C01258,P0018,2,2025-10-22 14:00:00
O003537,C01842,P0041,3,2025-10-22 16:00:00
O003538,C02310,P0019,3,2025-10-22 18:00:00
O003539,C01851,P0004,4,2025-10-22 20:00:00
O003540,C02173,P0065,5,2025-10-22 22:00:00
O003541,C00911,P0041,2,2025-10-23 00:00:00
O003542,C00245,P0015,4,2025-10-23 02:00:00
O003543,C00542,P0054,2,2025-10-23 04:00:00
O003544,C02533,P0064,5,2025-10-23 06:00:00
O003545,C02170,P0072,3,2025-10-23 08:00:00
O003546,C02173,P0015,1,2025-10-23 10:00:00
O003547,C01573,P0079,2,2025-10-23 12:00:00
O003548,C02218,P0050,3,2025-10-23 14:00:00
O003549,C00124,P0022,2,2025-10-23 16:00:00
O003550,C02694,P0018,2,2025-10-23 18:00:00
O003551,C01732,P0080,2,2025-10-23 20:00:00
O003552,C00786,P0002,5,2025-10-23 22:00:00
O003553,C02044,P0036,4,2025-10-24 00:00:00
O003554,C02249,P0020,2,2025-10-24 02:00:00
O003555,C02417,P0016,5,2025-10-24 04:00:00
O003556,C00797,P0067,1,2025-10-24 06:00:00
O003557,C00077,P0030,4,2025-10-24 08:00:00
O003558,C00059,P0055,5,2025-10-24 10:00:00
O003559,C02479,P0066,1,2025-10-24 12:00:00
O003560,C02686,P0099,4,2025-10-24 14:00:00
O003561,C01524,P0026,5,2025-10-24 16:00:00
O003562,C01937,P0057,1,2025-10-24 18:00:00
O003563,C02157,P0069,5,2025-10-24 20:00:00
O003564,C01302,P0002,1,2025-10-24 22:00:00
O003565,C00068,P0056,2,2025-10-25 00:00:00
O003566,C02353,P0084,2,2025-10-25 02:00:00
O003567,C01933,P0062,4,2025-10-25 04:00:00
O003568,C02722,P0034,1,2025-10-25 06:00:00
O003569,C00365,P0098,2,2025-10-25 08:00:00
O003570,C00821,P0056,4,2025-10-25 10:00:00
O003571,C01403,P0055,3,2025-10-25 12:00:00
O003572,C02391,P0020,2,2025-10-25 14:00:00
O003573,C00947,P0050,2,2025-10-25 16:00:00
O003574,C02947,P0025,5,2025-10-25 18:00:00
O003575,C01578,P0084,3,2025-10-25 20:00:00
O003576,C01378,P0025,1,2025-10-25 22:00:00
O003577,C01440,P0053,4,2025-10-26 00:00:00
O003578,C00762,P0014,3,2025-10-26 02:00:00
O003579,C00341,P0060,1,2025-10-26 04:00:00
O003580,C02990,P0043,2,2025-10-26 06:00:00
O003581,C00383,P0062,4,2025-10-26 08:00:00
O003582,C01004,P0076,4,2025-10-26 10:00:00
O003583,C01557,P0069,3,2025-10-26 12:00:00
O003584,C00300,P0063,5,2025-10-26 14:00:00
O003585,C00139,P0002,1,2025-10-26 16:00:00
O003586,C00359,P0054,3,2025-10-26 18:00:00
O003587,C00836,P0016,5,2025-10-26 20:00:00
O003588,C01523,P0055,5,2025-10-26 22:00:00
O003589,C01628,P0094,5,2025-10-27 00:00:00
O003590,C01983,P0043,4,2025-10-27 02:00:00
O003591,C01304,P0061,1,2025-10-27 04:00:00
O003592,C02531,P0038,1,2025-10-27 06:00:00
O003593,C00909,P0045,3,2025-10-27 08:00:00
O003594,C01135,P0051,2,2025-10-27 10:00:00
O003595,C02914,P0042,3,2025-10-27 12:00:00
O003596,C02187,P0024,1,2025-10-27 14:00:00
O003597,C00996,P0030,4,2025-10-27 16:00:00
O003598,C02483,P0037,3,2025-10-27 18:00:00
O003599,C02557,P0053,2,2025-10-27 20:00:00
O003600,C02321,P0063,3,2025-10-27 22:00:00
O003601,C02152,P0011,5,2025-10-28 00:00:00
O003602,C01238,P0078,2,2025-10-28 02:00:00
O003603,C01785,P0023,5,2025-10-28 04:00:00
O003604,C02810,P0080,4,2025-10-28 06:00:00
O003605,C02835,P0050,1,2025-10-28 08:00:00
O003606,C00165,P0085,3,2025-10-28 10:00:00
O003607,C00999,P0055,3,2025-10-28 12:00:00
O003608,C02568,P0055,5,2025-10-28 14:00:00
O003609,C01308,P0004,5,2025-10-28 16:00:00
O003610,C02565,P0097,1,2025-10-28 18:00:00
O003611,C00657,P0054,3,2025-10-28 20:00:00
O003612,C02661,P0061,1,2025-10-28 22:00:00
O003613,C02212,P0078,5,2025-10-29 00:00:00
O003614,C01910,P0083,5,2025-10-29 02:00:00
O003615,C02047,P0005,2,2025-10-29 04:00:00
O003616,C02112,P0100,5,2025-10-29 06:00:00
O003617,C01141,P0095,5,2025-10-29 08:00:00
O003618,C01890,P0018,1,2025-10-29 10:00:00
O003619,C00267,P0044,2,2025-10-29 12:00:00
O003620,C01846,P0031,2,2025-10-29 14:00:00
O003621,C01709,P0094,3,2025-10-29 16:00:00
O003622,C02294,P0021,4,2025-10-29 18:00:00
O003623,C02443,P0047,3,2025-10-29 20:00:00
O003624,C01511,P0030,3,2025-10-29 22:00:00
O003625,C00476,P0055,3,2025-10-30 00:00:00
O003626,C00977,P0068,2,2025-10-30 02:00:00
O003627,C01208,P0069,1,2025-10-30 04:00:00
O003628,C01044,P0041,5,2025-10-30 06:00:00
O003629,C01961,P0045,2,2025-10-30 08:00:00
O003630,C00558,P0074,5,2025-10-30 10:00:00
O003631,C01018,P0091,5,2025-10-30 12:00:00
O003632,C01606,P0080,4,2025-10-30 14:00:00
O003633,C00883,P0030,3,2025-10-30 16:00:00
O003634,C02195,P0077,4,2025-10-30 18:00:00
O003635,C00666,P0100,3,2025-10-30 20:00:00
O003636,C02668,P0085,2,2025-10-30 22:00:00
O003637,C01772,P0045,5,2025-10-31 00:00:00
O003638,C02868,P0045,4,2025-10-31 02:00:00
O003639,C00864,P0079,2,2025-10-31 04:00:00
O003640,C00582,P0084,2,2025-10-31 06:00:00
O003641,C00695,P0084,3,2025-10-31 08:00:00
O003642,C01252,P0045,5,2025-10-31 10:00:00
O003643,C01611,P0055,3,2025-10-31 12:00:00
O003644,C01240,P0059,3,2025-10-31 14:00:00
O003645,C02455,P0005,2,2025-10-31 16:00:00
O003646,C00399,P0032,3,2025-10-31 18:00:00
O003647,C01947,P0006,1,2025-10-31 20:00:00
O003648,C00715,P0094,5,2025-10-31 22:00:00
O003649,C00704,P0026,3,2025-11-01 00:00:00
O003650,C02809,P0037,3,2025-11-01 02:00:00
O003651,C02547,P0013,4,2025-11-01 04:00:00
O003652,C01715,P0093,5,2025-11-01 06:00:00
O003653,C01973,P0069,5,2025-11-01 08:00:00
O003654,C00082,P0025,3,2025-11-01 10:00:00
O003655,C00604,P0013,1,2025-11-01 12:00:00
O003656,C01971,P0088,4,2025-11-01 14:00:00
O003657,C01711,P0095,1,2025-11-01 16:00:00
O003658,C02047,P0020,3,2025-11-01 18:00:00
O003659,C02820,P0072,5,2025-11-01 20:00:00
O003660,C00903,P0060,5,2025-11-01 22:00:00
O003661,C00365,P0073,1,2025-11-02 00:00:00
O003662,C00163,P0021,2,2025-11-02 02:00:00
O003663,C02559,P0061,3,2025-11-02 04:00:00
O003664,C01864,P0084,5,2025-11-02 06:00:00
O003665,C00116,P0079,2,2025-11-02 08:00:00
O003666,C02989,P0026,5,2025-11-02 10:00:00
O003667,C02385,P0054,5,2025-11-02 12:00:00
O003668,C00881,P0042,2,2025-11-02 14:00:00
O003669,C02785,P0011,1,2025-11-02 16:00:00
O003670,C00840,P0037,3,2025-11-02 18:00:00
O003671,C02195,P0011,2,2025-11-02 20:00:00
O003672,C01347,P0027,2,2025-11-02 22:00:00
O003673,C02491,P0094,5,2025-11-03 00:00:00
O003674,C02885,P0083,2,2025-11-03 02:00:00
O003675,C01037,P0034,3,2025-11-03 04:00:00
O003676,C00943,P0038,1,2025-11-03 06:00:00
O003677,C01725,P0061,1,2025-11-03 08:00:00
O003678,C02335,P0087,1,2025-11-03 10:00:00
O003679,C02768,P0053,3,2025-11-03 12:00:00
O003680,C01138,P0065,5,2025-11-03 14:00:00
O003681,C02528,P0003,3,2025-11-03 16:00:00
O003682,C00022,P0067,2,2025-11-03 18:00:00
O003683,C01750,P0028,4,2025-11-03 20:00:00
O003684,C00683,P0014,4,2025-11-03 22:00:00
O003685,C02954,P0052,4,2025-11-04 00:00:00
O003686,C01834,P0030,1,2025-11-04 02:00:00
O003687,C02368,P0058,3,2025-11-04 04:00:00
O003688,C00126,P0054,3,2025-11-04 06:00:00
O003689,C00277,P0069,1,2025-11-04 08:00:00
O003690,C02000,P0015,2,2025-11-04 10:00:00
O003691,C01228,P0038,4,2025-11-04 12:00:00
O003692,C02242,P0078,4,2025-11-04 14:00:00
O003693,C00696,P0014,1,2025-11-04 16:00:00
O003694,C01310,P0057,4,2025-11-04 18:00:00
O003695,C00057,P0059,5,2025-11-04 20:00:00
O003696,C00019,P0008,3,2025-11-04 22:00:00
O003697,C02312,P0072,4,2025-11-05 00:00:00
O003698,C02842,P0019,4,2025-11-05 02:00:00
O003699,C00113,P0032,5,2025-11-05 04:00:00
O003700,C00542,P0095,2,2025-11-05 06:00:00
O003701,C02695,P0029,2,2025-11-05 08:00:00
O003702,C00579,P0041,5,2025-11-05 10:00:00
O003703,C01089,P0075,2,2025-11-05 12:00:00
O003704,C00025,P0045,1,2025-11-05 14:00:00
O003705,C01573,P0013,5,2025-11-05 16:00:00
O003706,C02049,P0027,3,2025-11-05 18:00:00
O003707,C02959,P0019,3,2025-11-05 20:00:00
O003708,C01573,P0026,3,2025-11-05 22:00:00
O003709,C00141,P0053,4,2025-11-06 00:00:00
O003710,C01768,P0051,5,2025-11-06 02:00:00
O003711,C00648,P0037,5,2025-11-06 04:00:00
O003712,C02236,P0009,2,2025-11-06 06:00:00
O003713,C00201,P0092,5,2025-11-06 08:00:00
O003714,C00257,P0096,5,2025-11-06 10:00:00
O003715,C00547,P0052,2,2025-11-06 12:00:00
O003716,C02242,P0054,5,2025-11-06 14:00:00
O003717,C02751,P0003,5,2025-11-06 16:00:00
O003718,C00802,P0096,1,2025-11-06 18:00:00
O003719,C00942,P0069,2,2025-11-06 20:00:00
O003720,C00414,P0008,1,2025-11-06 22:00:00
O003721,C02015,P0014,4,2025-11-07 00:00:00
O003722,C01382,P0003,2,2025-11-07 02:00:00
O003723,C01099,P0024,5,2025-11-07 04:00:00
O003724,C00910,P0013,5,2025-11-07 06:00:00
O003725,C00188,P0043,1,2025-11-07 08:00:00
O003726,C02016,P0029,1,2025-11-07 10:00:00
O003727,C01314,P0072,4,2025-11-07 12:00:00
O003728,C02093,P0051,4,2025-11-07 14:00:00
O003729,C02131,P0042,5,2025-11-07 16:00:00
O003730,C01147,P0031,3,2025-11-07 18:00:00
O003731,C00358,P0063,4,2025-11-07 20:00:00
O003732,C01552,P0026,5,2025-11-07 22:00:00
O003733,C01090,P0018,4,2025-11-08 00:00:00
O003734,C02984,P0082,2,2025-11-08 02:00:00
O003735,C01681,P0057,1,2025-11-08 04:00:00
O003736,C02423,P0007,5,2025-11-08 06:00:00
O003737,C00162,P0048,4,2025-11-08 08:00:00
O003738,C02370,P0080,1,2025-11-08 10:00:00
O003739,C00450,P0060,3,2025-11-08 12:00:00
O003740,C01498,P0033,4,2025-11-08 14:00:00
O003741,C01037,P0003,5,2025-11-08 16:00:00
O003742,C02232,P0004,2,2025-11-08 18:00:00
O003743,C02159,P0100,1,2025-11-08 20:00:00
O003744,C01951,P0004,1,2025-11-08 22:00:00
O003745,C02556,P0042,2,2025-11-09 00:00:00
O003746,C01314,P0009,5,2025-11-09 02:00:00
O003747,C02343,P0051,3,2025-11-09 04:00:00
O003748,C02952,P0017,2,2025-11-09 06:00:00
O003749,C01239,P0017,3,2025-11-09 08:00:00
O003750,C00974,P0097,5,2025-11-09 10:00:00
O003751,C00632,P0020,4,2025-11-09 12:00:00
O003752,C01591,P0014,4,2025-11-09 14:00:00
O003753,C01051,P0022,5,2025-11-09 16:00:00
O003754,C02781,P0052,3,2025-11-09 18:00:00
O003755,C01589,P0027,2,2025-11-09 20:00:00
O003756,C02369,P0043,5,2025-11-09 22:00:00
O003757,C02961,P0003,5,2025-11-10 00:00:00
O003758,C01694,P0088,4,2025-11-10 02:00:00
O003759,C00437,P0094,2,2025-11-10 04:00:00
O003760,C02829,P0008,4,2025-11-10 06:00:00
O003761,C01557,P0086,3,2025-11-10 08:00:00
O003762,C01077,P0089,3,2025-11-10 10:00:00
O003763,C01305,P0010,1,2025-11-10 12:00:00
O003764,C02774,P0029,5,2025-11-10 14:00:00
O003765,C02079,P0040,2,2025-11-10 16:00:00
O003766,C02385,P0065,2,2025-11-10 18:00:00
O003767,C00183,P0021,4,2025-11-10 20:00:00
O003768,C02592,P0024,4,2025-11-10 22:00:00
O003769,C01470,P0073,2,2025-11-11 00:00:00
O003770,C01480,P0060,4,2025-11-11 02:00:00
O003771,C01590,P0026,1,2025-11-11 04:00:00
O003772,C01588,P0009,5,2025-11-11 06:00:00
O003773,C00660,P0020,1,2025-11-11 08:00:00
O003774,C00160,P0056,3,2025-11-11 10:00:00
O003775,C02460,P0099,2,2025-11-11 12:00:00
O003776,C01012,P0036,1,2025-11-11 14:00:00
O003777,C00053,P0036,1,2025-11-11 16:00:00
O003778,C02456,P0073,4,2025-11-11 18:00:00
O003779,C02895,P0022,4,2025-11-11 20:00:00
O003780,C01046,P0001,4,2025-11-11 22:00:00
O003781,C01054,P0069,3,2025-11-12 00:00:00
O003782,C02751,P0073,1,2025-11-12 02:00:00
O003783,C02308,P0037,5,2025-11-12 04:00:00
O003784,C01229,P0083,4,2025-11-12 06:00:00
O003785,C01495,P0072,3,2025-11-12 08:00:00
O003786,C02824,P0096,3,2025-11-12 10:00:00
O003787,C01490,P0013,4,2025-11-12 12:00:00
O003788,C01036,P0084,2,2025-11-12 14:00:00
O003789,C01951,P0100,1,2025-11-12 16:00:00
O003790,C00850,P0043,4,2025-11-12 18:00:00
O003791,C00354,P0037,5,2025-11-12 20:00:00
O003792,C01099,P0094,1,2025-11-12 22:00:00
O003793,C02921,P0074,3,2025-11-13 00:00:00
O003794,C01740,P0095,5,2025-11-13 02:00:00
O003795,C01465,P0025,1,2025-11-13 04:00:00
O003796,C00991,P0093,5,2025-11-13 06:00:00
O003797,C01265,P0088,3,2025-11-13 08:00:00
O003798,C01885,P0021,4,2025-11-13 10:00:00
O003799,C01810,P0041,5,2025-11-13 12:00:00
O003800,C02342,P0073,4,2025-11-13 14:00:00
O003801,C02257,P0042,3,2025-11-13 16:00:00
O003802,C01112,P0042,3,2025-11-13 18:00:00
O003803,C00818,P0002,5,2025-11-13 20:00:00
O003804,C01800,P0068,5,2025-11-13 22:00:00
O003805,C01961,P0008,3,2025-11-14 00:00:00
O003806,C02438,P0096,5,2025-11-14 02:00:00
O003807,C02373,P0061,5,2025-11-14 04:00:00
O003808,C02988,P0014,5,2025-11-14 06:00:00
O003809,C00889,P0077,5,2025-11-14 08:00:00
O003810,C01856,P0021,1,2025-11-14 10:00:00
O003811,C01181,P0024,3,2025-11-14 12:00:00
O003812,C00668,P0050,3,2025-11-14 14:00:00
O003813,C00633,P0082,2,2025-11-14 16:00:00
O003814,C02625,P0045,4,2025-11-14 18:00:00
O003815,C01643,P0064,2,2025-11-14 20:00:00
O003816,C00137,P0064,5,2025-11-14 22:00:00
O003817,C01947,P0026,5,2025-11-15 00:00:00
O003818,C01698,P0032,1,2025-11-15 02:00:00
O003819,C00428,P0057,1,2025-11-15 04:00:00
O003820,C01476,P0053,1,2025-11-15 06:00:00
O003821,C02660,P0033,1,2025-11-15 08:00:00
O003822,C02959,P0052,1,2025-11-15 10:00:00
O003823,C00819,P0095,1,2025-11-15 12:00:00
O003824,C02189,P0018,1,2025-11-15 14:00:00
O003825,C01107,P0035,1,2025-11-15 16:00:00
O003826,C02225,P0012,1,2025-11-15 18:00:00
O003827,C00198,P0051,3,2025-11-15 20:00:00
O003828,C02672,P0089,1,2025-11-15 22:00:00
O003829,C01996,P0095,4,2025-11-16 00:00:00
O003830,C02739,P0010,1,2025-11-16 02:00:00
O003831,C02449,P0052,5,2025-11-16 04:00:00
O003832,C00471,P0034,5,2025-11-16 06:00:00
O003833,C02266,P0067,1,2025-11-16 08:00:00
O003834,C01949,P0039,1,2025-11-16 10:00:00
O003835,C00929,P0008,5,2025-11-16 12:00:00
O003836,C02011,P0096,4,2025-11-16 14:00:00
O003837,C02680,P0029,2,2025-11-16 16:00:00
O003838,C02999,P0022,3,2025-11-16 18:00:00
O003839,C00906,P0084,5,2025-11-16 20:00:00
O003840,C02223,P0070,1,2025-11-16 22:00:00
O003841,C00023,P0061,3,2025-11-17 00:00:00
O003842,C00235,P0043,1,2025-11-17 02:00:00
O003843,C01125,P0049,2,2025-11-17 04:00:00
O003844,C00929,P0029,2,2025-11-17 06:00:00
O003845,C00523,P0081,5,2025-11-17 08:00:00
O003846,C01809,P0031,3,2025-11-17 10:00:00
O003847,C00431,P0053,3,2025-11-17 12:00:00
O003848,C00793,P0034,2,2025-11-17 14:00:00
O003849,C01630,P0038,1,2025-11-17 16:00:00
O003850,C01737,P0057,5,2025-11-17 18:00:00
O003851,C00533,P0004,4,2025-11-17 20:00:00
O003852,C01747,P0002,2,2025-11-17 22:00:00
O003853,C01676,P0012,2,2025-11-18 00:00:00
O003854,C01317,P0035,5,2025-11-18 02:00:00
O003855,C02858,P0070,1,2025-11-18 04:00:00
O003856,C00913,P0072,3,2025-11-18 06:00:00
O003857,C01125,P0021,2,2025-11-18 08:00:00
O003858,C01526,P0061,5,2025-11-18 10:00:00
O003859,C01328,P0035,5,2025-11-18 12:00:00
O003860,C02919,P0048,5,2025-11-18 14:00:00
O003861,C02588,P0015,3,2025-11-18 16:00:00
O003862,C01024,P0071,2,2025-11-18 18:00:00
O003863,C01577,P0015,5,2025-11-18 20:00:00
O003864,C01379,P0006,3,2025-11-18 22:00:00
O003865,C01520,P0081,1,2025-11-19 00:00:00
O003866,C01682,P0068,4,2025-11-19 02:00:00
O003867,C01998,P0022,2,2025-11-19 04:00:00
O003868,C00227,P0032,3,2025-11-19 06:00:00
O003869,C01260,P0022,4,2025-11-19 08:00:00
O003870,C00873,P0027,4,2025-11-19 10:00:00
O003871,C00892,P0015,3,2025-11-19 12:00:00
O003872,C01479,P0044,3,2025-11-19 14:00:00
O003873,C01037,P0086,3,2025-11-19 16:00:00
O003874,C02258,P0092,5,2025-11-19 18:00:00
O003875,C02789,P0009,1,2025-11-19 20:00:00
O003876,C00397,P0034,5,2025-11-19 22:00:00
O003877,C01124,P0100,4,2025-11-20 00:00:00
O003878,C02079,P0073,4,2025-11-20 02:00:00
O003879,C02946,P0015,4,2025-11-20 04:00:00
O003880,C00649,P0062,3,2025-11-20 06:00:00
O003881,C00329,P0045,2,2025-11-20 08:00:00
O003882,C01483,P0084,5,2025-11-20 10:00:00
O003883,C00952,P0072,2,2025-11-20 12:00:00
O003884,C02006,P0058,1,2025-11-20 14:00:00
O003885,C02017,P0092,1,2025-11-20 16:00:00
O003886,C02669,P0019,5,2025-11-20 18:00:00
O003887,C01879,P0016,4,2025-11-20 20:00:00
O003888,C01197,P0075,1,2025-11-20 22:00:00
O003889,C01773,P0008,2,2025-11-21 00:00:00
O003890,C00162,P0033,2,2025-11-21 02:00:00
O003891,C01752,P0074,3,2025-11-21 04:00:00
O003892,C00776,P0018,4,2025-11-21 06:00:00
O003893,C01828,P0035,3,2025-11-21 08:00:00
O003894,C02322,P0043,5,2025-11-21 10:00:00
O003895,C01052,P0050,1,2025-11-21 12:00:00
O003896,C02374,P0003,3,2025-11-21 14:00:00
O003897,C00940,P0091,3,2025-11-21 16:00:00
O003898,C00540,P0059,5,2025-11-21 18:00:00
O003899,C02536,P0028,2,2025-11-21 20:00:00
O003900,C00822,P0046,2,2025-11-21 22:00:00
O003901,C01462,P0064,5,2025-11-22 00:00:00
O003902,C01089,P0070,2,2025-11-22 02:00:00
O003903,C00356,P0047,5,2025-11-22 04:00:00
O003904,C00235,P0014,2,2025-11-22 06:00:00
O003905,C02275,P0007,5,2025-11-22 08:00:00
O003906,C01549,P0074,2,2025-11-22 10:00:00
O003907,C02097,P0079,3,2025-11-22 12:00:00
O003908,C00118,P0031,3,2025-11-22 14:00:00
O003909,C02102,P0093,2,2025-11-22 16:00:00
O003910,C01674,P0081,5,2025-11-22 18:00:00
O003911,C02613,P0051,3,2025-11-22 20:00:00
O003912,C01068,P0029,1,2025-11-22 22:00:00
O003913,C02101,P0015,2,2025-11-23 00:00:00
O003914,C00558,P0090,1,2025-11-23 02:00:00
O003915,C01816,P0076,1,2025-11-23 04:00:00
O003916,C02006,P0025,4,2025-11-23 06:00:00
O003917,C02916,P0061,1,2025-11-23 08:00:00
O003918,C00398,P0041,1,2025-11-23 10:00:00
O003919,C00675,P0069,4,2025-11-23 12:00:00
O003920,C00387,P0004,4,2025-11-23 14:00:00
O003921,C02159,P0057,4,2025-11-23 16:00:00
O003922,C02662,P0031,5,2025-11-23 18:00:00
O003923,C02065,P0003,4,2025-11-23 20:00:00
O003924,C00884,P0067,5,2025-11-23 22:00:00
O003925,C00541,P0090,2,2025-11-24 00:00:00
O003926,C00171,P0050,5,2025-11-24 02:00:00
O003927,C02457,P0017,2,2025-11-24 04:00:00
O003928,C00740,P0060,4,2025-11-24 06:00:00
O003929,C01402,P0074,4,2025-11-24 08:00:00
O003930,C02906,P0066,2,2025-11-24 10:00:00
O003931,C02278,P0088,3,2025-11-24 12:00:00
O003932,C00119,P0075,5,2025-11-24 14:00:00
O003933,C02832,P0024,1,2025-11-24 16:00:00
O003934,C02513,P0099,4,2025-11-24 18:00:00
O003935,C02152,P0087,5,2025-11-24 20:00:00
O003936,C02746,P0032,5,2025-11-24 22:00:00
O003937,C01996,P0087,4,2025-11-25 00:00:00
O003938,C01706,P0098,2,2025-11-25 02:00:00
O003939,C01723,P0019,4,2025-11-25 04:00:00
O003940,C02223,P0066,5,2025-11-25 06:00:00
O003941,C02793,P0060,3,2025-11-25 08:00:00
O003942,C01698,P0066,2,2025-11-25 10:00:00
O003943,C01445,P0015,4,2025-11-25 12:00:00
O003944,C01760,P0085,1,2025-11-25 14:00:00
O003945,C01525,P0035,4,2025-11-25 16:00:00
O003946,C00665,P0069,5,2025-11-25 18:00:00
O003947,C00033,P0027,5,2025-11-25 20:00:00
O003948,C02103,P0088,1,2025-11-25 22:00:00
O003949,C02567,P0007,2,2025-11-26 00:00:00
O003950,C02804,P0006,5,2025-11-26 02:00:00
O003951,C02060,P0033,2,2025-11-26 04:00:00
O003952,C01552,P0058,2,2025-11-26 06:00:00
O003953,C00720,P0049,4,2025-11-26 08:00:00
O003954,C02603,P0017,2,2025-11-26 10:00:00
O003955,C02421,P0042,5,2025-11-26 12:00:00
O003956,C00484,P0094,5,2025-11-26 14:00:00
O003957,C00973,P0072,3,2025-11-26 16:00:00
O003958,C02671,P0040,2,2025-11-26 18:00:00
O003959,C00307,P0046,3,2025-11-26 20:00:00
O003960,C00457,P0071,4,2025-11-26 22:00:00
O003961,C02208,P0070,3,2025-11-27 00:00:00
O003962,C00331,P0068,2,2025-11-27 02:00:00
O003963,C02824,P0001,5,2025-11-27 04:00:00
O003964,C00225,P0079,4,2025-11-27 06:00:00
O003965,C02777,P0095,2,2025-11-27 08:00:00
O003966,C01480,P0089,4,2025-11-27 10:00:00
O003967,C01083,P0097,1,2025-11-27 12:00:00
O003968,C00644,P0052,2,2025-11-27 14:00:00
O003969,C00616,P0035,1,2025-11-27 16:00:00
O003970,C00195,P0069,3,2025-11-27 18:00:00
O003971,C00489,P0005,2,2025-11-27 20:00:00
O003972,C02205,P0100,1,2025-11-27 22:00:00
O003973,C02658,P0017,5,2025-11-28 00:00:00
O003974,C01250,P0053,3,2025-11-28 02:00:00
O003975,C02460,P0052,2,2025-11-28 04:00:00
O003976,C01103,P0014,2,2025-11-28 06:00:00
O003977,C01148,P0029,5,2025-11-28 08:00:00
O003978,C02519,P0008,5,2025-11-28 10:00:00
O003979,C01242,P0098,1,2025-11-28 12:00:00
O003980,C00516,P0001,1,2025-11-28 14:00:00
O003981,C01626,P0029,1,2025-11-28 16:00:00
O003982,C01128,P0036,4,2025-11-28 18:00:00
O003983,C00393,P0051,3,2025-11-28 20:00:00
O003984,C00631,P0037,2,2025-11-28 22:00:00
O003985,C01848,P0093,3,2025-11-29 00:00:00
O003986,C02656,P0069,5,2025-11-29 02:00:00
O003987,C00980,P0053,3,2025-11-29 04:00:00
O003988,C00434,P0096,3,2025-11-29 06:00:00
O003989,C02588,P0052,1,2025-11-29 08:00:00
O003990,C00278,P0088,5,2025-11-29 10:00:00
O003991,C00233,P0083,3,2025-11-29 12:00:00
O003992,C01553,P0012,2,2025-11-29 14:00:00
O003993,C01595,P0052,1,2025-11-29 16:00:00
O003994,C01114,P0001,3,2025-11-29 18:00:00
O003995,C02410,P0007,5,2025-11-29 20:00:00
O003996,C00026,P0017,2,2025-11-29 22:00:00
O003997,C01418,P0098,5,2025-11-30 00:00:00
O003998,C02555,P0043,5,2025-11-30 02:00:00
O003999,C02315,P0071,5,2025-11-30 04:00:00
O004000,C00461,P0017,4,2025-11-30 06:00:00
O004001,C02504,P0059,2,2025-11-30 08:00:00
O004002,C01092,P0003,5,2025-11-30 10:00:00
O004003,C01007,P0029,4,2025-11-30 12:00:00
O004004,C02911,P0022,1,2025-11-30 14:00:00
O004005,C01995,P0038,4,2025-11-30 16:00:00
O004006,C00491,P0054,1,2025-11-30 18:00:00
O004007,C01073,P0093,4,2025-11-30 20:00:00
O004008,C02612,P0050,5,2025-11-30 22:00:00
O004009,C00216,P0069,4,2025-12-01 00:00:00
O004010,C01724,P0030,4,2025-12-01 02:00:00
O004011,C01593,P0023,5,2025-12-01 04:00:00
O004012,C02607,P0085,1,2025-12-01 06:00:00
O004013,C00159,P0090,5,2025-12-01 08:00:00
O004014,C02537,P0047,2,2025-12-01 10:00:00
O004015,C00686,P0021,4,2025-12-01 12:00:00
O004016,C02842,P0020,2,2025-12-01 14:00:00
O004017,C01777,P0023,5,2025-12-01 16:00:00
O004018,C02053,P0068,5,2025-12-01 18:00:00
O004019,C01844,P0021,3,2025-12-01 20:00:00
O004020,C02409,P0021,2,2025-12-01 22:00:00
O004021,C02507,P0001,3,2025-12-02 00:00:00
O004022,C02296,P0015,2,2025-12-02 02:00:00
O004023,C01590,P0017,3,2025-12-02 04:00:00
O004024,C01697,P0051,3,2025-12-02 06:00:00
O004025,C02994,P0063,2,2025-12-02 08:00:00
O004026,C02470,P0014,5,2025-12-02 10:00:00
O004027,C01947,P0059,1,2025-12-02 12:00:00
O004028,C02063,P0083,5,2025-12-02 14:00:00
O004029,C02784,P0050,1,2025-12-02 16:00:00
O004030,C01146,P0034,2,2025-12-02 18:00:00
O004031,C02325,P0006,4,2025-12-02 20:00:00
O004032,C01582,P0049,5,2025-12-02 22:00:00
O004033,C02501,P0006,3,2025-12-03 00:00:00
O004034,C02646,P0069,5,2025-12-03 02:00:00
O004035,C02494,P0007,2,2025-12-03 04:00:00
O004036,C02258,P0097,4,2025-12-03 06:00:00
O004037,C02762,P0077,4,2025-12-03 08:00:00
O004038,C02350,P0051,5,2025-12-03 10:00:00
O004039,C01933,P0001,5,2025-12-03 12:00:00
O004040,C01758,P0013,5,2025-12-03 14:00:00
O004041,C02051,P0043,2,2025-12-03 16:00:00
O004042,C00990,P0027,1,2025-12-03 18:00:00
O004043,C01542,P0071,1,2025-12-03 20:00:00
O004044,C01117,P0003,3,2025-12-03 22:00:00
O004045,C02568,P0058,2,2025-12-04 00:00:00
O004046,C00493,P0089,4,2025-12-04 02:00:00
O004047,C00620,P0097,3,2025-12-04 04:00:00
O004048,C02379,P0017,4,2025-12-04 06:00:00
O004049,C02381,P0045,4,2025-12-04 08:00:00
O004050,C02098,P0078,5,2025-12-04 10:00:00
O004051,C01547,P0058,4,2025-12-04 12:00:00
O004052,C00863,P0056,4,2025-12-04 14:00:00
O004053,C01692,P0054,2,2025-12-04 16:00:00
O004054,C01606,P0087,5,2025-12-04 18:00:00
O004055,C02320,P0088,5,2025-12-04 20:00:00
O004056,C00580,P0029,3,2025-12-04 22:00:00
O004057,C01891,P0054,5,2025-12-05 00:00:00
O004058,C01276,P0027,1,2025-12-05 02:00:00
O004059,C02608,P0045,2,2025-12-05 04:00:00
O004060,C02744,P0087,3,2025-12-05 06:00:00
O004061,C01856,P0031,1,2025-12-05 08:00:00
O004062,C02494,P0036,4,2025-12-05 10:00:00
O004063,C01356,P0081,1,2025-12-05 12:00:00
O004064,C01163,P0061,3,2025-12-05 14:00:00
O004065,C00357,P0037,5,2025-12-05 16:00:00
O004066,C01625,P0067,2,2025-12-05 18:00:00
O004067,C02322,P0036,3,2025-12-05 20:00:00
O004068,C02007,P0005,1,2025-12-05 22:00:00
O004069,C02359,P0046,1,2025-12-06 00:00:00
O004070,C00870,P0079,3,2025-12-06 02:00:00
O004071,C00886,P0052,3,2025-12-06 04:00:00
O004072,C02002,P0049,3,2025-12-06 06:00:00
O004073,C02202,P0006,5,2025-12-06 08:00:00
O004074,C01414,P0010,3,2025-12-06 10:00:00
O004075,C01284,P0096,4,2025-12-06 12:00:00
O004076,C00620,P0023,2,2025-12-06 14:00:00
O004077,C00883,P0017,2,2025-12-06 16:00:00
O004078,C00797,P0084,4,2025-12-06 18:00:00
O004079,C02173,P0044,1,2025-12-06 20:00:00
O004080,C01297,P0041,1,2025-12-06 22:00:00
O004081,C00619,P0015,1,2025-12-07 00:00:00
O004082,C01835,P0044,1,2025-12-07 02:00:00
O004083,C00245,P0058,5,2025-12-07 04:00:00
O004084,C02896,P0086,4,2025-12-07 06:00:00
O004085,C02498,P0050,2,2025-12-07 08:00:00
O004086,C00930,P0052,4,2025-12-07 10:00:00
O004087,C01271,P0070,2,2025-12-07 12:00:00
O004088,C00520,P0068,1,2025-12-07 14:00:00
O004089,C02410,P0063,5,2025-12-07 16:00:00
O004090,C00008,P0058,3,2025-12-07 18:00:00
O004091,C02526,P0023,3,2025-12-07 20:00:00
O004092,C02020,P0044,1,2025-12-07 22:00:00
O004093,C00495,P0083,1,2025-12-08 00:00:00
O004094,C01630,P0095,4,2025-12-08 02:00:00
O004095,C02881,P0044,5,2025-12-08 04:00:00
O004096,C01063,P0052,5,2025-12-08 06:00:00
O004097,C02641,P0067,4,2025-12-08 08:00:00
O004098,C00187,P0028,5,2025-12-08 10:00:00
O004099,C02802,P0067,5,2025-12-08 12:00:00
O004100,C01878,P0078,3,2025-12-08 14:00:00
O004101,C02141,P0018,5,2025-12-08 16:00:00
O004102,C00086,P0027,1,2025-12-08 18:00:00
O004103,C00137,P0051,3,2025-12-08 20:00:00
O004104,C02469,P0060,1,2025-12-08 22:00:00
O004105,C02122,P0074,1,2025-12-09 00:00:00
O004106,C01637,P0049,4,2025-12-09 02:00:00
O004107,C02219,P0015,5,2025-12-09 04:00:00
O004108,C01752,P0083,5,2025-12-09 06:00:00
O004109,C02218,P0073,5,2025-12-09 08:00:00
O004110,C01788,P0068,5,2025-12-09 10:00:00
O004111,C00872,P0015,3,2025-12-09 12:00:00
O004112,C02370,P0051,2,2025-12-09 14:00:00
O004113,C02504,P0048,1,2025-12-09 16:00:00
O004114,C00944,P0072,2,2025-12-09 18:00:00
O004115,C01627,P0001,2,2025-12-09 20:00:00
O004116,C02838,P0007,2,2025-12-09 22:00:00
O004117,C02661,P0053,3,2025-12-10 00:00:00
O004118,C02937,P0031,2,2025-12-10 02:00:00
O004119,C00349,P0018,3,2025-12-10 04:00:00
O004120,C01677,P0012,4,2025-12-10 06:00:00
O004121,C01197,P0048,4,2025-12-10 08:00:00
O004122,C00010,P0030,4,2025-12-10 10:00:00
O004123,C02788,P0097,3,2025-12-10 12:00:00
O004124,C01462,P0007,3,2025-12-10 14:00:00
O004125,C00667,P0092,1,2025-12-10 16:00:00
O004126,C02594,P0003,2,2025-12-10 18:00:00
O004127,C01523,P0063,5,2025-12-10 20:00:00
O004128,C02177,P0006,5,2025-12-10 22:00:00
O004129,C00601,P0095,2,2025-12-11 00:00:00
O004130,C02653,P0015,5,2025-12-11 02:00:00
O004131,C00327,P0071,5,2025-12-11 04:00:00
O004132,C00980,P0043,5,2025-12-11 06:00:00
O004133,C02452,P0094,3,2025-12-11 08:00:00
O004134,C00629,P0091,3,2025-12-11 10:00:00
O004135,C01630,P0081,3,2025-12-11 12:00:00
O004136,C02766,P0018,2,2025-12-11 14:00:00
O004137,C00274,P0022,4,2025-12-11 16:00:00
O004138,C00685,P0061,5,2025-12-11 18:00:00
O004139,C00116,P0061,1,2025-12-11 20:00:00
O004140,C00861,P0053,3,2025-12-11 22:00:00
O004141,C02004,P0026,1,2025-12-12 00:00:00
O004142,C00693,P0091,5,2025-12-12 02:00:00
O004143,C01106,P0040,4,2025-12-12 04:00:00
O004144,C02372,P0088,1,2025-12-12 06:00:00
O004145,C02162,P0008,5,2025-12-12 08:00:00
O004146,C01793,P0021,5,2025-12-12 10:00:00
O004147,C00154,P0093,3,2025-12-12 12:00:00
O004148,C01901,P0043,4,2025-12-12 14:00:00
O004149,C01428,P0021,5,2025-12-12 16:00:00
O004150,C01290,P0003,4,2025-12-12 18:00:00
O004151,C00315,P0031,3,2025-12-12 20:00:00
O004152,C01065,P0027,1,2025-12-12 22:00:00
O004153,C00105,P0027,2,2025-12-13 00:00:00
O004154,C01925,P0073,2,2025-12-13 02:00:00
O004155,C01914,P0057,2,2025-12-13 04:00:00
O004156,C01217,P0097,4,2025-12-13 06:00:00
O004157,C01425,P0033,2,2025-12-13 08:00:00
O004158,C02402,P0090,1,2025-12-13 10:00:00
O004159,C01773,P0092,5,2025-12-13 12:00:00
O004160,C01961,P0044,4,2025-12-13 14:00:00
O004161,C02781,P0043,1,2025-12-13 16:00:00
O004162,C01604,P0031,4,2025-12-13 18:00:00
O004163,C00709,P0065,4,2025-12-13 20:00:00
O004164,C00651,P0084,4,2025-12-13 22:00:00
O004165,C02872,P0076,3,2025-12-14 00:00:00
O004166,C00947,P0017,5,2025-12-14 02:00:00
O004167,C00661,P0015,2,2025-12-14 04:00:00
O004168,C02147,P0034,3,2025-12-14 06:00:00
O004169,C02636,P0080,5,2025-12-14 08:00:00
O004170,C02330,P0004,2,2025-12-14 10:00:00
O004171,C02451,P0072,3,2025-12-14 12:00:00
O004172,C01133,P0098,3,2025-12-14 14:00:00
O004173,C00700,P0089,1,2025-12-14 16:00:00
O004174,C02247,P0079,3,2025-12-14 18:00:00
O004175,C02039,P0028,4,2025-12-14 20:00:00
O004176,C02375,P0073,3,2025-12-14 22:00:00
O004177,C02202,P0002,4,2025-12-15 00:00:00
O004178,C00552,P0017,5,2025-12-15 02:00:00
O004179,C00405,P0058,5,2025-12-15 04:00:00
O004180,C00462,P0074,4,2025-12-15 06:00:00
O004181,C02180,P0009,1,2025-12-15 08:00:00
O004182,C02839,P0031,1,2025-12-15 10:00:00
O004183,C00874,P0066,5,2025-12-15 12:00:00
O004184,C00084,P0088,3,2025-12-15 14:00:00
O004185,C01423,P0062,5,2025-12-15 16:00:00
O004186,C02802,P0019,5,2025-12-15 18:00:00
O004187,C02676,P0081,4,2025-12-15 20:00:00
O004188,C00221,P0074,1,2025-12-15 22:00:00
O004189,C02601,P0055,4,2025-12-16 00:00:00
O004190,C01392,P0028,5,2025-12-16 02:00:00
O004191,C00112,P0092,2,2025-12-16 04:00:00
O004192,C00615,P0050,3,2025-12-16 06:00:00
O004193,C01582,P0065,5,2025-12-16 08:00:00
O004194,C02972,P0003,4,2025-12-16 10:00:00
O004195,C00475,P0079,2,2025-12-16 12:00:00
O004196,C02884,P0052,2,2025-12-16 14:00:00
O004197,C01914,P0010,5,2025-12-16 16:00:00
O004198,C00271,P0021,1,2025-12-16 18:00:00
O004199,C02469,P0037,2,2025-12-16 20:00:00
O004200,C01921,P0015,3,2025-12-16 22:00:00
O004201,C02755,P0087,4,2025-12-17 00:00:00
O004202,C01391,P0078,4,2025-12-17 02:00:00
O004203,C00040,P0079,4,2025-12-17 04:00:00
O004204,C01983,P0074,5,2025-12-17 06:00:00
O004205,C02237,P0009,4,2025-12-17 08:00:00
O004206,C00994,P0044,4,2025-12-17 10:00:00
O004207,C02013,P0039,3,2025-12-17 12:00:00
O004208,C02584,P0005,1,2025-12-17 14:00:00
O004209,C00290,P0025,5,2025-12-17 16:00:00
O004210,C02481,P0056,5,2025-12-17 18:00:00
O004211,C02519,P0090,4,2025-12-17 20:00:00
O004212,C02676,P0064,3,2025-12-17 22:00:00
O004213,C00279,P0072,2,2025-12-18 00:00:00
O004214,C02925,P0086,4,2025-12-18 02:00:00
O004215,C00581,P0052,4,2025-12-18 04:00:00
O004216,C00863,P0089,5,2025-12-18 06:00:00
O004217,C00254,P0076,5,2025-12-18 08:00:00
O004218,C00181,P0009,4,2025-12-18 10:00:00
O004219,C00681,P0010,5,2025-12-18 12:00:00
O004220,C00825,P0010,3,2025-12-18 14:00:00
O004221,C00700,P0073,2,2025-12-18 16:00:00
O004222,C02614,P0062,2,2025-12-18 18:00:00
O004223,C01350,P0090,2,2025-12-18 20:00:00
O004224,C01381,P0099,4,2025-12-18 22:00:00
O004225,C01674,P0091,4,2025-12-19 00:00:00
O004226,C02728,P0060,4,2025-12-19 02:00:00
O004227,C02439,P0095,3,2025-12-19 04:00:00
O004228,C01639,P0019,2,2025-12-19 06:00:00
O004229,C01958,P0038,5,2025-12-19 08:00:00
O004230,C00212,P0006,5,2025-12-19 10:00:00
O004231,C01539,P0015,1,2025-12-19 12:00:00
O004232,C00384,P0093,1,2025-12-19 14:00:00
O004233,C01715,P0047,5,2025-12-19 16:00:00
O004234,C00342,P0045,2,2025-12-19 18:00:00
O004235,C01839,P0005,4,2025-12-19 20:00:00
O004236,C01988,P0078,5,2025-12-19 22:00:00
O004237,C00844,P0053,5,2025-12-20 00:00:00
O004238,C01535,P0066,1,2025-12-20 02:00:00
O004239,C00420,P0062,2,2025-12-20 04:00:00
O004240,C02799,P0023,5,2025-12-20 06:00:00
O004241,C01989,P0044,4,2025-12-20 08:00:00
O004242,C01933,P0052,4,2025-12-20 10:00:00
O004243,C01850,P0046,3,2025-12-20 12:00:00
O004244,C00306,P0019,4,2025-12-20 14:00:00
O004245,C02750,P0088,5,2025-12-20 16:00:00
O004246,C00869,P0084,5,2025-12-20 18:00:00
O004247,C02585,P0047,4,2025-12-20 20:00:00
O004248,C01136,P0091,1,2025-12-20 22:00:00
O004249,C01435,P0052,2,2025-12-21 00:00:00
O004250,C00206,P0024,5,2025-12-21 02:00:00
O004251,C00496,P0017,4,2025-12-21 04:00:00
O004252,C01910,P0089,4,2025-12-21 06:00:00
O004253,C02552,P0046,5,2025-12-21 08:00:00
O004254,C01046,P0064,3,2025-12-21 10:00:00
O004255,C00213,P0095,2,2025-12-21 12:00:00
O004256,C00310,P0028,5,2025-12-21 14:00:00
O004257,C02709,P0050,4,2025-12-21 16:00:00
O004258,C01992,P0064,3,2025-12-21 18:00:00
O004259,C02801,P0028,5,2025-12-21 20:00:00
O004260,C00272,P0086,2,2025-12-21 22:00:00
O004261,C01823,P0056,3,2025-12-22 00:00:00
O004262,C02986,P0059,4,2025-12-22 02:00:00
O004263,C02080,P0005,1,2025-12-22 04:00:00
O004264,C00443,P0054,2,2025-12-22 06:00:00
O004265,C02210,P0044,3,2025-12-22 08:00:00
O004266,C02815,P0042,5,2025-12-22 10:00:00
O004267,C00254,P0072,5,2025-12-22 12:00:00
O004268,C00521,P0092,3,2025-12-22 14:00:00
O004269,C00977,P0057,5,2025-12-22 16:00:00
O004270,C00010,P0047,3,2025-12-22 18:00:00
O004271,C02774,P0076,2,2025-12-22 20:00:00
O004272,C02553,P0025,5,2025-12-22 22:00:00
O004273,C02833,P0044,2,2025-12-23 00:00:00
O004274,C01584,P0015,4,2025-12-23 02:00:00
O004275,C02484,P0051,4,2025-12-23 04:00:00
O004276,C01135,P0053,4,2025-12-23 06:00:00
O004277,C00153,P0034,4,2025-12-23 08:00:00
O004278,C01659,P0077,5,2025-12-23 10:00:00
O004279,C02965,P0008,3,2025-12-23 12:00:00
O004280,C02917,P0077,5,2025-12-23 14:00:00
O004281,C02801,P0100,5,2025-12-23 16:00:00
O004282,C01857,P0070,2,2025-12-23 18:00:00
O004283,C01215,P0096,3,2025-12-23 20:00:00
O004284,C01753,P0021,1,2025-12-23 22:00:00
O004285,C02611,P0007,1,2025-12-24 00:00:00
O004286,C01105,P0090,3,2025-12-24 02:00:00
O004287,C02537,P0079,1,2025-12-24 04:00:00
O004288,C00895,P0056,3,2025-12-24 06:00:00
O004289,C01112,P0049,2,2025-12-24 08:00:00
O004290,C00104,P0042,2,2025-12-24 10:00:00
O004291,C01915,P0023,5,2025-12-24 12:00:00
O004292,C01007,P0052,1,2025-12-24 14:00:00
O004293,C00407,P0079,3,2025-12-24 16:00:00
O004294,C01402,P0053,2,2025-12-24 18:00:00
O004295,C00167,P0016,5,2025-12-24 20:00:00
O004296,C00509,P0096,1,2025-12-24 22:00:00
O004297,C01662,P0037,1,2025-12-25 00:00:00
O004298,C02361,P0018,1,2025-12-25 02:00:00
O004299,C00763,P0020,2,2025-12-25 04:00:00
O004300,C00681,P0046,2,2025-12-25 06:00:00
O004301,C02525,P0002,1,2025-12-25 08:00:00
O004302,C02121,P0087,2,2025-12-25 10:00:00
O004303,C01165,P0094,1,2025-12-25 12:00:00
O004304,C00582,P0063,4,2025-12-25 14:00:00
O004305,C00262,P0003,2,2025-12-25 16:00:00
O004306,C01364,P0046,3,2025-12-25 18:00:00
O004307,C01332,P0049,2,2025-12-25 20:00:00
O004308,C02293,P0001,1,2025-12-25 22:00:00
O004309,C01539,P0022,3,2025-12-26 00:00:00
O004310,C00561,P0093,5,2025-12-26 02:00:00
O004311,C01100,P0014,3,2025-12-26 04:00:00
O004312,C01904,P0092,3,2025-12-26 06:00:00
O004313,C00175,P0085,2,2025-12-26 08:00:00
O004314,C02157,P0045,3,2025-12-26 10:00:00
O004315,C02231,P0096,3,2025-12-26 12:00:00
O004316,C00192,P0006,1,2025-12-26 14:00:00
O004317,C00065,P0065,2,2025-12-26 16:00:00
O004318,C01498,P0021,1,2025-12-26 18:00:00
O004319,C01568,P0004,2,2025-12-26 20:00:00
O004320,C02912,P0003,5,2025-12-26 22:00:00
O004321,C01152,P0030,3,2025-12-27 00:00:00
O004322,C01938,P0031,2,2025-12-27 02:00:00
O004323,C00369,P0034,3,2025-12-27 04:00:00
O004324,C00851,P0083,3,2025-12-27 06:00:00
O004325,C00043,P0020,4,2025-12-27 08:00:00
O004326,C01908,P0087,1,2025-12-27 10:00:00
O004327,C02536,P0054,2,2025-12-27 12:00:00
O004328,C00078,P0025,5,2025-12-27 14:00:00
O004329,C02874,P0015,4,2025-12-27 16:00:00
O004330,C01825,P0038,1,2025-12-27 18:00:00
O004331,C01294,P0023,5,2025-12-27 20:00:00
O004332,C00674,P0052,5,2025-12-27 22:00:00
O004333,C00701,P0066,3,2025-12-28 00:00:00
O004334,C00759,P0057,1,2025-12-28 02:00:00
O004335,C01924,P0057,4,2025-12-28 04:00:00
O004336,C02776,P0079,2,2025-12-28 06:00:00
O004337,C02973,P0052,2,2025-12-28 08:00:00
O004338,C00902,P0035,4,2025-12-28 10:00:00
O004339,C02937,P0074,3,2025-12-28 12:00:00
O004340,C00993,P0014,3,2025-12-28 14:00:00
O004341,C01192,P0091,5,2025-12-28 16:00:00
O004342,C02387,P0014,1,2025-12-28 18:00:00
O004343,C02241,P0099,5,2025-12-28 20:00:00
O004344,C01477,P0033,2,2025-12-28 22:00:00
O004345,C02331,P0052,4,2025-12-29 00:00:00
O004346,C00390,P0001,1,2025-12-29 02:00:00
O004347,C01000,P0034,4,2025-12-29 04:00:00
O004348,C00525,P0019,1,2025-12-29 06:00:00
O004349,C01856,P0024,2,2025-12-29 08:00:00
O004350,C01507,P0004,2,2025-12-29 10:00:00
O004351,C00659,P0036,1,2025-12-29 12:00:00
O004352,C02764,P0077,3,2025-12-29 14:00:00
O004353,C00891,P0058,1,2025-12-29 16:00:00
O004354,C01482,P0032,2,2025-12-29 18:00:00
O004355,C00452,P0009,4,2025-12-29 20:00:00
O004356,C02476,P0080,5,2025-12-29 22:00:00
O004357,C01538,P0067,4,2025-12-30 00:00:00
O004358,C00883,P0020,2,2025-12-30 02:00:00
O004359,C00313,P0074,4,2025-12-30 04:00:00
O004360,C00840,P0062,3,2025-12-30 06:00:00
O004361,C02567,P0058,3,2025-12-30 08:00:00
O004362,C00375,P0022,1,2025-12-30 10:00:00
O004363,C00451,P0067,4,2025-12-30 12:00:00
O004364,C00595,P0075,4,2025-12-30 14:00:00
O004365,C01234,P0089,2,2025-12-30 16:00:00
O004366,C00500,P0048,1,2025-12-30 18:00:00
O004367,C00464,P0008,1,2025-12-30 20:00:00
O004368,C00113,P0073,4,2025-12-30 22:00:00
O004369,C01036,P0015,5,2025-12-31 00:00:00
O004370,C02379,P0032,4,2025-12-31 02:00:00
O004371,C01925,P0053,4,2025-12-31 04:00:00
O004372,C00140,P0067,4,2025-12-31 06:00:00
O004373,C01425,P0004,3,2025-12-31 08:00:00
O004374,C02950,P0030,1,2025-12-31 10:00:00
O004375,C00517,P0013,3,2025-12-31 12:00:00
O004376,C02617,P0021,5,2025-12-31 14:00:00
O004377,C01948,P0041,2,2025-12-31 16:00:00
O004378,C02894,P0019,5,2025-12-31 18:00:00
O004379,C02166,P0048,1,2025-12-31 20:00:00
O004380,C00888,P0086,2,2025-12-31 22:00:00
O004381,C01342,P0063,5,2026-01-01 00:00:00
O004382,C00050,P0020,1,2026-01-01 02:00:00
O004383,C00019,P0064,5,2026-01-01 04:00:00
O004384,C00726,P0037,2,2026-01-01 06:00:00
O004385,C02245,P0031,2,2026-01-01 08:00:00
O004386,C01474,P0074,5,2026-01-01 10:00:00
O004387,C02607,P0018,3,2026-01-01 12:00:00
O004388,C00452,P0020,5,2026-01-01 14:00:00
O004389,C02337,P0082,5,2026-01-01 16:00:00
O004390,C01165,P0011,5,2026-01-01 18:00:00
O004391,C01108,P0086,3,2026-01-01 20:00:00
O004392,C02439,P0044,4,2026-01-01 22:00:00
O004393,C00215,P0082,2,2026-01-02 00:00:00
O004394,C01550,P0064,1,2026-01-02 02:00:00
O004395,C02263,P0034,2,2026-01-02 04:00:00
O004396,C00128,P0087,2,2026-01-02 06:00:00
O004397,C01846,P0065,4,2026-01-02 08:00:00
O004398,C00760,P0055,2,2026-01-02 10:00:00
O004399,C02452,P0074,2,2026-01-02 12:00:00
O004400,C01816,P0001,3,2026-01-02 14:00:00
O004401,C02386,P0038,3,2026-01-02 16:00:00
O004402,C02879,P0009,3,2026-01-02 18:00:00
O004403,C02762,P0095,3,2026-01-02 20:00:00
O004404,C00361,P0071,3,2026-01-02 22:00:00
O004405,C00569,P0017,1,2026-01-03 00:00:00
O004406,C01416,P0099,4,2026-01-03 02:00:00
O004407,C02266,P0052,5,2026-01-03 04:00:00
O004408,C01598,P0018,3,2026-01-03 06:00:00
O004409,C01693,P0063,4,2026-01-03 08:00:00
O004410,C00202,P0033,5,2026-01-03 10:00:00
O004411,C02065,P0004,2,2026-01-03 12:00:00
O004412,C02370,P0087,2,2026-01-03 14:00:00
O004413,C00518,P0075,4,2026-01-03 16:00:00
O004414,C01349,P0052,1,2026-01-03 18:00:00
O004415,C01436,P0009,1,2026-01-03 20:00:00
O004416,C01342,P0064,4,2026-01-03 22:00:00
O004417,C00681,P0030,1,2026-01-04 00:00:00
O004418,C01989,P0008,1,2026-01-04 02:00:00
O004419,C01492,P0005,2,2026-01-04 04:00:00
O004420,C00425,P0076,1,2026-01-04 06:00:00
O004421,C01969,P0063,1,2026-01-04 08:00:00
O004422,C01713,P0001,4,2026-01-04 10:00:00
O004423,C02435,P0015,1,2026-01-04 12:00:00
O004424,C00778,P0089,3,2026-01-04 14:00:00
O004425,C02146,P0082,3,2026-01-04 16:00:00
O004426,C01827,P0038,4,2026-01-04 18:00:00
O004427,C00208,P0042,3,2026-01-04 20:00:00
O004428,C01538,P0046,2,2026-01-04 22:00:00
O004429,C01660,P0053,4,2026-01-05 00:00:00
O004430,C02634,P0026,1,2026-01-05 02:00:00
O004431,C02214,P0061,3,2026-01-05 04:00:00
O004432,C00022,P0067,2,2026-01-05 06:00:00
O004433,C00154,P0054,4,2026-01-05 08:00:00
O004434,C01963,P0022,4,2026-01-05 10:00:00
O004435,C00219,P0026,1,2026-01-05 12:00:00
O004436,C00669,P0083,5,2026-01-05 14:00:00
O004437,C01519,P0060,3,2026-01-05 16:00:00
O004438,C02278,P0039,2,2026-01-05 18:00:00
O004439,C02068,P0036,4,2026-01-05 20:00:00
O004440,C02601,P0021,3,2026-01-05 22:00:00
O004441,C00950,P0041,2,2026-01-06 00:00:00
O004442,C02196,P0048,2,2026-01-06 02:00:00
O004443,C00403,P0026,4,2026-01-06 04:00:00
O004444,C00596,P0063,3,2026-01-06 06:00:00
O004445,C02415,P0077,2,2026-01-06 08:00:00
O004446,C01438,P0036,4,2026-01-06 10:00:00
O004447,C02850,P0024,3,2026-01-06 12:00:00
O004448,C02966,P0090,3,2026-01-06 14:00:00
O004449,C01158,P0021,4,2026-01-06 16:00:00
O004450,C01743,P0018,3,2026-01-06 18:00:00
O004451,C01307,P0015,5,2026-01-06 20:00:00
O004452,C00073,P0079,2,2026-01-06 22:00:00
O004453,C00481,P0006,2,2026-01-07 00:00:00
O004454,C00560,P0043,3,2026-01-07 02:00:00
O004455,C00745,P0031,4,2026-01-07 04:00:00
O004456,C01467,P0028,1,2026-01-07 06:00:00
O004457,C00100,P0008,3,2026-01-07 08:00:00
O004458,C01083,P0029,1,2026-01-07 10:00:00
O004459,C02556,P0021,3,2026-01-07 12:00:00
O004460,C02306,P0081,1,2026-01-07 14:00:00
O004461,C00413,P0088,3,2026-01-07 16:00:00
O004462,C01089,P0058,4,2026-01-07 18:00:00
O004463,C02643,P0060,1,2026-01-07 20:00:00
O004464,C01178,P0050,5,2026-01-07 22:00:00
O004465,C02009,P0100,4,2026-01-08 00:00:00
O004466,C02314,P0031,3,2026-01-08 02:00:00
O004467,C00821,P0047,1,2026-01-08 04:00:00
O004468,C00662,P0034,2,2026-01-08 06:00:00
O004469,C02995,P0002,4,2026-01-08 08:00:00
O004470,C00560,P0067,1,2026-01-08 10:00:00
O004471,C02965,P0094,4,2026-01-08 12:00:00
O004472,C02939,P0072,1,2026-01-08 14:00:00
O004473,C01272,P0052,2,2026-01-08 16:00:00
O004474,C01814,P0007,5,2026-01-08 18:00:00
O004475,C02916,P0076,2,2026-01-08 20:00:00
O004476,C00610,P0019,3,2026-01-08 22:00:00
O004477,C02462,P0090,4,2026-01-09 00:00:00
O004478,C00025,P0092,5,2026-01-09 02:00:00
O004479,C02029,P0015,4,2026-01-09 04:00:00
O004480,C00284,P0078,1,2026-01-09 06:00:00
O004481,C01473,P0048,3,2026-01-09 08:00:00
O004482,C02929,P0014,3,2026-01-09 10:00:00
O004483,C00301,P0003,4,2026-01-09 12:00:00
O004484,C01092,P0050,3,2026-01-09 14:00:00
O004485,C01031,P0093,4,2026-01-09 16:00:00
O004486,C00817,P0054,1,2026-01-09 18:00:00
O004487,C00083,P0006,1,2026-01-09 20:00:00
O004488,C01921,P0049,4,2026-01-09 22:00:00
O004489,C02094,P0023,2,2026-01-10 00:00:00
O004490,C00618,P0092,2,2026-01-10 02:00:00
O004491,C02976,P0078,1,2026-01-10 04:00:00
O004492,C02310,P0078,5,2026-01-10 06:00:00
O004493,C00176,P0020,2,2026-01-10 08:00:00
O004494,C01190,P0077,4,2026-01-10 10:00:00
O004495,C02705,P0091,1,2026-01-10 12:00:00
O004496,C00842,P0060,3,2026-01-10 14:00:00
O004497,C00370,P0099,3,2026-01-10 16:00:00
O004498,C01819,P0045,2,2026-01-10 18:00:00
O004499,C02102,P0061,5,2026-01-10 20:00:00
O004500,C00690,P0056,2,2026-01-10 22:00:00
O004501,C01780,P0002,5,2026-01-11 00:00:00
O004502,C01365,P0045,2,2026-01-11 02:00:00
O004503,C01433,P0040,3,2026-01-11 04:00:00
O004504,C00367,P0024,5,2026-01-11 06:00:00
O004505,C00644,P0029,3,2026-01-11 08:00:00
O004506,C02427,P0067,4,2026-01-11 10:00:00
O004507,C00073,P0068,4,2026-01-11 12:00:00
O004508,C02963,P0066,1,2026-01-11 14:00:00
O004509,C01272,P0084,3,2026-01-11 16:00:00
O004510,C00860,P0054,3,2026-01-11 18:00:00
O004511,C00043,P0053,1,2026-01-11 20:00:00
O004512,C02425,P0079,4,2026-01-11 22:00:00
O004513,C01065,P0049,4,2026-01-12 00:00:00
O004514,C02218,P0032,5,2026-01-12 02:00:00
O004515,C02260,P0061,5,2026-01-12 04:00:00
O004516,C01517,P0042,4,2026-01-12 06:00:00
O004517,C02087,P0001,2,2026-01-12 08:00:00
O004518,C00369,P0063,3,2026-01-12 10:00:00
O004519,C02805,P0035,5,2026-01-12 12:00:00
O004520,C00151,P0051,2,2026-01-12 14:00:00
O004521,C01135,P0071,5,2026-01-12 16:00:00
O004522,C01504,P0045,1,2026-01-12 18:00:00
O004523,C01460,P0077,3,2026-01-12 20:00:00
O004524,C01071,P0065,5,2026-01-12 22:00:00
O004525,C01024,P0014,4,2026-01-13 00:00:00
O004526,C01599,P0093,1,2026-01-13 02:00:00
O004527,C02785,P0003,1,2026-01-13 04:00:00
O004528,C02041,P0024,4,2026-01-13 06:00:00
O004529,C01390,P0065,1,2026-01-13 08:00:00
O004530,C00069,P0048,3,2026-01-13 10:00:00
O004531,C02347,P0010,5,2026-01-13 12:00:00
O004532,C00944,P0013,1,2026-01-13 14:00:00
O004533,C00802,P0100,3,2026-01-13 16:00:00
O004534,C02344,P0073,4,2026-01-13 18:00:00
O004535,C02251,P0014,5,2026-01-13 20:00:00
O004536,C00061,P0100,4,2026-01-13 22:00:00
O004537,C00946,P0010,5,2026-01-14 00:00:00
O004538,C01338,P0040,1,2026-01-14 02:00:00
O004539,C01185,P0023,1,2026-01-14 04:00:00
O004540,C00331,P0099,5,2026-01-14 06:00:00
O004541,C01552,P0055,3,2026-01-14 08:00:00
O004542,C00338,P0063,3,2026-01-14 10:00:00
O004543,C01630,P0071,3,2026-01-14 12:00:00
O004544,C01328,P0042,2,2026-01-14 14:00:00
O004545,C01527,P0099,3,2026-01-14 16:00:00
O004546,C01674,P0066,1,2026-01-14 18:00:00
O004547,C01362,P0079,2,2026-01-14 20:00:00
O004548,C01574,P0073,3,2026-01-14 22:00:00
O004549,C02687,P0047,1,2026-01-15 00:00:00
O004550,C00275,P0081,2,2026-01-15 02:00:00
O004551,C01188,P0052,1,2026-01-15 04:00:00
O004552,C02367,P0018,5,2026-01-15 06:00:00
O004553,C02637,P0079,1,2026-01-15 08:00:00
O004554,C02552,P0018,2,2026-01-15 10:00:00
O004555,C02435,P0024,3,2026-01-15 12:00:00
O004556,C01994,P0023,2,2026-01-15 14:00:00
O004557,C00870,P0012,3,2026-01-15 16:00:00
O004558,C02881,P0023,3,2026-01-15 18:00:00
O004559,C01015,P0021,4,2026-01-15 20:00:00
O004560,C01912,P0064,5,2026-01-15 22:00:00
O004561,C00603,P0090,4,2026-01-16 00:00:00
O004562,C01800,P0072,2,2026-01-16 02:00:00
O004563,C00691,P0094,4,2026-01-16 04:00:00
O004564,C00494,P0034,3,2026-01-16 06:00:00
O004565,C00490,P0002,2,2026-01-16 08:00:00
O004566,C02769,P0069,4,2026-01-16 10:00:00
O004567,C02557,P0031,1,2026-01-16 12:00:00
O004568,C00390,P0097,5,2026-01-16 14:00:00
O004569,C00295,P0068,1,2026-01-16 16:00:00
O004570,C01393,P0070,2,2026-01-16 18:00:00
O004571,C02844,P0087,4,2026-01-16 20:00:00
O004572,C02913,P0019,3,2026-01-16 22:00:00
O004573,C01718,P0072,4,2026-01-17 00:00:00
O004574,C02597,P0013,2,2026-01-17 02:00:00
O004575,C00649,P0065,2,2026-01-17 04:00:00
O004576,C01874,P0006,2,2026-01-17 06:00:00
O004577,C00568,P0071,2,2026-01-17 08:00:00
O004578,C02901,P0027,4,2026-01-17 10:00:00
O004579,C02818,P0079,1,2026-01-17 12:00:00
O004580,C00445,P0052,3,2026-01-17 14:00:00
O004581,C00363,P0098,3,2026-01-17 16:00:00
O004582,C02171,P0087,5,2026-01-17 18:00:00
O004583,C01212,P0048,2,2026-01-17 20:00:00
O004584,C00742,P0088,2,2026-01-17 22:00:00
O004585,C02042,P0079,2,2026-01-18 00:00:00
O004586,C00680,P0099,1,2026-01-18 02:00:00
O004587,C02468,P0068,2,2026-01-18 04:00:00
O004588,C01643,P0044,5,2026-01-18 06:00:00
O004589,C01573,P0017,5,2026-01-18 08:00:00
O004590,C01359,P0095,1,2026-01-18 10:00:00
O004591,C02140,P0038,2,2026-01-18 12:00:00
O004592,C00063,P0010,4,2026-01-18 14:00:00
O004593,C02560,P0054,4,2026-01-18 16:00:00
O004594,C01163,P0091,3,2026-01-18 18:00:00
O004595,C01229,P0006,1,2026-01-18 20:00:00
O004596,C02820,P0006,4,2026-01-18 22:00:00
O004597,C00256,P0052,3,2026-01-19 00:00:00
O004598,C00135,P0015,5,2026-01-19 02:00:00
O004599,C00875,P0068,3,2026-01-19 04:00:00
O004600,C00822,P0057,2,2026-01-19 06:00:00
O004601,C02136,P0056,2,2026-01-19 08:00:00
O004602,C00823,P0007,5,2026-01-19 10:00:00
O004603,C00974,P0051,1,2026-01-19 12:00:00
O004604,C02982,P0058,2,2026-01-19 14:00:00
O004605,C01778,P0064,2,2026-01-19 16:00:00
O004606,C00121,P0026,3,2026-01-19 18:00:00
O004607,C01638,P0058,3,2026-01-19 20:00:00
O004608,C01365,P0031,3,2026-01-19 22:00:00
O004609,C01008,P0066,4,2026-01-20 00:00:00
O004610,C00925,P0092,5,2026-01-20 02:00:00
O004611,C00645,P0013,1,2026-01-20 04:00:00
O004612,C02033,P0018,3,2026-01-20 06:00:00
O004613,C02762,P0094,1,2026-01-20 08:00:00
O004614,C02908,P0075,3,2026-01-20 10:00:00
O004615,C02069,P0013,2,2026-01-20 12:00:00
O004616,C00242,P0024,1,2026-01-20 14:00:00
O004617,C02503,P0057,4,2026-01-20 16:00:00
O004618,C02669,P0029,3,2026-01-20 18:00:00
O004619,C02351,P0056,5,2026-01-20 20:00:00
O004620,C01620,P0054,2,2026-01-20 22:00:00
O004621,C00803,P0005,3,2026-01-21 00:00:00
O004622,C00964,P0035,1,2026-01-21 02:00:00
O004623,C00069,P0019,3,2026-01-21 04:00:00
O004624,C01153,P0055,2,2026-01-21 06:00:00
O004625,C00196,P0077,5,2026-01-21 08:00:00
O004626,C02188,P0069,5,2026-01-21 10:00:00
O004627,C02331,P0044,5,2026-01-21 12:00:00
O004628,C02360,P0078,2,2026-01-21 14:00:00
O004629,C00746,P0038,3,2026-01-21 16:00:00
O004630,C01689,P0062,2,2026-01-21 18:00:00
O004631,C00277,P0022,2,2026-01-21 20:00:00
O004632,C00061,P0073,3,2026-01-21 22:00:00
O004633,C01914,P0040,4,2026-01-22 00:00:00
O004634,C02100,P0026,5,2026-01-22 02:00:00
O004635,C02201,P0005,1,2026-01-22 04:00:00
O004636,C01773,P0093,1,2026-01-22 06:00:00
O004637,C01335,P0054,3,2026-01-22 08:00:00
O004638,C01838,P0086,1,2026-01-22 10:00:00
O004639,C02592,P0049,4,2026-01-22 12:00:00
O004640,C00567,P0003,2,2026-01-22 14:00:00
O004641,C01572,P0092,5,2026-01-22 16:00:00
O004642,C00622,P0038,1,2026-01-22 18:00:00
O004643,C02026,P0014,1,2026-01-22 20:00:00
O004644,C01201,P0047,3,2026-01-22 22:00:00
O004645,C00314,P0014,3,2026-01-23 00:00:00
O004646,C02855,P0075,2,2026-01-23 02:00:00
O004647,C02896,P0073,5,2026-01-23 04:00:00
O004648,C02145,P0038,1,2026-01-23 06:00:00
O004649,C02929,P0064,2,2026-01-23 08:00:00
O004650,C01237,P0044,5,2026-01-23 10:00:00
O004651,C02877,P0070,2,2026-01-23 12:00:00
O004652,C00137,P0065,1,2026-01-23 14:00:00
O004653,C01030,P0025,3,2026-01-23 16:00:00
O004654,C02157,P0016,3,2026-01-23 18:00:00
O004655,C02595,P0015,3,2026-01-23 20:00:00
O004656,C00662,P0098,4,2026-01-23 22:00:00
O004657,C02473,P0081,2,2026-01-24 00:00:00
O004658,C02678,P0003,1,2026-01-24 02:00:00
O004659,C02309,P0067,2,2026-01-24 04:00:00
O004660,C00087,P0037,3,2026-01-24 06:00:00
O004661,C02513,P0081,2,2026-01-24 08:00:00
O004662,C02124,P0055,5,2026-01-24 10:00:00
O004663,C02519,P0038,2,2026-01-24 12:00:00
O004664,C02462,P0063,4,2026-01-24 14:00:00
O004665,C02873,P0001,4,2026-01-24 16:00:00
O004666,C02943,P0071,3,2026-01-24 18:00:00
O004667,C02774,P0090,1,2026-01-24 20:00:00
O004668,C02505,P0019,5,2026-01-24 22:00:00
O004669,C01309,P0052,1,2026-01-25 00:00:00
O004670,C01701,P0030,1,2026-01-25 02:00:00
O004671,C02701,P0055,5,2026-01-25 04:00:00
O004672,C02720,P0014,4,2026-01-25 06:00:00
O004673,C00495,P0013,3,2026-01-25 08:00:00
O004674,C01648,P0084,2,2026-01-25 10:00:00
O004675,C01943,P0090,4,2026-01-25 12:00:00
O004676,C01069,P0027,3,2026-01-25 14:00:00
O004677,C01425,P0089,4,2026-01-25 16:00:00
O004678,C00597,P0009,5,2026-01-25 18:00:00
O004679,C00450,P0041,1,2026-01-25 20:00:00
O004680,C00485,P0048,5,2026-01-25 22:00:00
O004681,C00646,P0012,2,2026-01-26 00:00:00
O004682,C02668,P0010,5,2026-01-26 02:00:00
O004683,C01630,P0006,1,2026-01-26 04:00:00
O004684,C00662,P0034,4,2026-01-26 06:00:00
O004685,C00758,P0052,3,2026-01-26 08:00:00
O004686,C00289,P0041,2,2026-01-26 10:00:00
O004687,C00721,P0083,4,2026-01-26 12:00:00
O004688,C00638,P0006,3,2026-01-26 14:00:00
O004689,C02283,P0002,1,2026-01-26 16:00:00
O004690,C02464,P0015,5,2026-01-26 18:00:00
O004691,C02986,P0017,4,2026-01-26 20:00:00
O004692,C00499,P0016,3,2026-01-26 22:00:00
O004693,C00634,P0028,3,2026-01-27 00:00:00
O004694,C01674,P0085,5,2026-01-27 02:00:00
O004695,C02031,P0072,4,2026-01-27 04:00:00
O004696,C00115,P0010,4,2026-01-27 06:00:00
O004697,C02980,P0010,1,2026-01-27 08:00:00
O004698,C00674,P0010,4,2026-01-27 10:00:00
O004699,C01737,P0073,5,2026-01-27 12:00:00
O004700,C01258,P0028,4,2026-01-27 14:00:00
O004701,C02254,P0024,1,2026-01-27 16:00:00
O004702,C02295,P0019,3,2026-01-27 18:00:00
O004703,C02806,P0097,4,2026-01-27 20:00:00
O004704,C00147,P0068,5,2026-01-27 22:00:00
O004705,C02166,P0056,4,2026-01-28 00:00:00
O004706,C00412,P0067,2,2026-01-28 02:00:00
O004707,C01688,P0042,1,2026-01-28 04:00:00
O004708,C02411,P0012,3,2026-01-28 06:00:00
O004709,C01533,P0018,2,2026-01-28 08:00:00
O004710,C00137,P0023,5,2026-01-28 10:00:00
O004711,C00019,P0084,4,2026-01-28 12:00:00
O004712,C02243,P0006,1,2026-01-28 14:00:00
O004713,C02378,P0053,4,2026-01-28 16:00:00
O004714,C01960,P0098,4,2026-01-28 18:00:00
O004715,C02223,P0042,4,2026-01-28 20:00:00
O004716,C01002,P0066,4,2026-01-28 22:00:00
O004717,C00449,P0030,1,2026-01-29 00:00:00
O004718,C01949,P0009,2,2026-01-29 02:00:00
O004719,C00946,P0091,5,2026-01-29 04:00:00
O004720,C01378,P0042,2,2026-01-29 06:00:00
O004721,C01523,P0034,1,2026-01-29 08:00:00
O004722,C00141,P0040,5,2026-01-29 10:00:00
O004723,C02806,P0088,3,2026-01-29 12:00:00
O004724,C01921,P0017,2,2026-01-29 14:00:00
O004725,C02978,P0029,1,2026-01-29 16:00:00
O004726,C00093,P0100,1,2026-01-29 18:00:00
O004727,C00239,P0050,1,2026-01-29 20:00:00
O004728,C00205,P0076,5,2026-01-29 22:00:00
O004729,C02608,P0095,4,2026-01-30 00:00:00
O004730,C01457,P0049,3,2026-01-30 02:00:00
O004731,C00245,P0073,5,2026-01-30 04:00:00
O004732,C00832,P0061,5,2026-01-30 06:00:00
O004733,C02973,P0083,2,2026-01-30 08:00:00
O004734,C00295,P0046,3,2026-01-30 10:00:00
O004735,C02688,P0046,1,2026-01-30 12:00:00
O004736,C00856,P0017,5,2026-01-30 14:00:00
O004737,C02065,P0066,3,2026-01-30 16:00:00
O004738,C00071,P0005,2,2026-01-30 18:00:00
O004739,C01293,P0054,4,2026-01-30 20:00:00
O004740,C01349,P0016,3,2026-01-30 22:00:00
O004741,C00305,P0081,1,2026-01-31 00:00:00
O004742,C01031,P0091,5,2026-01-31 02:00:00
O004743,C01338,P0007,4,2026-01-31 04:00:00
O004744,C00817,P0008,2,2026-01-31 06:00:00
O004745,C01127,P0072,1,2026-01-31 08:00:00
O004746,C00821,P0087,4,2026-01-31 10:00:00
O004747,C00193,P0096,2,2026-01-31 12:00:00
O004748,C01777,P0082,1,2026-01-31 14:00:00
O004749,C00529,P0038,5,2026-01-31 16:00:00
O004750,C02219,P0054,2,2026-01-31 18:00:00
O004751,C00251,P0076,4,2026-01-31 20:00:00
O004752,C01789,P0015,1,2026-01-31 22:00:00
O004753,C02589,P0092,3,2026-02-01 00:00:00
O004754,C02027,P0050,1,2026-02-01 02:00:00
O004755,C02464,P0056,4,2026-02-01 04:00:00
O004756,C02842,P0095,4,2026-02-01 06:00:00
O004757,C01404,P0009,3,2026-02-01 08:00:00
O004758,C01168,P0008,4,2026-02-01 10:00:00
O004759,C02073,P0019,1,2026-02-01 12:00:00
O004760,C02716,P0051,2,2026-02-01 14:00:00
O004761,C01097,P0072,1,2026-02-01 16:00:00
O004762,C02680,P0098,4,2026-02-01 18:00:00
O004763,C01848,P0057,3,2026-02-01 20:00:00
O004764,C00505,P0068,3,2026-02-01 22:00:00
O004765,C01622,P0031,5,2026-02-02 00:00:00
O004766,C02384,P0003,3,2026-02-02 02:00:00
O004767,C02473,P0099,3,2026-02-02 04:00:00
O004768,C02547,P0083,4,2026-02-02 06:00:00
O004769,C01388,P0043,2,2026-02-02 08:00:00
O004770,C02995,P0029,2,2026-02-02 10:00:00
O004771,C02678,P0010,4,2026-02-02 12:00:00
O004772,C01223,P0012,3,2026-02-02 14:00:00
O004773,C00718,P0046,1,2026-02-02 16:00:00
O004774,C00339,P0030,2,2026-02-02 18:00:00
O004775,C00659,P0094,4,2026-02-02 20:00:00
O004776,C00962,P0082,1,2026-02-02 22:00:00
O004777,C00429,P0088,3,2026-02-03 00:00:00
O004778,C00899,P0032,4,2026-02-03 02:00:00
O004779,C00139,P0073,2,2026-02-03 04:00:00
O004780,C02990,P0047,1,2026-02-03 06:00:00
O004781,C00542,P0088,1,2026-02-03 08:00:00
O004782,C02105,P0063,2,2026-02-03 10:00:00
O004783,C01256,P0026,1,2026-02-03 12:00:00
O004784,C02706,P0003,2,2026-02-03 14:00:00
O004785,C02483,P0023,4,2026-02-03 16:00:00
O004786,C00384,P0075,5,2026-02-03 18:00:00
O004787,C02608,P0074,3,2026-02-03 20:00:00
O004788,C00194,P0050,4,2026-02-03 22:00:00
O004789,C02582,P0036,3,2026-02-04 00:00:00
O004790,C02566,P0013,3,2026-02-04 02:00:00
O004791,C02764,P0029,2,2026-02-04 04:00:00
O004792,C02799,P0038,5,2026-02-04 06:00:00
O004793,C02233,P0077,3,2026-02-04 08:00:00
O004794,C01896,P0090,3,2026-02-04 10:00:00
O004795,C02340,P0084,4,2026-02-04 12:00:00
O004796,C00732,P0005,5,2026-02-04 14:00:00
O004797,C02164,P0020,5,2026-02-04 16:00:00
O004798,C02873,P0078,3,2026-02-04 18:00:00
O004799,C00685,P0014,5,2026-02-04 20:00:00
O004800,C00082,P0008,4,2026-02-04 22:00:00
O004801,C02882,P0048,2,2026-02-05 00:00:00
O004802,C02381,P0013,3,2026-02-05 02:00:00
O004803,C02605,P0024,1,2026-02-05 04:00:00
O004804,C02383,P0079,3,2026-02-05 06:00:00
O004805,C00532,P0065,3,2026-02-05 08:00:00
O004806,C01984,P0086,2,2026-02-05 10:00:00
O004807,C00221,P0034,1,2026-02-05 12:00:00
O004808,C00635,P0051,1,2026-02-05 14:00:00
O004809,C01770,P0003,1,2026-02-05 16:00:00
O004810,C02371,P0090,2,2026-02-05 18:00:00
O004811,C01875,P0078,5,2026-02-05 20:00:00
O004812,C00003,P0058,1,2026-02-05 22:00:00
O004813,C01718,P0072,5,2026-02-06 00:00:00
O004814,C00206,P0055,4,2026-02-06 02:00:00
O004815,C01856,P0080,2,2026-02-06 04:00:00
O004816,C00040,P0042,5,2026-02-06 06:00:00
O004817,C02107,P0021,1,2026-02-06 08:00:00
O004818,C02999,P0010,1,2026-02-06 10:00:00
O004819,C02622,P0057,5,2026-02-06 12:00:00
O004820,C00644,P0025,5,2026-02-06 14:00:00
O004821,C01531,P0056,4,2026-02-06 16:00:00
O004822,C01908,P0038,2,2026-02-06 18:00:00
O004823,C02891,P0086,3,2026-02-06 20:00:00
O004824,C02667,P0061,4,2026-02-06 22:00:00
O004825,C02144,P0047,4,2026-02-07 00:00:00
O004826,C00898,P0054,4,2026-02-07 02:00:00
O004827,C01086,P0046,1,2026-02-07 04:00:00
O004828,C01280,P0068,5,2026-02-07 06:00:00
O004829,C02609,P0004,2,2026-02-07 08:00:00
O004830,C02953,P0094,1,2026-02-07 10:00:00
O004831,C02396,P0066,4,2026-02-07 12:00:00
O004832,C00671,P0093,2,2026-02-07 14:00:00
O004833,C01506,P0043,1,2026-02-07 16:00:00
O004834,C02365,P0062,3,2026-02-07 18:00:00
O004835,C00719,P0100,4,2026-02-07 20:00:00
O004836,C01072,P0085,1,2026-02-07 22:00:00
O004837,C01956,P0085,1,2026-02-08 00:00:00
O004838,C01160,P0085,4,2026-02-08 02:00:00
O004839,C00250,P0004,3,2026-02-08 04:00:00
O004840,C02362,P0065,5,2026-02-08 06:00:00
O004841,C01893,P0062,3,2026-02-08 08:00:00
O004842,C01854,P0090,4,2026-02-08 10:00:00
O004843,C02855,P0002,5,2026-02-08 12:00:00
O004844,C01504,P0009,1,2026-02-08 14:00:00
O004845,C02533,P0057,3,2026-02-08 16:00:00
O004846,C01235,P0045,3,2026-02-08 18:00:00
O004847,C00044,P0018,5,2026-02-08 20:00:00
O004848,C02619,P0048,1,2026-02-08 22:00:00
O004849,C00583,P0042,3,2026-02-09 00:00:00
O004850,C01289,P0041,5,2026-02-09 02:00:00
O004851,C02943,P0075,3,2026-02-09 04:00:00
O004852,C00220,P0089,1,2026-02-09 06:00:00
O004853,C01926,P0090,1,2026-02-09 08:00:00
O004854,C02973,P0058,2,2026-02-09 10:00:00
O004855,C02449,P0100,5,2026-02-09 12:00:00
O004856,C02775,P0042,4,2026-02-09 14:00:00
O004857,C00991,P0035,3,2026-02-09 16:00:00
O004858,C02947,P0038,1,2026-02-09 18:00:00
O004859,C01813,P0067,3,2026-02-09 20:00:00
O004860,C00858,P0041,3,2026-02-09 22:00:00
O004861,C00804,P0099,4,2026-02-10 00:00:00
O004862,C00490,P0050,1,2026-02-10 02:00:00
O004863,C01781,P0086,2,2026-02-10 04:00:00
O004864,C01494,P0072,5,2026-02-10 06:00:00
O004865,C02986,P0079,3,2026-02-10 08:00:00
O004866,C02892,P0045,4,2026-02-10 10:00:00
O004867,C01706,P0071,4,2026-02-10 12:00:00
O004868,C02315,P0019,5,2026-02-10 14:00:00
O004869,C00054,P0017,5,2026-02-10 16:00:00
O004870,C02576,P0065,1,2026-02-10 18:00:00
O004871,C00616,P0093,3,2026-02-10 20:00:00
O004872,C01083,P0077,3,2026-02-10 22:00:00
O004873,C01849,P0056,5,2026-02-11 00:00:00
O004874,C00955,P0093,2,2026-02-11 02:00:00
O004875,C02434,P0041,3,2026-02-11 04:00:00
O004876,C01630,P0042,4,2026-02-11 06:00:00
O004877,C02782,P0006,5,2026-02-11 08:00:00
O004878,C02764,P0069,3,2026-02-11 10:00:00
O004879,C00650,P0098,1,2026-02-11 12:00:00
O004880,C02348,P0075,5,2026-02-11 14:00:00
O004881,C00395,P0073,4,2026-02-11 16:00:00
O004882,C01360,P0040,1,2026-02-11 18:00:00
O004883,C02641,P0041,5,2026-02-11 20:00:00
O004884,C02562,P0009,5,2026-02-11 22:00:00
O004885,C02444,P0008,3,2026-02-12 00:00:00
O004886,C00371,P0044,1,2026-02-12 02:00:00
O004887,C00858,P0058,5,2026-02-12 04:00:00
O004888,C00791,P0067,4,2026-02-12 06:00:00
O004889,C00658,P0013,1,2026-02-12 08:00:00
O004890,C02784,P0019,3,2026-02-12 10:00:00
O004891,C01393,P0098,2,2026-02-12 12:00:00
O004892,C00384,P0096,5,2026-02-12 14:00:00
O004893,C02110,P0049,2,2026-02-12 16:00:00
O004894,C02553,P0080,5,2026-02-12 18:00:00
O004895,C00239,P0100,3,2026-02-12 20:00:00
O004896,C00195,P0082,3,2026-02-12 22:00:00
O004897,C02726,P0078,3,2026-02-13 00:00:00
O004898,C02109,P0030,3,2026-02-13 02:00:00
O004899,C01153,P0066,1,2026-02-13 04:00:00
O004900,C02733,P0077,1,2026-02-13 06:00:00
O004901,C02016,P0091,5,2026-02-13 08:00:00
O004902,C00156,P0059,1,2026-02-13 10:00:00
O004903,C00923,P0053,5,2026-02-13 12:00:00
O004904,C02916,P0052,1,2026-02-13 14:00:00
O004905,C02951,P0081,1,2026-02-13 16:00:00
O004906,C01610,P0031,1,2026-02-13 18:00:00
O004907,C00975,P0015,4,2026-02-13 20:00:00
O004908,C01231,P0020,3,2026-02-13 22:00:00
O004909,C02436,P0005,4,2026-02-14 00:00:00
O004910,C01815,P0007,1,2026-02-14 02:00:00
O004911,C02935,P0018,1,2026-02-14 04:00:00
O004912,C00838,P0056,4,2026-02-14 06:00:00
O004913,C02008,P0075,5,2026-02-14 08:00:00
O004914,C01364,P0096,3,2026-02-14 10:00:00
O004915,C02388,P0091,5,2026-02-14 12:00:00
O004916,C00204,P0090,3,2026-02-14 14:00:00
O004917,C00161,P0045,2,2026-02-14 16:00:00
O004918,C00392,P0028,3,2026-02-14 18:00:00
O004919,C00769,P0050,5,2026-02-14 20:00:00
O004920,C02623,P0002,3,2026-02-14 22:00:00
O004921,C02582,P0084,2,2026-02-15 00:00:00
O004922,C01094,P0068,2,2026-02-15 02:00:00
O004923,C02941,P0077,1,2026-02-15 04:00:00
O004924,C00405,P0024,2,2026-02-15 06:00:00
O004925,C00608,P0048,4,2026-02-15 08:00:00
O004926,C01615,P0045,5,2026-02-15 10:00:00
O004927,C01541,P0093,4,2026-02-15 12:00:00
O004928,C02876,P0058,4,2026-02-15 14:00:00
O004929,C01838,P0036,5,2026-02-15 16:00:00
O004930,C00690,P0002,4,2026-02-15 18:00:00
O004931,C02950,P0018,4,2026-02-15 20:00:00
O004932,C01241,P0049,4,2026-02-15 22:00:00
O004933,C02104,P0008,2,2026-02-16 00:00:00
O004934,C00366,P0058,5,2026-02-16 02:00:00
O004935,C01723,P0015,5,2026-02-16 04:00:00
O004936,C00455,P0017,5,2026-02-16 06:00:00
O004937,C00104,P0023,4,2026-02-16 08:00:00
O004938,C00077,P0066,2,2026-02-16 10:00:00
O004939,C00230,P0070,5,2026-02-16 12:00:00
O004940,C01938,P0093,3,2026-02-16 14:00:00
O004941,C02379,P0027,5,2026-02-16 16:00:00
O004942,C01206,P0037,1,2026-02-16 18:00:00
O004943,C00893,P0049,3,2026-02-16 20:00:00
O004944,C01574,P0064,5,2026-02-16 22:00:00
O004945,C02736,P0034,4,2026-02-17 00:00:00
O004946,C02075,P0018,5,2026-02-17 02:00:00
O004947,C01676,P0064,2,2026-02-17 04:00:00
O004948,C00299,P0074,2,2026-02-17 06:00:00
O004949,C00957,P0044,5,2026-02-17 08:00:00
O004950,C02847,P0017,4,2026-02-17 10:00:00
O004951,C01115,P0059,4,2026-02-17 12:00:00
O004952,C02528,P0013,4,2026-02-17 14:00:00
O004953,C02621,P0052,5,2026-02-17 16:00:00
O004954,C02506,P0060,5,2026-02-17 18:00:00
O004955,C01475,P0042,1,2026-02-17 20:00:00
O004956,C00365,P0091,2,2026-02-17 22:00:00
O004957,C02907,P0064,3,2026-02-18 00:00:00
O004958,C01699,P0066,3,2026-02-18 02:00:00
O004959,C00351,P0034,2,2026-02-18 04:00:00
O004960,C02301,P0095,1,2026-02-18 06:00:00
O004961,C02829,P0087,2,2026-02-18 08:00:00
O004962,C01905,P0071,1,2026-02-18 10:00:00
O004963,C02851,P0064,1,2026-02-18 12:00:00
O004964,C01012,P0033,4,2026-02-18 14:00:00
O004965,C02507,P0012,2,2026-02-18 16:00:00
O004966,C02965,P0076,3,2026-02-18 18:00:00
O004967,C00499,P0019,5,2026-02-18 20:00:00
O004968,C00950,P0009,5,2026-02-18 22:00:00
O004969,C01995,P0074,2,2026-02-19 00:00:00
O004970,C02047,P0017,5,2026-02-19 02:00:00
O004971,C00508,P0050,1,2026-02-19 04:00:00
O004972,C01328,P0039,5,2026-02-19 06:00:00
O004973,C02549,P0041,1,2026-02-19 08:00:00
O004974,C02851,P0010,1,2026-02-19 10:00:00
O004975,C02646,P0012,3,2026-02-19 12:00:00
O004976,C00166,P0079,5,2026-02-19 14:00:00
O004977,C02510,P0095,3,2026-02-19 16:00:00
O004978,C00920,P0015,5,2026-02-19 18:00:00
O004979,C00114,P0028,1,2026-02-19 20:00:00
O004980,C00992,P0004,5,2026-02-19 22:00:00
O004981,C01952,P0036,3,2026-02-20 00:00:00
O004982,C02255,P0065,4,2026-02-20 02:00:00
O004983,C01259,P0098,3,2026-02-20 04:00:00
O004984,C00515,P0047,4,2026-02-20 06:00:00
O004985,C01232,P0081,2,2026-02-20 08:00:00
O004986,C00709,P0039,3,2026-02-20 10:00:00
O004987,C02186,P0038,5,2026-02-20 12:00:00
O004988,C00339,P0044,4,2026-02-20 14:00:00
O004989,C02585,P0051,5,2026-02-20 16:00:00
O004990,C00068,P0097,4,2026-02-20 18:00:00
O004991,C01597,P0085,3,2026-02-20 20:00:00
O004992,C01565,P0026,3,2026-02-20 22:00:00
O004993,C00383,P0036,5,2026-02-21 00:00:00
O004994,C00019,P0069,3,2026-02-21 02:00:00
O004995,C02731,P0097,5,2026-02-21 04:00:00
O004996,C02122,P0001,1,2026-02-21 06:00:00
O004997,C00573,P0053,4,2026-02-21 08:00:00
O004998,C02987,P0006,5,2026-02-21 10:00:00
O004999,C01300,P0037,4,2026-02-21 12:00:00
O005000,C02259,P0002,1,2026-02-21 14:00:00
O005001,C02903,P0069,4,2026-02-21 16:00:00
O005002,C01944,P0090,5,2026-02-21 18:00:00
O005003,C00651,P0041,3,2026-02-21 20:00:00
O005004,C01646,P0051,4,2026-02-21 22:00:00
O005005,C00994,P0047,4,2026-02-22 00:00:00
O005006,C02743,P0013,1,2026-02-22 02:00:00
O005007,C02588,P0076,2,2026-02-22 04:00:00
O005008,C01339,P0069,3,2026-02-22 06:00:00
O005009,C00901,P0066,5,2026-02-22 08:00:00
O005010,C01685,P0059,1,2026-02-22 10:00:00
O005011,C02828,P0068,5,2026-02-22 12:00:00
O005012,C01586,P0059,5,2026-02-22 14:00:00
O005013,C01924,P0091,4,2026-02-22 16:00:00
O005014,C01782,P0010,1,2026-02-22 18:00:00
O005015,C01137,P0013,1,2026-02-22 20:00:00
O005016,C02218,P0002,3,2026-02-22 22:00:00
O005017,C01945,P0090,2,2026-02-23 00:00:00
O005018,C01038,P0015,5,2026-02-23 02:00:00
O005019,C01739,P0046,3,2026-02-23 04:00:00
O005020,C00288,P0057,3,2026-02-23 06:00:00
O005021,C02237,P0010,5,2026-02-23 08:00:00
O005022,C02962,P0022,4,2026-02-23 10:00:00
O005023,C01591,P0089,4,2026-02-23 12:00:00
O005024,C02742,P0079,5,2026-02-23 14:00:00
O005025,C01746,P0077,1,2026-02-23 16:00:00
O005026,C02936,P0008,2,2026-02-23 18:00:00
O005027,C02519,P0021,4,2026-02-23 20:00:00
O005028,C01099,P0085,2,2026-02-23 22:00:00
O005029,C02325,P0022,3,2026-02-24 00:00:00
O005030,C00940,P0097,3,2026-02-24 02:00:00
O005031,C01449,P0045,5,2026-02-24 04:00:00
O005032,C00571,P0091,5,2026-02-24 06:00:00
O005033,C02905,P0040,5,2026-02-24 08:00:00
O005034,C01001,P0022,4,2026-02-24 10:00:00
O005035,C01206,P0030,2,2026-02-24 12:00:00
O005036,C02506,P0062,3,2026-02-24 14:00:00
O005037,C00918,P0073,2,2026-02-24 16:00:00
O005038,C01875,P0045,4,2026-02-24 18:00:00
O005039,C00833,P0035,2,2026-02-24 20:00:00
O005040,C02887,P0082,2,2026-02-24 22:00:00
O005041,C02241,P0042,5,2026-02-25 00:00:00
O005042,C01679,P0005,2,2026-02-25 02:00:00
O005043,C00616,P0027,2,2026-02-25 04:00:00
O005044,C00406,P0070,2,2026-02-25 06:00:00
O005045,C01750,P0062,1,2026-02-25 08:00:00
O005046,C02991,P0032,3,2026-02-25 10:00:00
O005047,C02769,P0008,3,2026-02-25 12:00:00
O005048,C00093,P0085,2,2026-02-25 14:00:00
O005049,C02478,P0018,5,2026-02-25 16:00:00
O005050,C00654,P0078,5,2026-02-25 18:00:00
O005051,C00434,P0015,5,2026-02-25 20:00:00
O005052,C01136,P0026,3,2026-02-25 22:00:00
O005053,C00375,P0053,4,2026-02-26 00:00:00
O005054,C01067,P0044,2,2026-02-26 02:00:00
O005055,C00207,P0032,3,2026-02-26 04:00:00
O005056,C00780,P0028,5,2026-02-26 06:00:00
O005057,C01320,P0039,3,2026-02-26 08:00:00
O005058,C01142,P0032,3,2026-02-26 10:00:00
O005059,C00532,P0077,3,2026-02-26 12:00:00
O005060,C02214,P0079,5,2026-02-26 14:00:00
O005061,C02691,P0018,4,2026-02-26 16:00:00
O005062,C00090,P0070,1,2026-02-26 18:00:00
O005063,C01118,P0011,2,2026-02-26 20:00:00
O005064,C00013,P0032,2,2026-02-26 22:00:00
O005065,C01858,P0020,3,2026-02-27 00:00:00
O005066,C00805,P0097,4,2026-02-27 02:00:00
O005067,C00945,P0040,5,2026-02-27 04:00:00
O005068,C02790,P0008,1,2026-02-27 06:00:00
O005069,C01858,P0035,1,2026-02-27 08:00:00
O005070,C01611,P0069,3,2026-02-27 10:00:00
O005071,C02924,P0099,3,2026-02-27 12:00:00
O005072,C01960,P0078,5,2026-02-27 14:00:00
O005073,C02708,P0021,5,2026-02-27 16:00:00
O005074,C01053,P0024,5,2026-02-27 18:00:00
O005075,C00296,P0017,3,2026-02-27 20:00:00
O005076,C00926,P0018,4,2026-02-27 22:00:00
O005077,C00640,P0098,3,2026-02-28 00:00:00
O005078,C02388,P0012,3,2026-02-28 02:00:00
O005079,C00628,P0016,1,2026-02-28 04:00:00
O005080,C02487,P0004,5,2026-02-28 06:00:00
O005081,C01168,P0089,2,2026-02-28 08:00:00
O005082,C00942,P0034,5,2026-02-28 10:00:00
O005083,C00830,P0092,4,2026-02-28 12:00:00
O005084,C01771,P0046,4,2026-02-28 14:00:00
O005085,C02567,P0075,5,2026-02-28 16:00:00
O005086,C00976,P0077,5,2026-02-28 18:00:00
O005087,C00955,P0031,3,2026-02-28 20:00:00
O005088,C01263,P0025,2,2026-02-28 22:00:00
O005089,C00952,P0074,3,2026-03-01 00:00:00
O005090,C00944,P0024,1,2026-03-01 02:00:00
O005091,C02203,P0065,1,2026-03-01 04:00:00
O005092,C01205,P0025,4,2026-03-01 06:00:00
O005093,C02136,P0028,4,2026-03-01 08:00:00
O005094,C01535,P0036,2,2026-03-01 10:00:00
O005095,C01097,P0082,4,2026-03-01 12:00:00
O005096,C02979,P0006,1,2026-03-01 14:00:00
O005097,C00179,P0066,2,2026-03-01 16:00:00
O005098,C02260,P0067,1,2026-03-01 18:00:00
O005099,C01829,P0072,5,2026-03-01 20:00:00
O005100,C01258,P0095,5,2026-03-01 22:00:00
O005101,C00465,P0048,2,2026-03-02 00:00:00
O005102,C01775,P0083,3,2026-03-02 02:00:00
O005103,C02679,P0070,4,2026-03-02 04:00:00
O005104,C02873,P0078,2,2026-03-02 06:00:00
O005105,C01231,P0067,4,2026-03-02 08:00:00
O005106,C02655,P0048,1,2026-03-02 10:00:00
O005107,C00885,P0065,3,2026-03-02 12:00:00
O005108,C02414,P0044,4,2026-03-02 14:00:00
O005109,C02324,P0094,5,2026-03-02 16:00:00
O005110,C02428,P0063,5,2026-03-02 18:00:00
O005111,C01333,P0046,1,2026-03-02 20:00:00
O005112,C01655,P0019,2,2026-03-02 22:00:00
O005113,C00945,P0064,4,2026-03-03 00:00:00
O005114,C02858,P0083,1,2026-03-03 02:00:00
O005115,C00925,P0073,5,2026-03-03 04:00:00
O005116,C01939,P0071,5,2026-03-03 06:00:00
O005117,C00494,P0050,5,2026-03-03 08:00:00
O005118,C01547,P0063,3,2026-03-03 10:00:00
O005119,C01970,P0041,3,2026-03-03 12:00:00
O005120,C01095,P0007,5,2026-03-03 14:00:00
O005121,C02412,P0009,2,2026-03-03 16:00:00
O005122,C02618,P0004,3,2026-03-03 18:00:00
O005123,C01826,P0089,4,2026-03-03 20:00:00
O005124,C00763,P0049,3,2026-03-03 22:00:00
O005125,C02324,P0076,4,2026-03-04 00:00:00
O005126,C00050,P0006,3,2026-03-04 02:00:00
O005127,C02776,P0082,5,2026-03-04 04:00:00
O005128,C00906,P0021,4,2026-03-04 06:00:00
O005129,C02976,P0015,2,2026-03-04 08:00:00
O005130,C00564,P0067,3,2026-03-04 10:00:00
O005131,C00783,P0066,3,2026-03-04 12:00:00
O005132,C02533,P0056,5,2026-03-04 14:00:00
O005133,C02041,P0068,4,2026-03-04 16:00:00
O005134,C01832,P0032,5,2026-03-04 18:00:00
O005135,C00584,P0066,4,2026-03-04 20:00:00
O005136,C01320,P0029,3,2026-03-04 22:00:00
O005137,C00236,P0066,3,2026-03-05 00:00:00
O005138,C02104,P0034,3,2026-03-05 02:00:00
O005139,C01943,P0027,3,2026-03-05 04:00:00
O005140,C00360,P0060,1,2026-03-05 06:00:00
O005141,C01931,P0039,3,2026-03-05 08:00:00
O005142,C00110,P0044,3,2026-03-05 10:00:00
O005143,C00192,P0082,4,2026-03-05 12:00:00
O005144,C00904,P0036,3,2026-03-05 14:00:00
O005145,C01117,P0019,3,2026-03-05 16:00:00
O005146,C00862,P0091,4,2026-03-05 18:00:00
O005147,C02616,P0045,3,2026-03-05 20:00:00
O005148,C01084,P0084,3,2026-03-05 22:00:00
O005149,C00650,P0021,5,2026-03-06 00:00:00
O005150,C00039,P0023,1,2026-03-06 02:00:00
O005151,C00637,P0094,4,2026-03-06 04:00:00
O005152,C01037,P0089,5,2026-03-06 06:00:00
O005153,C00036,P0095,2,2026-03-06 08:00:00
O005154,C02149,P0027,2,2026-03-06 10:00:00
O005155,C01362,P0098,1,2026-03-06 12:00:00
O005156,C01984,P0072,2,2026-03-06 14:00:00
O005157,C00166,P0019,1,2026-03-06 16:00:00
O005158,C02431,P0041,2,2026-03-06 18:00:00
O005159,C01880,P0026,2,2026-03-06 20:00:00
O005160,C02838,P0028,5,2026-03-06 22:00:00
O005161,C00031,P0064,2,2026-03-07 00:00:00
O005162,C00011,P0068,1,2026-03-07 02:00:00
O005163,C02012,P0095,3,2026-03-07 04:00:00
O005164,C02144,P0080,3,2026-03-07 06:00:00
O005165,C02501,P0051,3,2026-03-07 08:00:00
O005166,C02240,P0074,1,2026-03-07 10:00:00
O005167,C00486,P0048,1,2026-03-07 12:00:00
O005168,C01290,P0010,3,2026-03-07 14:00:00
O005169,C01448,P0073,2,2026-03-07 16:00:00
O005170,C02286,P0039,3,2026-03-07 18:00:00
O005171,C01944,P0100,4,2026-03-07 20:00:00
O005172,C01964,P0100,1,2026-03-07 22:00:00
O005173,C01852,P0019,4,2026-03-08 00:00:00
O005174,C01470,P0064,4,2026-03-08 02:00:00
O005175,C01367,P0019,1,2026-03-08 04:00:00
O005176,C02783,P0076,3,2026-03-08 06:00:00
O005177,C00991,P0062,5,2026-03-08 08:00:00
O005178,C00825,P0013,4,2026-03-08 10:00:00
O005179,C01463,P0025,3,2026-03-08 12:00:00
O005180,C02154,P0100,5,2026-03-08 14:00:00
O005181,C02229,P0089,4,2026-03-08 16:00:00
O005182,C02232,P0092,3,2026-03-08 18:00:00
O005183,C00226,P0042,4,2026-03-08 20:00:00
O005184,C00777,P0039,3,2026-03-08 22:00:00
O005185,C02838,P0030,2,2026-03-09 00:00:00
O005186,C01113,P0005,2,2026-03-09 02:00:00
O005187,C00688,P0081,1,2026-03-09 04:00:00
O005188,C00530,P0018,5,2026-03-09 06:00:00
O005189,C00972,P0021,4,2026-03-09 08:00:00
O005190,C00936,P0086,4,2026-03-09 10:00:00
O005191,C01423,P0050,3,2026-03-09 12:00:00
O005192,C02154,P0006,5,2026-03-09 14:00:00
O005193,C01295,P0050,4,2026-03-09 16:00:00
O005194,C01999,P0080,5,2026-03-09 18:00:00
O005195,C02879,P0066,5,2026-03-09 20:00:00
O005196,C01527,P0001,2,2026-03-09 22:00:00
O005197,C00679,P0057,4,2026-03-10 00:00:00
O005198,C02897,P0030,4,2026-03-10 02:00:00
O005199,C02441,P0058,1,2026-03-10 04:00:00
O005200,C00040,P0052,5,2026-03-10 06:00:00
O005201,C02708,P0037,3,2026-03-10 08:00:00
O005202,C01106,P0048,2,2026-03-10 10:00:00
O005203,C00845,P0087,1,2026-03-10 12:00:00
O005204,C01744,P0001,2,2026-03-10 14:00:00
O005205,C02249,P0019,3,2026-03-10 16:00:00
O005206,C00447,P0046,1,2026-03-10 18:00:00
O005207,C01235,P0067,2,2026-03-10 20:00:00
O005208,C02492,P0002,3,2026-03-10 22:00:00
O005209,C01351,P0056,1,2026-03-11 00:00:00
O005210,C02809,P0017,3,2026-03-11 02:00:00
O005211,C00227,P0092,1,2026-03-11 04:00:00
O005212,C00048,P0082,4,2026-03-11 06:00:00
O005213,C02960,P0097,4,2026-03-11 08:00:00
O005214,C01463,P0079,2,2026-03-11 10:00:00
O005215,C01831,P0022,5,2026-03-11 12:00:00
O005216,C00187,P0027,5,2026-03-11 14:00:00
O005217,C02393,P0055,3,2026-03-11 16:00:00
O005218,C02272,P0032,1,2026-03-11 18:00:00
O005219,C02878,P0060,4,2026-03-11 20:00:00
O005220,C02536,P0083,5,2026-03-11 22:00:00
O005221,C01933,P0028,4,2026-03-12 00:00:00
O005222,C02925,P0028,3,2026-03-12 02:00:00
O005223,C00849,P0074,3,2026-03-12 04:00:00
O005224,C02033,P0084,1,2026-03-12 06:00:00
O005225,C01253,P0025,5,2026-03-12 08:00:00
O005226,C01414,P0085,3,2026-03-12 10:00:00
O005227,C00979,P0078,3,2026-03-12 12:00:00
O005228,C01613,P0086,4,2026-03-12 14:00:00
O005229,C01017,P0026,2,2026-03-12 16:00:00
O005230,C02236,P0075,5,2026-03-12 18:00:00
O005231,C01882,P0071,1,2026-03-12 20:00:00
O005232,C00270,P0017,1,2026-03-12 22:00:00
O005233,C01631,P0082,4,2026-03-13 00:00:00
O005234,C00310,P0007,1,2026-03-13 02:00:00
O005235,C02044,P0056,3,2026-03-13 04:00:00
O005236,C01575,P0064,5,2026-03-13 06:00:00
O005237,C01096,P0020,1,2026-03-13 08:00:00
O005238,C02893,P0038,5,2026-03-13 10:00:00
O005239,C01696,P0075,1,2026-03-13 12:00:00
O005240,C02534,P0058,2,2026-03-13 14:00:00
O005241,C01446,P0016,2,2026-03-13 16:00:00
O005242,C02168,P0051,5,2026-03-13 18:00:00
O005243,C00220,P0027,2,2026-03-13 20:00:00
O005244,C00053,P0051,2,2026-03-13 22:00:00
O005245,C01758,P0075,3,2026-03-14 00:00:00
O005246,C01475,P0016,1,2026-03-14 02:00:00
O005247,C01667,P0087,2,2026-03-14 04:00:00
O005248,C01261,P0060,5,2026-03-14 06:00:00
O005249,C02806,P0076,3,2026-03-14 08:00:00
O005250,C02786,P0040,2,2026-03-14 10:00:00
O005251,C00720,P0067,5,2026-03-14 12:00:00
O005252,C00406,P0002,1,2026-03-14 14:00:00
O005253,C02656,P0048,2,2026-03-14 16:00:00
O005254,C02470,P0052,5,2026-03-14 18:00:00
O005255,C02760,P0024,5,2026-03-14 20:00:00
O005256,C02295,P0093,4,2026-03-14 22:00:00
O005257,C00072,P0098,5,2026-03-15 00:00:00
O005258,C01854,P0084,4,2026-03-15 02:00:00
O005259,C02233,P0082,1,2026-03-15 04:00:00
O005260,C02054,P0078,1,2026-03-15 06:00:00
O005261,C01230,P0082,3,2026-03-15 08:00:00
O005262,C01568,P0002,4,2026-03-15 10:00:00
O005263,C02954,P0065,5,2026-03-15 12:00:00
O005264,C00387,P0020,3,2026-03-15 14:00:00
O005265,C01792,P0034,3,2026-03-15 16:00:00
O005266,C00699,P0041,1,2026-03-15 18:00:00
O005267,C01201,P0041,5,2026-03-15 20:00:00
O005268,C00827,P0075,4,2026-03-15 22:00:00
O005269,C01823,P0091,1,2026-03-16 00:00:00
O005270,C00349,P0023,3,2026-03-16 02:00:00
O005271,C01279,P0038,2,2026-03-16 04:00:00
O005272,C00308,P0044,3,2026-03-16 06:00:00
O005273,C01151,P0067,2,2026-03-16 08:00:00
O005274,C01961,P0062,1,2026-03-16 10:00:00
O005275,C02335,P0012,4,2026-03-16 12:00:00
O005276,C00766,P0030,5,2026-03-16 14:00:00
O005277,C00725,P0095,2,2026-03-16 16:00:00
O005278,C02810,P0087,5,2026-03-16 18:00:00
O005279,C01620,P0065,1,2026-03-16 20:00:00
O005280,C00383,P0041,1,2026-03-16 22:00:00
O005281,C02436,P0020,1,2026-03-17 00:00:00
O005282,C00525,P0006,4,2026-03-17 02:00:00
O005283,C02687,P0075,2,2026-03-17 04:00:00
O005284,C02986,P0099,5,2026-03-17 06:00:00
O005285,C00276,P0004,3,2026-03-17 08:00:00
O005286,C02548,P0093,1,2026-03-17 10:00:00
O005287,C02765,P0010,5,2026-03-17 12:00:00
O005288,C00337,P0051,5,2026-03-17 14:00:00
O005289,C01974,P0093,4,2026-03-17 16:00:00
O005290,C02980,P0038,2,2026-03-17 18:00:00
O005291,C00481,P0001,4,2026-03-17 20:00:00
O005292,C00911,P0008,4,2026-03-17 22:00:00
O005293,C01997,P0081,5,2026-03-18 00:00:00
O005294,C01352,P0083,2,2026-03-18 02:00:00
O005295,C02034,P0063,2,2026-03-18 04:00:00
O005296,C01755,P0033,2,2026-03-18 06:00:00
O005297,C00109,P0015,1,2026-03-18 08:00:00
O005298,C00328,P0031,2,2026-03-18 10:00:00
O005299,C01800,P0021,5,2026-03-18 12:00:00
O005300,C00315,P0003,1,2026-03-18 14:00:00
O005301,C01135,P0066,3,2026-03-18 16:00:00
O005302,C02747,P0035,4,2026-03-18 18:00:00
O005303,C00781,P0041,2,2026-03-18 20:00:00
O005304,C01521,P0059,3,2026-03-18 22:00:00
O005305,C00156,P0016,2,2026-03-19 00:00:00
O005306,C01497,P0056,4,2026-03-19 02:00:00
O005307,C01725,P0045,5,2026-03-19 04:00:00
O005308,C00887,P0059,5,2026-03-19 06:00:00
O005309,C02806,P0050,4,2026-03-19 08:00:00
O005310,C00722,P0085,3,2026-03-19 10:00:00
O005311,C00913,P0012,1,2026-03-19 12:00:00
O005312,C00871,P0092,1,2026-03-19 14:00:00
O005313,C00013,P0012,2,2026-03-19 16:00:00
O005314,C02656,P0033,4,2026-03-19 18:00:00
O005315,C00498,P0084,4,2026-03-19 20:00:00
O005316,C01757,P0049,1,2026-03-19 22:00:00
O005317,C02286,P0021,3,2026-03-20 00:00:00
O005318,C01118,P0060,4,2026-03-20 02:00:00
O005319,C02829,P0052,5,2026-03-20 04:00:00
O005320,C01195,P0054,5,2026-03-20 06:00:00
O005321,C02005,P0039,4,2026-03-20 08:00:00
O005322,C02654,P0049,3,2026-03-20 10:00:00
O005323,C02709,P0064,5,2026-03-20 12:00:00
O005324,C01648,P0100,3,2026-03-20 14:00:00
O005325,C01591,P0086,1,2026-03-20 16:00:00
O005326,C02897,P0026,2,2026-03-20 18:00:00
O005327,C02984,P0071,1,2026-03-20 20:00:00
O005328,C01491,P0007,2,2026-03-20 22:00:00
O005329,C02676,P0072,5,2026-03-21 00:00:00
O005330,C00143,P0062,2,2026-03-21 02:00:00
O005331,C01225,P0090,2,2026-03-21 04:00:00
O005332,C02762,P0088,4,2026-03-21 06:00:00
O005333,C02527,P0024,2,2026-03-21 08:00:00
O005334,C00565,P0040,4,2026-03-21 10:00:00
O005335,C02519,P0076,2,2026-03-21 12:00:00
O005336,C02432,P0047,4,2026-03-21 14:00:00
O005337,C01716,P0008,5,2026-03-21 16:00:00
O005338,C02974,P0054,5,2026-03-21 18:00:00
O005339,C00417,P0009,2,2026-03-21 20:00:00
O005340,C01849,P0003,3,2026-03-21 22:00:00
O005341,C02356,P0054,5,2026-03-22 00:00:00
O005342,C02697,P0021,1,2026-03-22 02:00:00
O005343,C01718,P0095,1,2026-03-22 04:00:00
O005344,C01391,P0048,4,2026-03-22 06:00:00
O005345,C01068,P0047,3,2026-03-22 08:00:00
O005346,C02787,P0088,4,2026-03-22 10:00:00
O005347,C01867,P0068,2,2026-03-22 12:00:00
O005348,C01122,P0084,5,2026-03-22 14:00:00
O005349,C01289,P0063,3,2026-03-22 16:00:00
O005350,C01807,P0016,4,2026-03-22 18:00:00
O005351,C02188,P0074,4,2026-03-22 20:00:00
O005352,C01505,P0090,1,2026-03-22 22:00:00
O005353,C01017,P0093,2,2026-03-23 00:00:00
O005354,C00953,P0005,4,2026-03-23 02:00:00
O005355,C02952,P0011,1,2026-03-23 04:00:00
O005356,C00072,P0029,3,2026-03-23 06:00:00
O005357,C01691,P0079,4,2026-03-23 08:00:00
O005358,C01292,P0070,1,2026-03-23 10:00:00
O005359,C01345,P0048,2,2026-03-23 12:00:00
O005360,C02155,P0015,5,2026-03-23 14:00:00
O005361,C00883,P0084,3,2026-03-23 16:00:00
O005362,C00139,P0034,4,2026-03-23 18:00:00
O005363,C02663,P0060,1,2026-03-23 20:00:00
O005364,C02911,P0062,4,2026-03-23 22:00:00
O005365,C02321,P0002,5,2026-03-24 00:00:00
O005366,C01505,P0080,4,2026-03-24 02:00:00
O005367,C02464,P0019,4,2026-03-24 04:00:00
O005368,C02554,P0098,1,2026-03-24 06:00:00
O005369,C00733,P0049,5,2026-03-24 08:00:00
O005370,C01749,P0078,3,2026-03-24 10:00:00
O005371,C00424,P0088,1,2026-03-24 12:00:00
O005372,C01592,P0028,5,2026-03-24 14:00:00
O005373,C00390,P0048,5,2026-03-24 16:00:00
O005374,C00342,P0096,4,2026-03-24 18:00:00
O005375,C00946,P0037,2,2026-03-24 20:00:00
O005376,C00614,P0074,2,2026-03-24 22:00:00
O005377,C00493,P0049,3,2026-03-25 00:00:00
O005378,C00192,P0048,4,2026-03-25 02:00:00
O005379,C00499,P0073,2,2026-03-25 04:00:00
O005380,C00822,P0088,1,2026-03-25 06:00:00
O005381,C01736,P0100,3,2026-03-25 08:00:00
O005382,C01257,P0029,4,2026-03-25 10:00:00
O005383,C01969,P0060,1,2026-03-25 12:00:00
O005384,C00227,P0029,2,2026-03-25 14:00:00
O005385,C01395,P0058,2,2026-03-25 16:00:00
O005386,C02187,P0048,2,2026-03-25 18:00:00
O005387,C02904,P0023,2,2026-03-25 20:00:00
O005388,C00817,P0027,5,2026-03-25 22:00:00
O005389,C01474,P0095,3,2026-03-26 00:00:00
O005390,C01087,P0007,3,2026-03-26 02:00:00
O005391,C00104,P0049,2,2026-03-26 04:00:00
O005392,C01875,P0054,3,2026-03-26 06:00:00
O005393,C00871,P0068,1,2026-03-26 08:00:00
O005394,C00668,P0078,1,2026-03-26 10:00:00
O005395,C02043,P0042,3,2026-03-26 12:00:00
O005396,C00273,P0074,2,2026-03-26 14:00:00
O005397,C01030,P0059,4,2026-03-26 16:00:00
O005398,C02232,P0044,2,2026-03-26 18:00:00
O005399,C01052,P0098,5,2026-03-26 20:00:00
O005400,C01574,P0026,4,2026-03-26 22:00:00
O005401,C00293,P0023,5,2026-03-27 00:00:00
O005402,C02225,P0073,3,2026-03-27 02:00:00
O005403,C02106,P0008,5,2026-03-27 04:00:00
O005404,C01293,P0053,3,2026-03-27 06:00:00
O005405,C00308,P0014,5,2026-03-27 08:00:00
O005406,C00977,P0071,4,2026-03-27 10:00:00
O005407,C01252,P0007,5,2026-03-27 12:00:00
O005408,C01271,P0009,2,2026-03-27 14:00:00
O005409,C02748,P0003,3,2026-03-27 16:00:00
O005410,C01518,P0078,1,2026-03-27 18:00:00
O005411,C02131,P0017,5,2026-03-27 20:00:00
O005412,C01210,P0044,3,2026-03-27 22:00:00
O005413,C02300,P0086,1,2026-03-28 00:00:00
O005414,C01379,P0046,3,2026-03-28 02:00:00
O005415,C01774,P0090,3,2026-03-28 04:00:00
O005416,C01720,P0058,1,2026-03-28 06:00:00
O005417,C02043,P0028,1,2026-03-28 08:00:00
O005418,C00796,P0014,4,2026-03-28 10:00:00
O005419,C00897,P0009,5,2026-03-28 12:00:00
O005420,C01962,P0026,5,2026-03-28 14:00:00
O005421,C00210,P0002,3,2026-03-28 16:00:00
O005422,C02864,P0075,2,2026-03-28 18:00:00
O005423,C02657,P0081,2,2026-03-28 20:00:00
O005424,C02495,P0034,3,2026-03-28 22:00:00
O005425,C02508,P0019,4,2026-03-29 00:00:00
O005426,C00968,P0039,1,2026-03-29 02:00:00
O005427,C00472,P0082,3,2026-03-29 04:00:00
O005428,C02418,P0013,5,2026-03-29 06:00:00
O005429,C02948,P0005,2,2026-03-29 08:00:00
O005430,C00923,P0050,2,2026-03-29 10:00:00
O005431,C00137,P0023,2,2026-03-29 12:00:00
O005432,C00367,P0088,4,2026-03-29 14:00:00
O005433,C02960,P0029,5,2026-03-29 16:00:00
O005434,C00184,P0072,4,2026-03-29 18:00:00
O005435,C02520,P0026,1,2026-03-29 20:00:00
O005436,C01399,P0079,3,2026-03-29 22:00:00
O005437,C02702,P0057,3,2026-03-30 00:00:00
O005438,C02797,P0001,2,2026-03-30 02:00:00
O005439,C00537,P0028,2,2026-03-30 04:00:00
O005440,C02850,P0062,1,2026-03-30 06:00:00
O005441,C01603,P0047,4,2026-03-30 08:00:00
O005442,C01274,P0078,5,2026-03-30 10:00:00
O005443,C02968,P0098,1,2026-03-30 12:00:00
O005444,C02558,P0059,3,2026-03-30 14:00:00
O005445,C02678,P0031,3,2026-03-30 16:00:00
O005446,C01097,P0070,4,2026-03-30 18:00:00
O005447,C01306,P0049,1,2026-03-30 20:00:00
O005448,C00916,P0005,5,2026-03-30 22:00:00
O005449,C00152,P0031,1,2026-03-31 00:00:00
O005450,C01029,P0037,1,2026-03-31 02:00:00
O005451,C01219,P0079,4,2026-03-31 04:00:00
O005452,C01978,P0015,5,2026-03-31 06:00:00
O005453,C02512,P0052,3,2026-03-31 08:00:00
O005454,C00271,P0069,2,2026-03-31 10:00:00
O005455,C01187,P0092,5,2026-03-31 12:00:00
O005456,C00460,P0097,3,2026-03-31 14:00:00
O005457,C00105,P0011,4,2026-03-31 16:00:00
O005458,C01711,P0043,5,2026-03-31 18:00:00
O005459,C02210,P0070,5,2026-03-31 20:00:00
O005460,C02399,P0023,3,2026-03-31 22:00:00
O005461,C00434,P0040,3,2026-04-01 00:00:00
O005462,C02900,P0063,1,2026-04-01 02:00:00
O005463,C00140,P0002,1,2026-04-01 04:00:00
O005464,C01495,P0079,5,2026-04-01 06:00:00
O005465,C00087,P0087,2,2026-04-01 08:00:00
O005466,C01712,P0086,4,2026-04-01 10:00:00
O005467,C02231,P0073,3,2026-04-01 12:00:00
O005468,C02416,P0047,1,2026-04-01 14:00:00
O005469,C00129,P0030,4,2026-04-01 16:00:00
O005470,C01270,P0016,5,2026-04-01 18:00:00
O005471,C01602,P0059,3,2026-04-01 20:00:00
O005472,C00670,P0047,3,2026-04-01 22:00:00
O005473,C00149,P0030,1,2026-04-02 00:00:00
O005474,C00985,P0009,2,2026-04-02 02:00:00
O005475,C00852,P0065,3,2026-04-02 04:00:00
O005476,C01457,P0059,2,2026-04-02 06:00:00
O005477,C00628,P0064,4,2026-04-02 08:00:00
O005478,C01493,P0008,3,2026-04-02 10:00:00
O005479,C02494,P0052,3,2026-04-02 12:00:00
O005480,C02045,P0018,2,2026-04-02 14:00:00
O005481,C00884,P0091,1,2026-04-02 16:00:00
O005482,C02342,P0082,5,2026-04-02 18:00:00
O005483,C01789,P0096,4,2026-04-02 20:00:00
O005484,C00250,P0058,3,2026-04-02 22:00:00
O005485,C02926,P0049,1,2026-04-03 00:00:00
O005486,C00948,P0032,3,2026-04-03 02:00:00
O005487,C00975,P0048,4,2026-04-03 04:00:00
O005488,C01326,P0045,5,2026-04-03 06:00:00
O005489,C02837,P0054,3,2026-04-03 08:00:00
O005490,C00984,P0100,2,2026-04-03 10:00:00
O005491,C00889,P0100,1,2026-04-03 12:00:00
O005492,C02938,P0085,5,2026-04-03 14:00:00
O005493,C02118,P0046,3,2026-04-03 16:00:00
O005494,C02673,P0096,5,2026-04-03 18:00:00
O005495,C00875,P0031,2,2026-04-03 20:00:00
O005496,C01327,P0037,3,2026-04-03 22:00:00
O005497,C00471,P0016,5,2026-04-04 00:00:00
O005498,C01988,P0046,3,2026-04-04 02:00:00
O005499,C00091,P0046,3,2026-04-04 04:00:00
O005500,C00530,P0078,5,2026-04-04 06:00:00
O005501,C00661,P0088,3,2026-04-04 08:00:00
O005502,C00739,P0089,2,2026-04-04 10:00:00
O005503,C02774,P0061,5,2026-04-04 12:00:00
O005504,C00872,P0046,5,2026-04-04 14:00:00
O005505,C01687,P0051,2,2026-04-04 16:00:00
O005506,C00192,P0062,2,2026-04-04 18:00:00
O005507,C01987,P0035,2,2026-04-04 20:00:00
O005508,C02186,P0081,3,2026-04-04 22:00:00
O005509,C00345,P0042,3,2026-04-05 00:00:00
O005510,C01009,P0045,4,2026-04-05 02:00:00
O005511,C02551,P0068,3,2026-04-05 04:00:00
O005512,C00203,P0075,2,2026-04-05 06:00:00
O005513,C00573,P0047,4,2026-04-05 08:00:00
O005514,C00192,P0079,2,2026-04-05 10:00:00
O005515,C02053,P0030,1,2026-04-05 12:00:00
O005516,C01914,P0024,5,2026-04-05 14:00:00
O005517,C01717,P0066,1,2026-04-05 16:00:00
O005518,C00311,P0043,2,2026-04-05 18:00:00
O005519,C02597,P0034,3,2026-04-05 20:00:00
O005520,C02104,P0023,5,2026-04-05 22:00:00
O005521,C00443,P0061,3,2026-04-06 00:00:00
O005522,C01261,P0095,3,2026-04-06 02:00:00
O005523,C00870,P0037,5,2026-04-06 04:00:00
O005524,C00585,P0013,5,2026-04-06 06:00:00
O005525,C01595,P0097,1,2026-04-06 08:00:00
O005526,C02800,P0071,2,2026-04-06 10:00:00
O005527,C01538,P0096,3,2026-04-06 12:00:00
O005528,C00360,P0007,2,2026-04-06 14:00:00
O005529,C01724,P0042,2,2026-04-06 16:00:00
O005530,C02867,P0038,4,2026-04-06 18:00:00
O005531,C02078,P0052,1,2026-04-06 20:00:00
O005532,C01803,P0044,3,2026-04-06 22:00:00
O005533,C02012,P0064,5,2026-04-07 00:00:00
O005534,C02156,P0013,5,2026-04-07 02:00:00
O005535,C00844,P0088,2,2026-04-07 04:00:00
O005536,C01626,P0028,1,2026-04-07 06:00:00
O005537,C02765,P0096,1,2026-04-07 08:00:00
O005538,C00891,P0082,3,2026-04-07 10:00:00
O005539,C01992,P0098,3,2026-04-07 12:00:00
O005540,C01983,P0098,2,2026-04-07 14:00:00
O005541,C00960,P0001,2,2026-04-07 16:00:00
O005542,C01469,P0043,2,2026-04-07 18:00:00
O005543,C02941,P0042,4,2026-04-07 20:00:00
O005544,C01462,P0095,1,2026-04-07 22:00:00
O005545,C00732,P0050,2,2026-04-08 00:00:00
O005546,C00606,P0060,1,2026-04-08 02:00:00
O005547,C02505,P0001,5,2026-04-08 04:00:00
O005548,C00615,P0051,5,2026-04-08 06:00:00
O005549,C02746,P0016,1,2026-04-08 08:00:00
O005550,C02005,P0039,5,2026-04-08 10:00:00
O005551,C01720,P0015,5,2026-04-08 12:00:00
O005552,C00674,P0033,5,2026-04-08 14:00:00
O005553,C01271,P0087,3,2026-04-08 16:00:00
O005554,C02591,P0053,3,2026-04-08 18:00:00
O005555,C01588,P0098,1,2026-04-08 20:00:00
O005556,C02905,P0017,1,2026-04-08 22:00:00
O005557,C01612,P0089,4,2026-04-09 00:00:00
O005558,C00897,P0006,3,2026-04-09 02:00:00
O005559,C01463,P0031,1,2026-04-09 04:00:00
O005560,C00278,P0069,3,2026-04-09 06:00:00
O005561,C00552,P0040,4,2026-04-09 08:00:00
O005562,C01637,P0030,1,2026-04-09 10:00:00
O005563,C02159,P0069,1,2026-04-09 12:00:00
O005564,C02433,P0076,1,2026-04-09 14:00:00
O005565,C00761,P0007,1,2026-04-09 16:00:00
O005566,C02742,P0013,2,2026-04-09 18:00:00
O005567,C01450,P0004,3,2026-04-09 20:00:00
O005568,C00405,P0050,3,2026-04-09 22:00:00
O005569,C01359,P0003,3,2026-04-10 00:00:00
O005570,C01233,P0012,4,2026-04-10 02:00:00
O005571,C00022,P0065,2,2026-04-10 04:00:00
O005572,C00678,P0027,3,2026-04-10 06:00:00
O005573,C02659,P0050,3,2026-04-10 08:00:00
O005574,C02029,P0077,1,2026-04-10 10:00:00
O005575,C01232,P0017,1,2026-04-10 12:00:00
O005576,C02056,P0072,1,2026-04-10 14:00:00
O005577,C02750,P0032,3,2026-04-10 16:00:00
O005578,C01809,P0084,1,2026-04-10 18:00:00
O005579,C00529,P0051,3,2026-04-10 20:00:00
O005580,C02038,P0017,4,2026-04-10 22:00:00
O005581,C02650,P0034,4,2026-04-11 00:00:00
O005582,C01677,P0035,5,2026-04-11 02:00:00
O005583,C00657,P0099,2,2026-04-11 04:00:00
O005584,C00166,P0024,1,2026-04-11 06:00:00
O005585,C00849,P0054,1,2026-04-11 08:00:00
O005586,C00496,P0018,2,2026-04-11 10:00:00
O005587,C00590,P0050,2,2026-04-11 12:00:00
O005588,C00429,P0046,5,2026-04-11 14:00:00
O005589,C02822,P0048,2,2026-04-11 16:00:00
O005590,C00163,P0033,3,2026-04-11 18:00:00
O005591,C02414,P0087,1,2026-04-11 20:00:00
O005592,C01263,P0089,2,2026-04-11 22:00:00
O005593,C00072,P0027,3,2026-04-12 00:00:00
O005594,C00655,P0001,2,2026-04-12 02:00:00
O005595,C00269,P0085,3,2026-04-12 04:00:00
O005596,C01777,P0059,4,2026-04-12 06:00:00
O005597,C02463,P0010,3,2026-04-12 08:00:00
O005598,C01269,P0095,5,2026-04-12 10:00:00
O005599,C01016,P0025,3,2026-04-12 12:00:00
O005600,C02723,P0084,2,2026-04-12 14:00:00
O005601,C01084,P0057,4,2026-04-12 16:00:00
O005602,C00006,P0066,4,2026-04-12 18:00:00
O005603,C00982,P0015,3,2026-04-12 20:00:00
O005604,C02618,P0028,2,2026-04-12 22:00:00
O005605,C00407,P0013,4,2026-04-13 00:00:00
O005606,C01954,P0014,3,2026-04-13 02:00:00
O005607,C02074,P0066,3,2026-04-13 04:00:00
O005608,C00986,P0034,3,2026-04-13 06:00:00
O005609,C00390,P0099,4,2026-04-13 08:00:00
O005610,C00710,P0025,1,2026-04-13 10:00:00
O005611,C02619,P0054,2,2026-04-13 12:00:00
O005612,C01472,P0079,5,2026-04-13 14:00:00
O005613,C00754,P0012,5,2026-04-13 16:00:00
O005614,C02194,P0009,2,2026-04-13 18:00:00
O005615,C01412,P0031,1,2026-04-13 20:00:00
O005616,C02833,P0078,2,2026-04-13 22:00:00
O005617,C01273,P0093,3,2026-04-14 00:00:00
O005618,C00526,P0053,2,2026-04-14 02:00:00
O005619,C01486,P0043,2,2026-04-14 04:00:00
O005620,C02061,P0038,4,2026-04-14 06:00:00
O005621,C02951,P0042,5,2026-04-14 08:00:00
O005622,C02432,P0072,5,2026-04-14 10:00:00
O005623,C00556,P0048,3,2026-04-14 12:00:00
O005624,C02935,P0067,3,2026-04-14 14:00:00
O005625,C00019,P0066,4,2026-04-14 16:00:00
O005626,C00575,P0016,3,2026-04-14 18:00:00
O005627,C02799,P0083,1,2026-04-14 20:00:00
O005628,C01004,P0094,4,2026-04-14 22:00:00
O005629,C02467,P0016,4,2026-04-15 00:00:00
O005630,C02467,P0031,2,2026-04-15 02:00:00
O005631,C01939,P0058,2,2026-04-15 04:00:00
O005632,C01940,P0028,1,2026-04-15 06:00:00
O005633,C01636,P0004,4,2026-04-15 08:00:00
O005634,C01699,P0010,4,2026-04-15 10:00:00
O005635,C02170,P0051,2,2026-04-15 12:00:00
O005636,C00432,P0018,5,2026-04-15 14:00:00
O005637,C02092,P0047,5,2026-04-15 16:00:00
O005638,C01896,P0032,2,2026-04-15 18:00:00
O005639,C01944,P0030,3,2026-04-15 20:00:00
O005640,C01341,P0036,4,2026-04-15 22:00:00
O005641,C02429,P0009,1,2026-04-16 00:00:00
O005642,C00145,P0036,5,2026-04-16 02:00:00
O005643,C02411,P0029,3,2026-04-16 04:00:00
O005644,C01074,P0016,4,2026-04-16 06:00:00
O005645,C01089,P0092,3,2026-04-16 08:00:00
O005646,C02403,P0021,4,2026-04-16 10:00:00
O005647,C00800,P0064,4,2026-04-16 12:00:00
O005648,C02874,P0066,2,2026-04-16 14:00:00
O005649,C01152,P0059,2,2026-04-16 16:00:00
O005650,C02446,P0099,1,2026-04-16 18:00:00
O005651,C01957,P0028,1,2026-04-16 20:00:00
O005652,C02928,P0055,3,2026-04-16 22:00:00
O005653,C00463,P0100,2,2026-04-17 00:00:00
O005654,C01775,P0031,4,2026-04-17 02:00:00
O005655,C02046,P0033,2,2026-04-17 04:00:00
O005656,C00808,P0087,4,2026-04-17 06:00:00
O005657,C00187,P0060,2,2026-04-17 08:00:00
O005658,C01744,P0041,4,2026-04-17 10:00:00
O005659,C00732,P0081,3,2026-04-17 12:00:00
O005660,C01936,P0046,2,2026-04-17 14:00:00
O005661,C01214,P0049,5,2026-04-17 16:00:00
O005662,C01412,P0065,5,2026-04-17 18:00:00
O005663,C00429,P0042,4,2026-04-17 20:00:00
O005664,C02906,P0023,3,2026-04-17 22:00:00
O005665,C01308,P0027,4,2026-04-18 00:00:00
O005666,C02285,P0089,3,2026-04-18 02:00:00
O005667,C01218,P0032,1,2026-04-18 04:00:00
O005668,C01311,P0083,2,2026-04-18 06:00:00
O005669,C00771,P0088,3,2026-04-18 08:00:00
O005670,C00758,P0003,4,2026-04-18 10:00:00
O005671,C00136,P0060,1,2026-04-18 12:00:00
O005672,C00792,P0076,4,2026-04-18 14:00:00
O005673,C00171,P0099,5,2026-04-18 16:00:00
O005674,C02207,P0079,5,2026-04-18 18:00:00
O005675,C02249,P0017,2,2026-04-18 20:00:00
O005676,C01581,P0032,2,2026-04-18 22:00:00
O005677,C00962,P0007,1,2026-04-19 00:00:00
O005678,C02631,P0083,5,2026-04-19 02:00:00
O005679,C00876,P0071,3,2026-04-19 04:00:00
O005680,C02419,P0069,5,2026-04-19 06:00:00
O005681,C00103,P0058,2,2026-04-19 08:00:00
O005682,C01002,P0040,4,2026-04-19 10:00:00
O005683,C01149,P0085,1,2026-04-19 12:00:00
O005684,C02846,P0048,5,2026-04-19 14:00:00
O005685,C01482,P0051,3,2026-04-19 16:00:00
O005686,C00658,P0057,3,2026-04-19 18:00:00
O005687,C02930,P0071,3,2026-04-19 20:00:00
O005688,C01221,P0037,1,2026-04-19 22:00:00
O005689,C02781,P0087,3,2026-04-20 00:00:00
O005690,C00423,P0075,3,2026-04-20 02:00:00
O005691,C02620,P0074,5,2026-04-20 04:00:00
O005692,C00171,P0085,1,2026-04-20 06:00:00
O005693,C02221,P0055,4,2026-04-20 08:00:00
O005694,C02711,P0041,4,2026-04-20 10:00:00
O005695,C00453,P0097,3,2026-04-20 12:00:00
O005696,C02398,P0020,2,2026-04-20 14:00:00
O005697,C01976,P0033,1,2026-04-20 16:00:00
O005698,C01658,P0040,2,2026-04-20 18:00:00
O005699,C02542,P0099,1,2026-04-20 20:00:00
O005700,C02668,P0034,1,2026-04-20 22:00:00
O005701,C02967,P0062,5,2026-04-21 00:00:00
O005702,C02054,P0100,3,2026-04-21 02:00:00
O005703,C00288,P0091,5,2026-04-21 04:00:00
O005704,C01642,P0019,2,2026-04-21 06:00:00
O005705,C01448,P0043,2,2026-04-21 08:00:00
O005706,C01914,P0069,4,2026-04-21 10:00:00
O005707,C00608,P0063,5,2026-04-21 12:00:00
O005708,C00457,P0093,5,2026-04-21 14:00:00
O005709,C01765,P0010,5,2026-04-21 16:00:00
O005710,C01226,P0013,4,2026-04-21 18:00:00
O005711,C01236,P0093,5,2026-04-21 20:00:00
O005712,C01030,P0005,5,2026-04-21 22:00:00
O005713,C02672,P0058,5,2026-04-22 00:00:00
O005714,C02424,P0059,5,2026-04-22 02:00:00
O005715,C00447,P0076,2,2026-04-22 04:00:00
O005716,C00835,P0059,3,2026-04-22 06:00:00
O005717,C00811,P0077,2,2026-04-22 08:00:00
O005718,C01425,P0086,5,2026-04-22 10:00:00
O005719,C01412,P0015,1,2026-04-22 12:00:00
O005720,C00959,P0077,1,2026-04-22 14:00:00
O005721,C01476,P0001,4,2026-04-22 16:00:00
O005722,C02897,P0038,2,2026-04-22 18:00:00
O005723,C00809,P0053,4,2026-04-22 20:00:00
O005724,C00979,P0052,4,2026-04-22 22:00:00
O005725,C02464,P0001,1,2026-04-23 00:00:00
O005726,C00726,P0011,2,2026-04-23 02:00:00
O005727,C02502,P0058,3,2026-04-23 04:00:00
O005728,C01217,P0040,2,2026-04-23 06:00:00
O005729,C02198,P0086,4,2026-04-23 08:00:00
O005730,C01904,P0099,5,2026-04-23 10:00:00
O005731,C02807,P0060,4,2026-04-23 12:00:00
O005732,C00779,P0044,2,2026-04-23 14:00:00
O005733,C00973,P0006,1,2026-04-23 16:00:00
O005734,C02811,P0028,2,2026-04-23 18:00:00
O005735,C01539,P0031,3,2026-04-23 20:00:00
O005736,C01417,P0008,5,2026-04-23 22:00:00
O005737,C02124,P0005,5,2026-04-24 00:00:00
O005738,C00599,P0054,4,2026-04-24 02:00:00
O005739,C00225,P0017,2,2026-04-24 04:00:00
O005740,C01554,P0038,1,2026-04-24 06:00:00
O005741,C02161,P0009,3,2026-04-24 08:00:00
O005742,C02299,P0074,4,2026-04-24 10:00:00
O005743,C00841,P0084,2,2026-04-24 12:00:00
O005744,C01815,P0078,1,2026-04-24 14:00:00
O005745,C00714,P0014,2,2026-04-24 16:00:00
O005746,C01107,P0026,1,2026-04-24 18:00:00
O005747,C00125,P0093,2,2026-04-24 20:00:00
O005748,C01093,P0062,2,2026-04-24 22:00:00
O005749,C02932,P0091,4,2026-04-25 00:00:00
O005750,C01280,P0025,2,2026-04-25 02:00:00
O005751,C01751,P0080,2,2026-04-25 04:00:00
O005752,C00030,P0036,4,2026-04-25 06:00:00
O005753,C02329,P0098,4,2026-04-25 08:00:00
O005754,C02972,P0080,5,2026-04-25 10:00:00
O005755,C02018,P0033,5,2026-04-25 12:00:00
O005756,C02416,P0003,4,2026-04-25 14:00:00
O005757,C00495,P0087,3,2026-04-25 16:00:00
O005758,C01610,P0011,1,2026-04-25 18:00:00
O005759,C00718,P0058,4,2026-04-25 20:00:00
O005760,C01017,P0064,5,2026-04-25 22:00:00
O005761,C01338,P0018,2,2026-04-26 00:00:00
O005762,C00606,P0047,4,2026-04-26 02:00:00
O005763,C00375,P0044,4,2026-04-26 04:00:00
O005764,C02687,P0093,5,2026-04-26 06:00:00
O005765,C01961,P0059,5,2026-04-26 08:00:00
O005766,C01049,P0050,3,2026-04-26 10:00:00
O005767,C01358,P0069,5,2026-04-26 12:00:00
O005768,C00116,P0088,5,2026-04-26 14:00:00
O005769,C02096,P0029,5,2026-04-26 16:00:00
O005770,C01802,P0093,2,2026-04-26 18:00:00
O005771,C02147,P0090,4,2026-04-26 20:00:00
O005772,C01483,P0067,4,2026-04-26 22:00:00
O005773,C01547,P0002,5,2026-04-27 00:00:00
O005774,C01621,P0025,3,2026-04-27 02:00:00
O005775,C02453,P0019,5,2026-04-27 04:00:00
O005776,C00685,P0040,3,2026-04-27 06:00:00
O005777,C02951,P0002,4,2026-04-27 08:00:00
O005778,C02551,P0083,3,2026-04-27 10:00:00
O005779,C01472,P0065,3,2026-04-27 12:00:00
O005780,C02942,P0062,1,2026-04-27 14:00:00
O005781,C01600,P0091,3,2026-04-27 16:00:00
O005782,C02306,P0054,3,2026-04-27 18:00:00
O005783,C02892,P0045,2,2026-04-27 20:00:00
O005784,C02169,P0049,4,2026-04-27 22:00:00
O005785,C00810,P0099,5,2026-04-28 00:00:00
O005786,C00978,P0069,1,2026-04-28 02:00:00
O005787,C02102,P0038,3,2026-04-28 04:00:00
O005788,C01355,P0004,2,2026-04-28 06:00:00
O005789,C00784,P0017,2,2026-04-28 08:00:00
O005790,C00241,P0053,5,2026-04-28 10:00:00
O005791,C01779,P0085,5,2026-04-28 12:00:00
O005792,C01554,P0053,4,2026-04-28 14:00:00
O005793,C00483,P0031,3,2026-04-28 16:00:00
O005794,C01013,P0022,2,2026-04-28 18:00:00
O005795,C00187,P0011,1,2026-04-28 20:00:00
O005796,C01882,P0034,4,2026-04-28 22:00:00
O005797,C02704,P0015,3,2026-04-29 00:00:00
O005798,C02310,P0010,5,2026-04-29 02:00:00
O005799,C00953,P0096,3,2026-04-29 04:00:00
O005800,C01388,P0053,5,2026-04-29 06:00:00
O005801,C00491,P0048,3,2026-04-29 08:00:00
O005802,C00431,P0031,1,2026-04-29 10:00:00
O005803,C00239,P0037,4,2026-04-29 12:00:00
O005804,C02352,P0028,5,2026-04-29 14:00:00
O005805,C02346,P0031,1,2026-04-29 16:00:00
O005806,C00076,P0070,2,2026-04-29 18:00:00
O005807,C01357,P0014,1,2026-04-29 20:00:00
O005808,C01924,P0087,1,2026-04-29 22:00:00
O005809,C01782,P0016,1,2026-04-30 00:00:00
O005810,C02690,P0025,5,2026-04-30 02:00:00
O005811,C00827,P0039,2,2026-04-30 04:00:00
O005812,C02331,P0066,4,2026-04-30 06:00:00
O005813,C00591,P0038,1,2026-04-30 08:00:00
O005814,C02120,P0041,5,2026-04-30 10:00:00
O005815,C02751,P0098,5,2026-04-30 12:00:00
O005816,C01903,P0040,4,2026-04-30 14:00:00
O005817,C01911,P0064,3,2026-04-30 16:00:00
O005818,C00575,P0089,2,2026-04-30 18:00:00
O005819,C00892,P0100,2,2026-04-30 20:00:00
O005820,C02060,P0016,1,2026-04-30 22:00:00
O005821,C00141,P0082,3,2026-05-01 00:00:00
O005822,C01790,P0077,2,2026-05-01 02:00:00
O005823,C00017,P0059,1,2026-05-01 04:00:00
O005824,C01087,P0091,3,2026-05-01 06:00:00
O005825,C00253,P0098,5,2026-05-01 08:00:00
O005826,C00465,P0011,1,2026-05-01 10:00:00
O005827,C00376,P0001,3,2026-05-01 12:00:00
O005828,C01828,P0013,4,2026-05-01 14:00:00
O005829,C00520,P0030,2,2026-05-01 16:00:00
O005830,C01861,P0069,1,2026-05-01 18:00:00
O005831,C00090,P0018,5,2026-05-01 20:00:00
O005832,C00720,P0078,1,2026-05-01 22:00:00
O005833,C02852,P0013,2,2026-05-02 00:00:00
O005834,C02844,P0032,2,2026-05-02 02:00:00
O005835,C00630,P0071,3,2026-05-02 04:00:00
O005836,C01885,P0072,5,2026-05-02 06:00:00
O005837,C00076,P0050,3,2026-05-02 08:00:00
O005838,C00926,P0071,5,2026-05-02 10:00:00
O005839,C02448,P0080,1,2026-05-02 12:00:00
O005840,C01806,P0031,1,2026-05-02 14:00:00
O005841,C00970,P0051,3,2026-05-02 16:00:00
O005842,C01095,P0027,4,2026-05-02 18:00:00
O005843,C02029,P0060,2,2026-05-02 20:00:00
O005844,C01405,P0033,3,2026-05-02 22:00:00
O005845,C02845,P0053,3,2026-05-03 00:00:00
O005846,C00195,P0093,1,2026-05-03 02:00:00
O005847,C00228,P0072,2,2026-05-03 04:00:00
O005848,C01460,P0033,3,2026-05-03 06:00:00
O005849,C00461,P0041,1,2026-05-03 08:00:00
O005850,C00618,P0019,1,2026-05-03 10:00:00
O005851,C00064,P0085,3,2026-05-03 12:00:00
O005852,C02213,P0041,3,2026-05-03 14:00:00
O005853,C02075,P0085,1,2026-05-03 16:00:00
O005854,C00285,P0089,3,2026-05-03 18:00:00
O005855,C01684,P0042,2,2026-05-03 20:00:00
O005856,C02329,P0023,1,2026-05-03 22:00:00
O005857,C00838,P0075,1,2026-05-04 00:00:00
O005858,C00831,P0033,3,2026-05-04 02:00:00
O005859,C01188,P0020,3,2026-05-04 04:00:00
O005860,C02966,P0025,3,2026-05-04 06:00:00
O005861,C00224,P0090,2,2026-05-04 08:00:00
O005862,C00784,P0052,1,2026-05-04 10:00:00
O005863,C00950,P0012,4,2026-05-04 12:00:00
O005864,C00045,P0032,2,2026-05-04 14:00:00
O005865,C01811,P0033,2,2026-05-04 16:00:00
O005866,C00471,P0074,1,2026-05-04 18:00:00
O005867,C02082,P0068,4,2026-05-04 20:00:00
O005868,C02701,P0015,1,2026-05-04 22:00:00
O005869,C00830,P0051,2,2026-05-05 00:00:00
O005870,C01910,P0006,3,2026-05-05 02:00:00
O005871,C02269,P0091,1,2026-05-05 04:00:00
O005872,C01892,P0069,1,2026-05-05 06:00:00
O005873,C02582,P0069,3,2026-05-05 08:00:00
O005874,C00692,P0082,4,2026-05-05 10:00:00
O005875,C01391,P0092,4,2026-05-05 12:00:00
O005876,C00932,P0035,1,2026-05-05 14:00:00
O005877,C00841,P0086,3,2026-05-05 16:00:00
O005878,C01939,P0034,1,2026-05-05 18:00:00
O005879,C01574,P0063,3,2026-05-05 20:00:00
O005880,C02630,P0068,2,2026-05-05 22:00:00
O005881,C02287,P0018,3,2026-05-06 00:00:00
O005882,C02489,P0026,1,2026-05-06 02:00:00
O005883,C00148,P0086,5,2026-05-06 04:00:00
O005884,C01033,P0097,4,2026-05-06 06:00:00
O005885,C01312,P0061,1,2026-05-06 08:00:00
O005886,C00388,P0078,3,2026-05-06 10:00:00
O005887,C01874,P0095,3,2026-05-06 12:00:00
O005888,C00916,P0074,4,2026-05-06 14:00:00
O005889,C01879,P0088,1,2026-05-06 16:00:00
O005890,C02686,P0085,5,2026-05-06 18:00:00
O005891,C00278,P0048,2,2026-05-06 20:00:00
O005892,C01978,P0072,5,2026-05-06 22:00:00
O005893,C01860,P0096,2,2026-05-07 00:00:00
O005894,C01826,P0031,2,2026-05-07 02:00:00
O005895,C02637,P0034,1,2026-05-07 04:00:00
O005896,C01834,P0087,2,2026-05-07 06:00:00
O005897,C02697,P0089,3,2026-05-07 08:00:00
O005898,C00618,P0007,2,2026-05-07 10:00:00
O005899,C01631,P0083,2,2026-05-07 12:00:00
O005900,C02183,P0007,4,2026-05-07 14:00:00
O005901,C00580,P0047,4,2026-05-07 16:00:00
O005902,C01171,P0008,1,2026-05-07 18:00:00
O005903,C00490,P0078,1,2026-05-07 20:00:00
O005904,C02526,P0001,3,2026-05-07 22:00:00
O005905,C01183,P0077,4,2026-05-08 00:00:00
O005906,C00384,P0003,5,2026-05-08 02:00:00
O005907,C00163,P0053,1,2026-05-08 04:00:00
O005908,C02489,P0092,1,2026-05-08 06:00:00
O005909,C01877,P0038,4,2026-05-08 08:00:00
O005910,C01213,P0051,4,2026-05-08 10:00:00
O005911,C02463,P0015,3,2026-05-08 12:00:00
O005912,C01363,P0100,4,2026-05-08 14:00:00
O005913,C01631,P0067,2,2026-05-08 16:00:00
O005914,C01205,P0064,5,2026-05-08 18:00:00
O005915,C00288,P0068,2,2026-05-08 20:00:00
O005916,C01858,P0005,2,2026-05-08 22:00:00
O005917,C00187,P0090,2,2026-05-09 00:00:00
O005918,C01908,P0089,1,2026-05-09 02:00:00
O005919,C01162,P0010,2,2026-05-09 04:00:00
O005920,C00130,P0008,1,2026-05-09 06:00:00
O005921,C02242,P0012,4,2026-05-09 08:00:00
O005922,C02364,P0064,5,2026-05-09 10:00:00
O005923,C01888,P0059,5,2026-05-09 12:00:00
O005924,C00144,P0067,2,2026-05-09 14:00:00
O005925,C00016,P0091,5,2026-05-09 16:00:00
O005926,C02471,P0050,1,2026-05-09 18:00:00
O005927,C00245,P0023,4,2026-05-09 20:00:00
O005928,C00927,P0040,2,2026-05-09 22:00:00
O005929,C02177,P0097,3,2026-05-10 00:00:00
O005930,C00907,P0078,5,2026-05-10 02:00:00
O005931,C00887,P0087,5,2026-05-10 04:00:00
O005932,C00341,P0095,2,2026-05-10 06:00:00
O005933,C02052,P0077,5,2026-05-10 08:00:00
O005934,C01434,P0076,5,2026-05-10 10:00:00
O005935,C00306,P0099,3,2026-05-10 12:00:00
O005936,C00908,P0018,1,2026-05-10 14:00:00
O005937,C02655,P0021,2,2026-05-10 16:00:00
O005938,C01372,P0001,2,2026-05-10 18:00:00
O005939,C00321,P0038,3,2026-05-10 20:00:00
O005940,C00559,P0041,3,2026-05-10 22:00:00
O005941,C01205,P0042,1,2026-05-11 00:00:00
O005942,C02666,P0009,4,2026-05-11 02:00:00
O005943,C02759,P0023,2,2026-05-11 04:00:00
O005944,C01410,P0078,5,2026-05-11 06:00:00
O005945,C01642,P0011,1,2026-05-11 08:00:00
O005946,C01132,P0071,2,2026-05-11 10:00:00
O005947,C02579,P0031,1,2026-05-11 12:00:00
O005948,C02458,P0088,4,2026-05-11 14:00:00
O005949,C00818,P0026,2,2026-05-11 16:00:00
O005950,C01195,P0030,5,2026-05-11 18:00:00
O005951,C02541,P0034,2,2026-05-11 20:00:00
O005952,C00012,P0046,1,2026-05-11 22:00:00
O005953,C00195,P0069,4,2026-05-12 00:00:00
O005954,C02538,P0005,1,2026-05-12 02:00:00
O005955,C02843,P0061,1,2026-05-12 04:00:00
O005956,C02929,P0083,3,2026-05-12 06:00:00
O005957,C02230,P0038,1,2026-05-12 08:00:00
O005958,C00656,P0028,4,2026-05-12 10:00:00
O005959,C01922,P0026,5,2026-05-12 12:00:00
O005960,C02742,P0061,3,2026-05-12 14:00:00
O005961,C02078,P0023,1,2026-05-12 16:00:00
O005962,C01620,P0046,2,2026-05-12 18:00:00
O005963,C01120,P0030,3,2026-05-12 20:00:00
O005964,C00778,P0067,4,2026-05-12 22:00:00
O005965,C00444,P0092,2,2026-05-13 00:00:00
O005966,C00298,P0033,4,2026-05-13 02:00:00
O005967,C00808,P0003,2,2026-05-13 04:00:00
O005968,C01761,P0069,5,2026-05-13 06:00:00
O005969,C00845,P0083,4,2026-05-13 08:00:00
O005970,C01016,P0042,2,2026-05-13 10:00:00
O005971,C01385,P0062,4,2026-05-13 12:00:00
O005972,C01398,P0058,3,2026-05-13 14:00:00
O005973,C00554,P0057,4,2026-05-13 16:00:00
O005974,C02351,P0001,4,2026-05-13 18:00:00
O005975,C00421,P0073,2,2026-05-13 20:00:00
O005976,C01270,P0060,4,2026-05-13 22:00:00
O005977,C01261,P0069,5,2026-05-14 00:00:00
O005978,C00185,P0059,1,2026-05-14 02:00:00
O005979,C00468,P0046,3,2026-05-14 04:00:00
O005980,C02802,P0034,2,2026-05-14 06:00:00
O005981,C02411,P0097,4,2026-05-14 08:00:00
O005982,C01307,P0025,4,2026-05-14 10:00:00
O005983,C01577,P0042,4,2026-05-14 12:00:00
O005984,C00336,P0029,3,2026-05-14 14:00:00
O005985,C02210,P0025,1,2026-05-14 16:00:00
O005986,C01498,P0054,5,2026-05-14 18:00:00
O005987,C02060,P0073,5,2026-05-14 20:00:00
O005988,C01448,P0067,2,2026-05-14 22:00:00
O005989,C00588,P0015,1,2026-05-15 00:00:00
O005990,C01882,P0004,1,2026-05-15 02:00:00
O005991,C00201,P0038,3,2026-05-15 04:00:00
O005992,C00522,P0020,4,2026-05-15 06:00:00
O005993,C01888,P0023,1,2026-05-15 08:00:00
O005994,C02553,P0037,4,2026-05-15 10:00:00
O005995,C01712,P0062,3,2026-05-15 12:00:00
O005996,C00788,P0008,2,2026-05-15 14:00:00
O005997,C00060,P0037,2,2026-05-15 16:00:00
O005998,C00578,P0045,4,2026-05-15 18:00:00
O005999,C00321,P0097,4,2026-05-15 20:00:00
O006000,C01459,P0033,1,2026-05-15 22:00:00
O006001,C02038,P0007,3,2026-05-16 00:00:00
O006002,C00923,P0022,2,2026-05-16 02:00:00
O006003,C01410,P0005,1,2026-05-16 04:00:00
O006004,C01695,P0015,5,2026-05-16 06:00:00
O006005,C00569,P0021,1,2026-05-16 08:00:00
O006006,C01102,P0089,4,2026-05-16 10:00:00
O006007,C00527,P0017,5,2026-05-16 12:00:00
O006008,C02572,P0056,1,2026-05-16 14:00:00
O006009,C02661,P0050,3,2026-05-16 16:00:00
O006010,C02173,P0007,2,2026-05-16 18:00:00
O006011,C00871,P0050,5,2026-05-16 20:00:00
O006012,C00280,P0060,3,2026-05-16 22:00:00
O006013,C02965,P0083,1,2026-05-17 00:00:00
O006014,C02670,P0007,4,2026-05-17 02:00:00
O006015,C02894,P0040,4,2026-05-17 04:00:00
O006016,C01893,P0045,3,2026-05-17 06:00:00
O006017,C01752,P0059,4,2026-05-17 08:00:00
O006018,C00674,P0088,2,2026-05-17 10:00:00
O006019,C01152,P0075,3,2026-05-17 12:00:00
O006020,C02362,P0055,3,2026-05-17 14:00:00
O006021,C00332,P0064,4,2026-05-17 16:00:00
O006022,C01174,P0065,3,2026-05-17 18:00:00
O006023,C02040,P0054,1,2026-05-17 20:00:00
O006024,C01478,P0096,5,2026-05-17 22:00:00
O006025,C00036,P0040,5,2026-05-18 00:00:00
O006026,C01709,P0053,4,2026-05-18 02:00:00
O006027,C01444,P0044,2,2026-05-18 04:00:00
O006028,C02254,P0063,2,2026-05-18 06:00:00
O006029,C02687,P0002,4,2026-05-18 08:00:00
O006030,C02896,P0079,4,2026-05-18 10:00:00
O006031,C01380,P0021,3,2026-05-18 12:00:00
O006032,C00440,P0088,2,2026-05-18 14:00:00
O006033,C02777,P0050,5,2026-05-18 16:00:00
O006034,C01120,P0081,4,2026-05-18 18:00:00
O006035,C02989,P0052,5,2026-05-18 20:00:00
O006036,C00164,P0009,5,2026-05-18 22:00:00
O006037,C00148,P0099,2,2026-05-19 00:00:00
O006038,C02342,P0020,5,2026-05-19 02:00:00
O006039,C00195,P0083,3,2026-05-19 04:00:00
O006040,C00663,P0018,3,2026-05-19 06:00:00
O006041,C00480,P0084,2,2026-05-19 08:00:00
O006042,C00123,P0030,3,2026-05-19 10:00:00
O006043,C01424,P0065,4,2026-05-19 12:00:00
O006044,C02747,P0024,2,2026-05-19 14:00:00
O006045,C00965,P0088,5,2026-05-19 16:00:00
O006046,C02709,P0047,4,2026-05-19 18:00:00
O006047,C01779,P0083,2,2026-05-19 20:00:00
O006048,C01486,P0094,5,2026-05-19 22:00:00
O006049,C02015,P0090,5,2026-05-20 00:00:00
O006050,C00710,P0044,5,2026-05-20 02:00:00
O006051,C02444,P0029,5,2026-05-20 04:00:00
O006052,C00912,P0077,5,2026-05-20 06:00:00
O006053,C01361,P0068,2,2026-05-20 08:00:00
O006054,C02365,P0017,3,2026-05-20 10:00:00
O006055,C01735,P0097,5,2026-05-20 12:00:00
O006056,C01824,P0005,4,2026-05-20 14:00:00
O006057,C01580,P0092,2,2026-05-20 16:00:00
O006058,C00681,P0088,1,2026-05-20 18:00:00
O006059,C01334,P0081,3,2026-05-20 20:00:00
O006060,C02543,P0050,4,2026-05-20 22:00:00
O006061,C00556,P0040,5,2026-05-21 00:00:00
O006062,C00610,P0046,2,2026-05-21 02:00:00
O006063,C02157,P0051,2,2026-05-21 04:00:00
O006064,C00372,P0011,5,2026-05-21 06:00:00
O006065,C02903,P0012,4,2026-05-21 08:00:00
O006066,C00616,P0013,2,2026-05-21 10:00:00
O006067,C02816,P0064,3,2026-05-21 12:00:00
O006068,C01915,P0008,4,2026-05-21 14:00:00
O006069,C02254,P0065,5,2026-05-21 16:00:00
O006070,C00847,P0009,4,2026-05-21 18:00:00
O006071,C00043,P0092,4,2026-05-21 20:00:00
O006072,C00865,P0002,1,2026-05-21 22:00:00
O006073,C01269,P0078,5,2026-05-22 00:00:00
O006074,C01379,P0013,3,2026-05-22 02:00:00
O006075,C00785,P0002,5,2026-05-22 04:00:00
O006076,C00476,P0068,1,2026-05-22 06:00:00
O006077,C00083,P0076,5,2026-05-22 08:00:00
O006078,C01134,P0048,5,2026-05-22 10:00:00
O006079,C02238,P0074,3,2026-05-22 12:00:00
O006080,C00800,P0003,1,2026-05-22 14:00:00
O006081,C00936,P0068,5,2026-05-22 16:00:00
O006082,C02299,P0006,5,2026-05-22 18:00:00
O006083,C02339,P0087,2,2026-05-22 20:00:00
O006084,C01669,P0005,5,2026-05-22 22:00:00
O006085,C00326,P0003,3,2026-05-23 00:00:00
O006086,C01535,P0010,2,2026-05-23 02:00:00
O006087,C01986,P0043,1,2026-05-23 04:00:00
O006088,C01965,P0019,4,2026-05-23 06:00:00
O006089,C00837,P0014,3,2026-05-23 08:00:00
O006090,C00508,P0021,1,2026-05-23 10:00:00
O006091,C02779,P0043,2,2026-05-23 12:00:00
O006092,C02120,P0028,4,2026-05-23 14:00:00
O006093,C01271,P0021,1,2026-05-23 16:00:00
O006094,C00641,P0036,3,2026-05-23 18:00:00
O006095,C02988,P0024,2,2026-05-23 20:00:00
O006096,C01879,P0054,3,2026-05-23 22:00:00
O006097,C00608,P0038,3,2026-05-24 00:00:00
O006098,C01959,P0017,2,2026-05-24 02:00:00
O006099,C00566,P0022,5,2026-05-24 04:00:00
O006100,C01368,P0083,3,2026-05-24 06:00:00
O006101,C02102,P0045,2,2026-05-24 08:00:00
O006102,C01754,P0074,3,2026-05-24 10:00:00
O006103,C02576,P0061,5,2026-05-24 12:00:00
O006104,C02659,P0011,2,2026-05-24 14:00:00
O006105,C01582,P0061,1,2026-05-24 16:00:00
O006106,C01987,P0038,1,2026-05-24 18:00:00
O006107,C02241,P0066,1,2026-05-24 20:00:00
O006108,C02106,P0033,4,2026-05-24 22:00:00
O006109,C00129,P0043,3,2026-05-25 00:00:00
O006110,C01873,P0031,3,2026-05-25 02:00:00
O006111,C00706,P0035,2,2026-05-25 04:00:00
O006112,C00852,P0037,4,2026-05-25 06:00:00
O006113,C00008,P0047,3,2026-05-25 08:00:00
O006114,C02077,P0100,2,2026-05-25 10:00:00
O006115,C01136,P0023,5,2026-05-25 12:00:00
O006116,C02995,P0036,3,2026-05-25 14:00:00
O006117,C02179,P0040,3,2026-05-25 16:00:00
O006118,C02236,P0090,5,2026-05-25 18:00:00
O006119,C01699,P0089,5,2026-05-25 20:00:00
O006120,C02757,P0081,3,2026-05-25 22:00:00
O006121,C01499,P0015,5,2026-05-26 00:00:00
O006122,C02260,P0037,2,2026-05-26 02:00:00
O006123,C01645,P0004,3,2026-05-26 04:00:00
O006124,C00276,P0022,3,2026-05-26 06:00:00
O006125,C01703,P0081,1,2026-05-26 08:00:00
O006126,C01796,P0022,3,2026-05-26 10:00:00
O006127,C00243,P0081,1,2026-05-26 12:00:00
O006128,C02733,P0078,5,2026-05-26 14:00:00
O006129,C00171,P0078,5,2026-05-26 16:00:00
O006130,C00653,P0017,2,2026-05-26 18:00:00
O006131,C01933,P0072,1,2026-05-26 20:00:00
O006132,C02236,P0098,3,2026-05-26 22:00:00
O006133,C01110,P0090,1,2026-05-27 00:00:00
O006134,C01500,P0094,5,2026-05-27 02:00:00
O006135,C02100,P0086,5,2026-05-27 04:00:00
O006136,C02159,P0080,2,2026-05-27 06:00:00
O006137,C01973,P0094,5,2026-05-27 08:00:00
O006138,C02925,P0080,1,2026-05-27 10:00:00
O006139,C01067,P0038,3,2026-05-27 12:00:00
O006140,C02259,P0024,3,2026-05-27 14:00:00
O006141,C02036,P0100,1,2026-05-27 16:00:00
O006142,C00858,P0099,2,2026-05-27 18:00:00
O006143,C02675,P0006,3,2026-05-27 20:00:00
O006144,C01050,P0068,1,2026-05-27 22:00:00
O006145,C00299,P0082,1,2026-05-28 00:00:00
O006146,C00924,P0006,5,2026-05-28 02:00:00
O006147,C00137,P0026,5,2026-05-28 04:00:00
O006148,C01044,P0091,2,2026-05-28 06:00:00
O006149,C02488,P0041,2,2026-05-28 08:00:00
O006150,C00211,P0075,2,2026-05-28 10:00:00
O006151,C02800,P0038,1,2026-05-28 12:00:00
O006152,C01575,P0080,1,2026-05-28 14:00:00
O006153,C02483,P0083,5,2026-05-28 16:00:00
O006154,C00780,P0043,3,2026-05-28 18:00:00
O006155,C01231,P0053,2,2026-05-28 20:00:00
O006156,C02487,P0015,4,2026-05-28 22:00:00
O006157,C01803,P0090,2,2026-05-29 00:00:00
O006158,C02714,P0056,5,2026-05-29 02:00:00
O006159,C01066,P0056,1,2026-05-29 04:00:00
O006160,C00411,P0031,5,2026-05-29 06:00:00
O006161,C02854,P0083,5,2026-05-29 08:00:00
O006162,C02658,P0057,5,2026-05-29 10:00:00
O006163,C00427,P0051,4,2026-05-29 12:00:00
O006164,C01472,P0024,4,2026-05-29 14:00:00
O006165,C02950,P0058,2,2026-05-29 16:00:00
O006166,C00942,P0073,1,2026-05-29 18:00:00
O006167,C01908,P0087,5,2026-05-29 20:00:00
O006168,C00742,P0004,3,2026-05-29 22:00:00
O006169,C01393,P0010,2,2026-05-30 00:00:00
O006170,C01244,P0063,2,2026-05-30 02:00:00
O006171,C01601,P0073,5,2026-05-30 04:00:00
O006172,C01256,P0083,2,2026-05-30 06:00:00
O006173,C00328,P0015,5,2026-05-30 08:00:00
O006174,C01467,P0098,2,2026-05-30 10:00:00
O006175,C02100,P0063,1,2026-05-30 12:00:00
O006176,C01967,P0019,2,2026-05-30 14:00:00
O006177,C00376,P0063,2,2026-05-30 16:00:00
O006178,C00263,P0056,3,2026-05-30 18:00:00
O006179,C00267,P0021,1,2026-05-30 20:00:00
O006180,C02407,P0034,1,2026-05-30 22:00:00
O006181,C01945,P0017,1,2026-05-31 00:00:00
O006182,C01894,P0018,2,2026-05-31 02:00:00
O006183,C01902,P0081,4,2026-05-31 04:00:00
O006184,C02700,P0066,2,2026-05-31 06:00:00
O006185,C01653,P0051,5,2026-05-31 08:00:00
O006186,C01445,P0065,3,2026-05-31 10:00:00
O006187,C00046,P0043,1,2026-05-31 12:00:00
O006188,C00600,P0057,5,2026-05-31 14:00:00
O006189,C00720,P0010,5,2026-05-31 16:00:00
O006190,C01913,P0037,4,2026-05-31 18:00:00
O006191,C01293,P0048,1,2026-05-31 20:00:00
O006192,C00601,P0069,2,2026-05-31 22:00:00
O006193,C00381,P0056,1,2026-06-01 00:00:00
O006194,C00118,P0076,3,2026-06-01 02:00:00
O006195,C02164,P0036,1,2026-06-01 04:00:00
O006196,C00260,P0031,5,2026-06-01 06:00:00
O006197,C01099,P0055,5,2026-06-01 08:00:00
O006198,C01504,P0038,2,2026-06-01 10:00:00
O006199,C02353,P0073,2,2026-06-01 12:00:00
O006200,C02055,P0090,2,2026-06-01 14:00:00
O006201,C00366,P0015,3,2026-06-01 16:00:00
O006202,C01658,P0016,1,2026-06-01 18:00:00
O006203,C02571,P0077,4,2026-06-01 20:00:00
O006204,C01462,P0089,1,2026-06-01 22:00:00
O006205,C02025,P0094,2,2026-06-02 00:00:00
O006206,C02477,P0053,3,2026-06-02 02:00:00
O006207,C00791,P0056,1,2026-06-02 04:00:00
O006208,C00747,P0007,5,2026-06-02 06:00:00
O006209,C02415,P0057,1,2026-06-02 08:00:00
O006210,C00313,P0055,5,2026-06-02 10:00:00
O006211,C00538,P0052,1,2026-06-02 12:00:00
O006212,C00921,P0004,1,2026-06-02 14:00:00
O006213,C01078,P0043,1,2026-06-02 16:00:00
O006214,C01491,P0040,2,2026-06-02 18:00:00
O006215,C02913,P0030,5,2026-06-02 20:00:00
O006216,C02830,P0010,3,2026-06-02 22:00:00
O006217,C02382,P0094,4,2026-06-03 00:00:00
O006218,C00798,P0007,5,2026-06-03 02:00:00
O006219,C00348,P0036,2,2026-06-03 04:00:00
O006220,C00273,P0035,5,2026-06-03 06:00:00
O006221,C00720,P0088,3,2026-06-03 08:00:00
O006222,C01774,P0039,5,2026-06-03 10:00:00
O006223,C02548,P0036,2,2026-06-03 12:00:00
O006224,C00685,P0020,2,2026-06-03 14:00:00
O006225,C02127,P0049,4,2026-06-03 16:00:00
O006226,C00622,P0096,3,2026-06-03 18:00:00
O006227,C02040,P0059,4,2026-06-03 20:00:00
O006228,C00947,P0049,1,2026-06-03 22:00:00
O006229,C02406,P0090,2,2026-06-04 00:00:00
O006230,C02666,P0026,4,2026-06-04 02:00:00
O006231,C00507,P0036,2,2026-06-04 04:00:00
O006232,C01583,P0043,2,2026-06-04 06:00:00
O006233,C02624,P0099,1,2026-06-04 08:00:00
O006234,C00244,P0043,2,2026-06-04 10:00:00
O006235,C00506,P0099,4,2026-06-04 12:00:00
O006236,C00422,P0076,3,2026-06-04 14:00:00
O006237,C02265,P0033,5,2026-06-04 16:00:00
O006238,C01873,P0100,4,2026-06-04 18:00:00
O006239,C01193,P0078,1,2026-06-04 20:00:00
O006240,C00330,P0097,5,2026-06-04 22:00:00
O006241,C00650,P0045,2,2026-06-05 00:00:00
O006242,C01465,P0045,4,2026-06-05 02:00:00
O006243,C00391,P0088,5,2026-06-05 04:00:00
O006244,C01520,P0015,4,2026-06-05 06:00:00
O006245,C00381,P0095,2,2026-06-05 08:00:00
O006246,C00742,P0017,4,2026-06-05 10:00:00
O006247,C02011,P0012,1,2026-06-05 12:00:00
O006248,C00820,P0022,5,2026-06-05 14:00:00
O006249,C00673,P0023,5,2026-06-05 16:00:00
O006250,C02561,P0090,5,2026-06-05 18:00:00
O006251,C01772,P0078,4,2026-06-05 20:00:00
O006252,C02997,P0012,2,2026-06-05 22:00:00
O006253,C01212,P0068,4,2026-06-06 00:00:00
O006254,C00930,P0051,4,2026-06-06 02:00:00
O006255,C01540,P0013,5,2026-06-06 04:00:00
O006256,C00913,P0057,2,2026-06-06 06:00:00
O006257,C00644,P0055,3,2026-06-06 08:00:00
O006258,C00427,P0082,2,2026-06-06 10:00:00
O006259,C00502,P0028,4,2026-06-06 12:00:00
O006260,C00730,P0044,1,2026-06-06 14:00:00
O006261,C01284,P0019,2,2026-06-06 16:00:00
O006262,C02119,P0046,5,2026-06-06 18:00:00
O006263,C02526,P0003,1,2026-06-06 20:00:00
O006264,C00457,P0083,3,2026-06-06 22:00:00
O006265,C02237,P0020,3,2026-06-07 00:00:00
O006266,C00291,P0025,1,2026-06-07 02:00:00
O006267,C00920,P0075,3,2026-06-07 04:00:00
O006268,C02340,P0056,1,2026-06-07 06:00:00
O006269,C01970,P0081,4,2026-06-07 08:00:00
O006270,C00756,P0061,1,2026-06-07 10:00:00
O006271,C01659,P0055,4,2026-06-07 12:00:00
O006272,C01835,P0035,5,2026-06-07 14:00:00
O006273,C01307,P0078,5,2026-06-07 16:00:00
O006274,C01568,P0059,3,2026-06-07 18:00:00
O006275,C01870,P0039,1,2026-06-07 20:00:00
O006276,C00377,P0057,4,2026-06-07 22:00:00
O006277,C01180,P0083,5,2026-06-08 00:00:00
O006278,C00508,P0067,5,2026-06-08 02:00:00
O006279,C01437,P0034,5,2026-06-08 04:00:00
O006280,C02576,P0041,3,2026-06-08 06:00:00
O006281,C00559,P0022,5,2026-06-08 08:00:00
O006282,C02308,P0027,2,2026-06-08 10:00:00
O006283,C00421,P0021,3,2026-06-08 12:00:00
O006284,C01553,P0041,1,2026-06-08 14:00:00
O006285,C00304,P0031,2,2026-06-08 16:00:00
O006286,C00942,P0027,3,2026-06-08 18:00:00
O006287,C02590,P0037,3,2026-06-08 20:00:00
O006288,C01302,P0066,4,2026-06-08 22:00:00
O006289,C01090,P0054,2,2026-06-09 00:00:00
O006290,C02156,P0009,2,2026-06-09 02:00:00
O006291,C02316,P0083,2,2026-06-09 04:00:00
O006292,C02270,P0042,5,2026-06-09 06:00:00
O006293,C01828,P0036,5,2026-06-09 08:00:00
O006294,C01554,P0010,1,2026-06-09 10:00:00
O006295,C00693,P0059,1,2026-06-09 12:00:00
O006296,C00255,P0040,1,2026-06-09 14:00:00
O006297,C01479,P0054,5,2026-06-09 16:00:00
O006298,C02301,P0039,4,2026-06-09 18:00:00
O006299,C00257,P0007,1,2026-06-09 20:00:00
O006300,C02431,P0004,3,2026-06-09 22:00:00
O006301,C00442,P0015,5,2026-06-10 00:00:00
O006302,C01882,P0076,4,2026-06-10 02:00:00
O006303,C02647,P0048,3,2026-06-10 04:00:00
O006304,C01114,P0006,3,2026-06-10 06:00:00
O006305,C02438,P0073,5,2026-06-10 08:00:00
O006306,C00582,P0035,2,2026-06-10 10:00:00
O006307,C01736,P0072,4,2026-06-10 12:00:00
O006308,C02646,P0071,5,2026-06-10 14:00:00
O006309,C00019,P0068,2,2026-06-10 16:00:00
O006310,C01125,P0058,5,2026-06-10 18:00:00
O006311,C02655,P0077,5,2026-06-10 20:00:00
O006312,C01381,P0019,3,2026-06-10 22:00:00
O006313,C01566,P0062,5,2026-06-11 00:00:00
O006314,C02081,P0071,2,2026-06-11 02:00:00
O006315,C01994,P0010,3,2026-06-11 04:00:00
O006316,C01548,P0025,2,2026-06-11 06:00:00
O006317,C00862,P0044,2,2026-06-11 08:00:00
O006318,C00155,P0099,3,2026-06-11 10:00:00
O006319,C00905,P0058,2,2026-06-11 12:00:00
O006320,C01270,P0025,1,2026-06-11 14:00:00
O006321,C00405,P0093,5,2026-06-11 16:00:00
O006322,C00844,P0076,3,2026-06-11 18:00:00
O006323,C01783,P0040,3,2026-06-11 20:00:00
O006324,C01565,P0076,1,2026-06-11 22:00:00
O006325,C01185,P0070,1,2026-06-12 00:00:00
O006326,C00747,P0010,1,2026-06-12 02:00:00
O006327,C01726,P0066,1,2026-06-12 04:00:00
O006328,C00271,P0025,4,2026-06-12 06:00:00
O006329,C00770,P0071,3,2026-06-12 08:00:00
O006330,C01716,P0087,2,2026-06-12 10:00:00
O006331,C01511,P0011,3,2026-06-12 12:00:00
O006332,C00172,P0036,3,2026-06-12 14:00:00
O006333,C00274,P0049,3,2026-06-12 16:00:00
O006334,C02307,P0048,1,2026-06-12 18:00:00
O006335,C01159,P0087,1,2026-06-12 20:00:00
O006336,C01707,P0007,4,2026-06-12 22:00:00
O006337,C01772,P0091,3,2026-06-13 00:00:00
O006338,C00422,P0077,5,2026-06-13 02:00:00
O006339,C01445,P0051,4,2026-06-13 04:00:00
O006340,C01210,P0017,1,2026-06-13 06:00:00
O006341,C02412,P0032,3,2026-06-13 08:00:00
O006342,C02426,P0026,1,2026-06-13 10:00:00
O006343,C00580,P0022,2,2026-06-13 12:00:00
O006344,C00891,P0013,1,2026-06-13 14:00:00
O006345,C00722,P0012,1,2026-06-13 16:00:00
O006346,C00881,P0071,4,2026-06-13 18:00:00
O006347,C01122,P0001,2,2026-06-13 20:00:00
O006348,C02653,P0033,5,2026-06-13 22:00:00
O006349,C02008,P0014,5,2026-06-14 00:00:00
O006350,C02070,P0064,5,2026-06-14 02:00:00
O006351,C01474,P0043,3,2026-06-14 04:00:00
O006352,C00383,P0058,5,2026-06-14 06:00:00
O006353,C02182,P0041,3,2026-06-14 08:00:00
O006354,C01450,P0081,1,2026-06-14 10:00:00
O006355,C02551,P0068,5,2026-06-14 12:00:00
O006356,C01591,P0039,4,2026-06-14 14:00:00
O006357,C01787,P0001,2,2026-06-14 16:00:00
O006358,C00144,P0041,2,2026-06-14 18:00:00
O006359,C01887,P0045,1,2026-06-14 20:00:00
O006360,C01703,P0088,2,2026-06-14 22:00:00
O006361,C01436,P0098,2,2026-06-15 00:00:00
O006362,C00224,P0098,1,2026-06-15 02:00:00
O006363,C00220,P0088,1,2026-06-15 04:00:00
O006364,C00179,P0079,1,2026-06-15 06:00:00
O006365,C01655,P0081,4,2026-06-15 08:00:00
O006366,C00433,P0013,1,2026-06-15 10:00:00
O006367,C00265,P0071,1,2026-06-15 12:00:00
O006368,C00954,P0009,1,2026-06-15 14:00:00
O006369,C00429,P0063,5,2026-06-15 16:00:00
O006370,C02464,P0099,5,2026-06-15 18:00:00
O006371,C02775,P0023,4,2026-06-15 20:00:00
O006372,C02245,P0054,4,2026-06-15 22:00:00
O006373,C01578,P0047,2,2026-06-16 00:00:00
O006374,C00480,P0039,5,2026-06-16 02:00:00
O006375,C01354,P0087,4,2026-06-16 04:00:00
O006376,C00890,P0026,4,2026-06-16 06:00:00
O006377,C00925,P0001,2,2026-06-16 08:00:00
O006378,C02171,P0014,1,2026-06-16 10:00:00
O006379,C01903,P0096,3,2026-06-16 12:00:00
O006380,C01411,P0074,2,2026-06-16 14:00:00
O006381,C01363,P0065,3,2026-06-16 16:00:00
O006382,C00778,P0069,2,2026-06-16 18:00:00
O006383,C02396,P0067,2,2026-06-16 20:00:00
O006384,C00029,P0049,1,2026-06-16 22:00:00
O006385,C00035,P0050,4,2026-06-17 00:00:00
O006386,C01420,P0058,5,2026-06-17 02:00:00
O006387,C02671,P0053,2,2026-06-17 04:00:00
O006388,C00589,P0091,1,2026-06-17 06:00:00
O006389,C00904,P0057,3,2026-06-17 08:00:00
O006390,C02568,P0086,4,2026-06-17 10:00:00
O006391,C02170,P0018,2,2026-06-17 12:00:00
O006392,C00340,P0016,3,2026-06-17 14:00:00
O006393,C00175,P0002,2,2026-06-17 16:00:00
O006394,C01924,P0013,5,2026-06-17 18:00:00
O006395,C01715,P0045,5,2026-06-17 20:00:00
O006396,C00597,P0080,4,2026-06-17 22:00:00
O006397,C00451,P0072,3,2026-06-18 00:00:00
O006398,C00557,P0043,5,2026-06-18 02:00:00
O006399,C01160,P0072,1,2026-06-18 04:00:00
O006400,C01357,P0054,4,2026-06-18 06:00:00
O006401,C02057,P0074,2,2026-06-18 08:00:00
O006402,C02382,P0097,3,2026-06-18 10:00:00
O006403,C01017,P0031,3,2026-06-18 12:00:00
O006404,C02375,P0076,1,2026-06-18 14:00:00
O006405,C02063,P0009,5,2026-06-18 16:00:00
O006406,C00839,P0073,3,2026-06-18 18:00:00
O006407,C01638,P0048,1,2026-06-18 20:00:00
O006408,C00226,P0018,1,2026-06-18 22:00:00
O006409,C01814,P0094,2,2026-06-19 00:00:00
O006410,C02161,P0096,1,2026-06-19 02:00:00
O006411,C02021,P0087,4,2026-06-19 04:00:00
O006412,C01452,P0011,3,2026-06-19 06:00:00
O006413,C02049,P0062,4,2026-06-19 08:00:00
O006414,C02314,P0084,1,2026-06-19 10:00:00
O006415,C01515,P0019,1,2026-06-19 12:00:00
O006416,C01232,P0100,4,2026-06-19 14:00:00
O006417,C01646,P0090,2,2026-06-19 16:00:00
O006418,C01736,P0074,1,2026-06-19 18:00:00
O006419,C03000,P0024,4,2026-06-19 20:00:00
O006420,C00306,P0013,4,2026-06-19 22:00:00
O006421,C02060,P0046,3,2026-06-20 00:00:00
O006422,C01724,P0053,2,2026-06-20 02:00:00
O006423,C01690,P0098,5,2026-06-20 04:00:00
O006424,C01518,P0029,4,2026-06-20 06:00:00
O006425,C01392,P0036,3,2026-06-20 08:00:00
O006426,C02985,P0071,5,2026-06-20 10:00:00
O006427,C00420,P0094,3,2026-06-20 12:00:00
O006428,C02937,P0017,3,2026-06-20 14:00:00
O006429,C02219,P0048,2,2026-06-20 16:00:00
O006430,C00134,P0077,1,2026-06-20 18:00:00
O006431,C02031,P0024,2,2026-06-20 20:00:00
O006432,C01451,P0054,5,2026-06-20 22:00:00
O006433,C01554,P0095,2,2026-06-21 00:00:00
O006434,C01165,P0091,1,2026-06-21 02:00:00
O006435,C01870,P0085,2,2026-06-21 04:00:00
O006436,C01820,P0001,2,2026-06-21 06:00:00
O006437,C02706,P0079,2,2026-06-21 08:00:00
O006438,C01343,P0067,4,2026-06-21 10:00:00
O006439,C01465,P0006,4,2026-06-21 12:00:00
O006440,C02227,P0078,2,2026-06-21 14:00:00
O006441,C01080,P0055,1,2026-06-21 16:00:00
O006442,C01179,P0038,1,2026-06-21 18:00:00
O006443,C01696,P0033,1,2026-06-21 20:00:00
O006444,C00111,P0008,1,2026-06-21 22:00:00
O006445,C02185,P0090,3,2026-06-22 00:00:00
O006446,C02280,P0079,2,2026-06-22 02:00:00
O006447,C00468,P0078,2,2026-06-22 04:00:00
O006448,C02780,P0020,3,2026-06-22 06:00:00
O006449,C02529,P0055,1,2026-06-22 08:00:00
O006450,C00814,P0048,5,2026-06-22 10:00:00
O006451,C01273,P0083,5,2026-06-22 12:00:00
O006452,C00994,P0056,3,2026-06-22 14:00:00
O006453,C02032,P0097,5,2026-06-22 16:00:00
O006454,C00323,P0100,4,2026-06-22 18:00:00
O006455,C02970,P0088,2,2026-06-22 20:00:00
O006456,C00904,P0010,5,2026-06-22 22:00:00
O006457,C01542,P0052,4,2026-06-23 00:00:00
O006458,C02000,P0050,2,2026-06-23 02:00:00
O006459,C01816,P0034,4,2026-06-23 04:00:00
O006460,C02654,P0036,2,2026-06-23 06:00:00
O006461,C02477,P0061,2,2026-06-23 08:00:00
O006462,C00148,P0100,5,2026-06-23 10:00:00
O006463,C01142,P0016,3,2026-06-23 12:00:00
O006464,C00850,P0079,5,2026-06-23 14:00:00
O006465,C00367,P0018,1,2026-06-23 16:00:00
O006466,C02898,P0071,4,2026-06-23 18:00:00
O006467,C01090,P0047,1,2026-06-23 20:00:00
O006468,C02039,P0086,2,2026-06-23 22:00:00
O006469,C02861,P0032,5,2026-06-24 00:00:00
O006470,C00175,P0043,1,2026-06-24 02:00:00
O006471,C01855,P0083,1,2026-06-24 04:00:00
O006472,C00588,P0040,1,2026-06-24 06:00:00
O006473,C00495,P0065,2,2026-06-24 08:00:00
O006474,C01138,P0035,2,2026-06-24 10:00:00
O006475,C01785,P0069,2,2026-06-24 12:00:00
O006476,C01171,P0050,1,2026-06-24 14:00:00
O006477,C00035,P0012,4,2026-06-24 16:00:00
O006478,C00999,P0076,5,2026-06-24 18:00:00
O006479,C01333,P0085,5,2026-06-24 20:00:00
O006480,C02586,P0058,2,2026-06-24 22:00:00
O006481,C02798,P0083,1,2026-06-25 00:00:00
O006482,C01038,P0063,4,2026-06-25 02:00:00
O006483,C00374,P0073,3,2026-06-25 04:00:00
O006484,C02605,P0049,2,2026-06-25 06:00:00
O006485,C01452,P0036,3,2026-06-25 08:00:00
O006486,C01752,P0054,5,2026-06-25 10:00:00
O006487,C02281,P0047,5,2026-06-25 12:00:00
O006488,C00705,P0032,4,2026-06-25 14:00:00
O006489,C00563,P0099,4,2026-06-25 16:00:00
O006490,C02987,P0095,3,2026-06-25 18:00:00
O006491,C02935,P0053,5,2026-06-25 20:00:00
O006492,C02774,P0032,4,2026-06-25 22:00:00
O006493,C01874,P0062,4,2026-06-26 00:00:00
O006494,C02124,P0037,5,2026-06-26 02:00:00
O006495,C00439,P0096,5,2026-06-26 04:00:00
O006496,C01884,P0038,1,2026-06-26 06:00:00
O006497,C01980,P0030,4,2026-06-26 08:00:00
O006498,C00699,P0058,3,2026-06-26 10:00:00
O006499,C01313,P0032,2,2026-06-26 12:00:00
O006500,C02963,P0066,2,2026-06-26 14:00:00
O006501,C01564,P0051,5,2026-06-26 16:00:00
O006502,C02939,P0011,3,2026-06-26 18:00:00
O006503,C00692,P0059,1,2026-06-26 20:00:00
O006504,C02301,P0020,4,2026-06-26 22:00:00
O006505,C01201,P0037,1,2026-06-27 00:00:00
O006506,C02458,P0073,3,2026-06-27 02:00:00
O006507,C01635,P0049,1,2026-06-27 04:00:00
O006508,C01634,P0019,5,2026-06-27 06:00:00
O006509,C00127,P0055,2,2026-06-27 08:00:00
O006510,C01507,P0040,5,2026-06-27 10:00:00
O006511,C01192,P0007,4,2026-06-27 12:00:00
O006512,C02640,P0005,5,2026-06-27 14:00:00
O006513,C00294,P0042,3,2026-06-27 16:00:00
O006514,C01367,P0088,3,2026-06-27 18:00:00
O006515,C01020,P0048,4,2026-06-27 20:00:00
O006516,C02358,P0007,4,2026-06-27 22:00:00
O006517,C02710,P0011,2,2026-06-28 00:00:00
O006518,C02576,P0073,1,2026-06-28 02:00:00
O006519,C02588,P0049,2,2026-06-28 04:00:00
O006520,C00419,P0030,5,2026-06-28 06:00:00
O006521,C00444,P0041,1,2026-06-28 08:00:00
O006522,C00685,P0003,4,2026-06-28 10:00:00
O006523,C02888,P0086,3,2026-06-28 12:00:00
O006524,C02284,P0040,5,2026-06-28 14:00:00
O006525,C01463,P0051,2,2026-06-28 16:00:00
O006526,C02262,P0084,4,2026-06-28 18:00:00
O006527,C00085,P0032,1,2026-06-28 20:00:00
O006528,C02842,P0048,1,2026-06-28 22:00:00
O006529,C01768,P0071,3,2026-06-29 00:00:00
O006530,C00085,P0071,4,2026-06-29 02:00:00
O006531,C01945,P0020,4,2026-06-29 04:00:00
O006532,C02113,P0089,5,2026-06-29 06:00:00
O006533,C01670,P0035,5,2026-06-29 08:00:00
O006534,C00663,P0024,1,2026-06-29 10:00:00
O006535,C00627,P0040,2,2026-06-29 12:00:00
O006536,C00064,P0077,1,2026-06-29 14:00:00
O006537,C02987,P0052,5,2026-06-29 16:00:00
O006538,C00919,P0039,5,2026-06-29 18:00:00
O006539,C01376,P0068,5,2026-06-29 20:00:00
O006540,C01182,P0061,1,2026-06-29 22:00:00
O006541,C01613,P0076,4,2026-06-30 00:00:00
O006542,C00491,P0081,2,2026-06-30 02:00:00
O006543,C01879,P0065,2,2026-06-30 04:00:00
O006544,C01941,P0062,5,2026-06-30 06:00:00
O006545,C00313,P0081,3,2026-06-30 08:00:00
O006546,C02663,P0002,1,2026-06-30 10:00:00
O006547,C00919,P0006,4,2026-06-30 12:00:00
O006548,C01883,P0075,5,2026-06-30 14:00:00
O006549,C00813,P0043,3,2026-06-30 16:00:00
O006550,C02988,P0082,5,2026-06-30 18:00:00
O006551,C01490,P0040,3,2026-06-30 20:00:00
O006552,C01327,P0089,2,2026-06-30 22:00:00
O006553,C00680,P0039,3,2026-07-01 00:00:00
O006554,C00435,P0028,2,2026-07-01 02:00:00
O006555,C00682,P0080,2,2026-07-01 04:00:00
O006556,C01159,P0063,1,2026-07-01 06:00:00
O006557,C01074,P0064,3,2026-07-01 08:00:00
O006558,C01456,P0012,4,2026-07-01 10:00:00
O006559,C02388,P0041,4,2026-07-01 12:00:00
O006560,C02395,P0029,3,2026-07-01 14:00:00
O006561,C02694,P0023,1,2026-07-01 16:00:00
O006562,C01371,P0085,4,2026-07-01 18:00:00
O006563,C00649,P0080,5,2026-07-01 20:00:00
O006564,C00245,P0051,4,2026-07-01 22:00:00
O006565,C02157,P0045,1,2026-07-02 00:00:00
O006566,C02581,P0090,2,2026-07-02 02:00:00
O006567,C00296,P0022,2,2026-07-02 04:00:00
O006568,C02160,P0010,2,2026-07-02 06:00:00
O006569,C01613,P0007,1,2026-07-02 08:00:00
O006570,C02391,P0073,2,2026-07-02 10:00:00
O006571,C02149,P0089,2,2026-07-02 12:00:00
O006572,C02677,P0015,1,2026-07-02 14:00:00
O006573,C01628,P0077,5,2026-07-02 16:00:00
O006574,C00028,P0046,4,2026-07-02 18:00:00
O006575,C02985,P0090,1,2026-07-02 20:00:00
O006576,C01986,P0085,1,2026-07-02 22:00:00
O006577,C01561,P0087,3,2026-07-03 00:00:00
O006578,C00058,P0061,2,2026-07-03 02:00:00
O006579,C01522,P0092,5,2026-07-03 04:00:00
O006580,C00297,P0061,3,2026-07-03 06:00:00
O006581,C02182,P0051,5,2026-07-03 08:00:00
O006582,C02297,P0038,2,2026-07-03 10:00:00
O006583,C02598,P0012,2,2026-07-03 12:00:00
O006584,C00902,P0088,2,2026-07-03 14:00:00
O006585,C01965,P0077,4,2026-07-03 16:00:00
O006586,C01099,P0066,5,2026-07-03 18:00:00
O006587,C01678,P0054,5,2026-07-03 20:00:00
O006588,C02882,P0039,3,2026-07-03 22:00:00
O006589,C01192,P0076,1,2026-07-04 00:00:00
O006590,C00771,P0039,2,2026-07-04 02:00:00
O006591,C01527,P0078,2,2026-07-04 04:00:00
O006592,C01379,P0030,3,2026-07-04 06:00:00
O006593,C01249,P0048,5,2026-07-04 08:00:00
O006594,C01555,P0083,4,2026-07-04 10:00:00
O006595,C00146,P0031,5,2026-07-04 12:00:00
O006596,C01984,P0025,4,2026-07-04 14:00:00
O006597,C01265,P0068,4,2026-07-04 16:00:00
O006598,C01908,P0051,5,2026-07-04 18:00:00
O006599,C02941,P0013,2,2026-07-04 20:00:00
O006600,C02392,P0100,4,2026-07-04 22:00:00
O006601,C01773,P0063,3,2026-07-05 00:00:00
O006602,C01059,P0042,3,2026-07-05 02:00:00
O006603,C02750,P0054,4,2026-07-05 04:00:00
O006604,C02049,P0067,2,2026-07-05 06:00:00
O006605,C02020,P0080,4,2026-07-05 08:00:00
O006606,C00153,P0090,3,2026-07-05 10:00:00
O006607,C02477,P0056,3,2026-07-05 12:00:00
O006608,C00508,P0019,5,2026-07-05 14:00:00
O006609,C00491,P0046,2,2026-07-05 16:00:00
O006610,C00345,P0015,5,2026-07-05 18:00:00
O006611,C01936,P0032,1,2026-07-05 20:00:00
O006612,C01762,P0049,4,2026-07-05 22:00:00
O006613,C00221,P0021,5,2026-07-06 00:00:00
O006614,C01939,P0065,2,2026-07-06 02:00:00
O006615,C01943,P0070,4,2026-07-06 04:00:00
O006616,C00723,P0027,4,2026-07-06 06:00:00
O006617,C00528,P0023,4,2026-07-06 08:00:00
O006618,C01523,P0047,4,2026-07-06 10:00:00
O006619,C02889,P0095,4,2026-07-06 12:00:00
O006620,C01665,P0012,2,2026-07-06 14:00:00
O006621,C00481,P0085,1,2026-07-06 16:00:00
O006622,C02978,P0066,3,2026-07-06 18:00:00
O006623,C01872,P0005,1,2026-07-06 20:00:00
O006624,C02920,P0009,3,2026-07-06 22:00:00
O006625,C01463,P0020,5,2026-07-07 00:00:00
O006626,C01426,P0082,4,2026-07-07 02:00:00
O006627,C00345,P0063,5,2026-07-07 04:00:00
O006628,C00045,P0086,5,2026-07-07 06:00:00
O006629,C02069,P0072,3,2026-07-07 08:00:00
O006630,C01658,P0098,2,2026-07-07 10:00:00
O006631,C01888,P0073,4,2026-07-07 12:00:00
O006632,C02921,P0071,5,2026-07-07 14:00:00
O006633,C02096,P0030,1,2026-07-07 16:00:00
O006634,C01515,P0082,4,2026-07-07 18:00:00
O006635,C02599,P0091,2,2026-07-07 20:00:00
O006636,C02335,P0016,4,2026-07-07 22:00:00
O006637,C01002,P0085,5,2026-07-08 00:00:00
O006638,C01034,P0005,1,2026-07-08 02:00:00
O006639,C02590,P0029,5,2026-07-08 04:00:00
O006640,C02041,P0047,2,2026-07-08 06:00:00
O006641,C02804,P0022,3,2026-07-08 08:00:00
O006642,C00274,P0078,1,2026-07-08 10:00:00
O006643,C00956,P0057,2,2026-07-08 12:00:00
O006644,C02648,P0083,2,2026-07-08 14:00:00
O006645,C01780,P0035,5,2026-07-08 16:00:00
O006646,C00381,P0088,5,2026-07-08 18:00:00
O006647,C01353,P0060,5,2026-07-08 20:00:00
O006648,C00479,P0070,3,2026-07-08 22:00:00
O006649,C02063,P0060,4,2026-07-09 00:00:00
O006650,C00516,P0058,4,2026-07-09 02:00:00
O006651,C00191,P0003,5,2026-07-09 04:00:00
O006652,C01192,P0034,5,2026-07-09 06:00:00
O006653,C02669,P0045,3,2026-07-09 08:00:00
O006654,C01161,P0050,4,2026-07-09 10:00:00
O006655,C02202,P0002,3,2026-07-09 12:00:00
O006656,C01412,P0015,2,2026-07-09 14:00:00
O006657,C00272,P0037,4,2026-07-09 16:00:00
O006658,C00143,P0015,5,2026-07-09 18:00:00
O006659,C01913,P0060,1,2026-07-09 20:00:00
O006660,C01093,P0096,2,2026-07-09 22:00:00
O006661,C02295,P0085,1,2026-07-10 00:00:00
O006662,C00788,P0064,3,2026-07-10 02:00:00
O006663,C02127,P0081,3,2026-07-10 04:00:00
O006664,C01682,P0098,3,2026-07-10 06:00:00
O006665,C00623,P0096,5,2026-07-10 08:00:00
O006666,C02573,P0052,3,2026-07-10 10:00:00
O006667,C02820,P0023,1,2026-07-10 12:00:00
O006668,C00938,P0099,2,2026-07-10 14:00:00
O006669,C01119,P0037,5,2026-07-10 16:00:00
O006670,C00617,P0041,2,2026-07-10 18:00:00
O006671,C01032,P0057,3,2026-07-10 20:00:00
O006672,C00067,P0097,4,2026-07-10 22:00:00
O006673,C00191,P0025,5,2026-07-11 00:00:00
O006674,C02816,P0037,3,2026-07-11 02:00:00
O006675,C00521,P0040,5,2026-07-11 04:00:00
O006676,C00990,P0085,4,2026-07-11 06:00:00
O006677,C01141,P0046,1,2026-07-11 08:00:00
O006678,C02315,P0060,1,2026-07-11 10:00:00
O006679,C01635,P0098,1,2026-07-11 12:00:00
O006680,C02533,P0019,4,2026-07-11 14:00:00
O006681,C01188,P0091,2,2026-07-11 16:00:00
O006682,C00376,P0009,4,2026-07-11 18:00:00
O006683,C00653,P0069,4,2026-07-11 20:00:00
O006684,C00549,P0005,3,2026-07-11 22:00:00
O006685,C01098,P0089,1,2026-07-12 00:00:00
O006686,C00073,P0026,5,2026-07-12 02:00:00
O006687,C02356,P0019,2,2026-07-12 04:00:00
O006688,C00199,P0030,5,2026-07-12 06:00:00
O006689,C01782,P0100,3,2026-07-12 08:00:00
O006690,C00572,P0048,3,2026-07-12 10:00:00
O006691,C00791,P0016,2,2026-07-12 12:00:00
O006692,C01639,P0071,5,2026-07-12 14:00:00
O006693,C01832,P0018,2,2026-07-12 16:00:00
O006694,C01856,P0056,2,2026-07-12 18:00:00
O006695,C01511,P0021,1,2026-07-12 20:00:00
O006696,C01175,P0031,5,2026-07-12 22:00:00
O006697,C00179,P0001,1,2026-07-13 00:00:00
O006698,C02245,P0003,1,2026-07-13 02:00:00
O006699,C00735,P0095,1,2026-07-13 04:00:00
O006700,C02137,P0025,4,2026-07-13 06:00:00
O006701,C00799,P0008,3,2026-07-13 08:00:00
O006702,C00788,P0065,3,2026-07-13 10:00:00
O006703,C02796,P0062,4,2026-07-13 12:00:00
O006704,C00209,P0007,2,2026-07-13 14:00:00
O006705,C00493,P0007,5,2026-07-13 16:00:00
O006706,C02713,P0008,5,2026-07-13 18:00:00
O006707,C01658,P0019,5,2026-07-13 20:00:00
O006708,C02919,P0017,1,2026-07-13 22:00:00
O006709,C00732,P0011,5,2026-07-14 00:00:00
O006710,C01130,P0049,5,2026-07-14 02:00:00
O006711,C01606,P0011,5,2026-07-14 04:00:00
O006712,C02746,P0041,3,2026-07-14 06:00:00
O006713,C00594,P0062,4,2026-07-14 08:00:00
O006714,C02934,P0052,2,2026-07-14 10:00:00
O006715,C02900,P0066,4,2026-07-14 12:00:00
O006716,C01216,P0068,5,2026-07-14 14:00:00
O006717,C00325,P0092,2,2026-07-14 16:00:00
O006718,C00979,P0097,2,2026-07-14 18:00:00
O006719,C01750,P0075,4,2026-07-14 20:00:00
O006720,C01851,P0067,4,2026-07-14 22:00:00
O006721,C01491,P0040,4,2026-07-15 00:00:00
O006722,C00894,P0005,4,2026-07-15 02:00:00
O006723,C01391,P0085,1,2026-07-15 04:00:00
O006724,C00144,P0022,3,2026-07-15 06:00:00
O006725,C00384,P0037,3,2026-07-15 08:00:00
O006726,C02264,P0011,5,2026-07-15 10:00:00
O006727,C02372,P0044,1,2026-07-15 12:00:00
O006728,C00217,P0086,2,2026-07-15 14:00:00
O006729,C01516,P0053,4,2026-07-15 16:00:00
O006730,C02999,P0077,5,2026-07-15 18:00:00
O006731,C02231,P0061,2,2026-07-15 20:00:00
O006732,C02318,P0067,3,2026-07-15 22:00:00
O006733,C02993,P0013,2,2026-07-16 00:00:00
O006734,C01491,P0092,4,2026-07-16 02:00:00
O006735,C02918,P0011,4,2026-07-16 04:00:00
O006736,C01636,P0011,3,2026-07-16 06:00:00
O006737,C02515,P0085,4,2026-07-16 08:00:00
O006738,C02353,P0085,1,2026-07-16 10:00:00
O006739,C01168,P0007,5,2026-07-16 12:00:00
O006740,C00111,P0017,3,2026-07-16 14:00:00
O006741,C01014,P0048,3,2026-07-16 16:00:00
O006742,C00232,P0014,2,2026-07-16 18:00:00
O006743,C01715,P0063,3,2026-07-16 20:00:00
O006744,C01756,P0064,5,2026-07-16 22:00:00
O006745,C02643,P0097,1,2026-07-17 00:00:00
O006746,C01578,P0075,2,2026-07-17 02:00:00
O006747,C01297,P0077,5,2026-07-17 04:00:00
O006748,C02221,P0065,3,2026-07-17 06:00:00
O006749,C00973,P0034,4,2026-07-17 08:00:00
O006750,C01031,P0009,4,2026-07-17 10:00:00
O006751,C02594,P0077,5,2026-07-17 12:00:00
O006752,C02596,P0037,1,2026-07-17 14:00:00
O006753,C00518,P0030,4,2026-07-17 16:00:00
O006754,C00914,P0041,5,2026-07-17 18:00:00
O006755,C02263,P0045,2,2026-07-17 20:00:00
O006756,C02182,P0047,3,2026-07-17 22:00:00
O006757,C02333,P0007,1,2026-07-18 00:00:00
O006758,C01945,P0014,1,2026-07-18 02:00:00
O006759,C01463,P0048,2,2026-07-18 04:00:00
O006760,C01873,P0006,1,2026-07-18 06:00:00
O006761,C02734,P0034,5,2026-07-18 08:00:00
O006762,C02379,P0080,1,2026-07-18 10:00:00
O006763,C02942,P0100,1,2026-07-18 12:00:00
O006764,C01308,P0046,1,2026-07-18 14:00:00
O006765,C00899,P0059,5,2026-07-18 16:00:00
O006766,C01099,P0070,3,2026-07-18 18:00:00
O006767,C01190,P0008,4,2026-07-18 20:00:00
O006768,C01213,P0024,1,2026-07-18 22:00:00
O006769,C02126,P0067,2,2026-07-19 00:00:00
O006770,C02995,P0004,2,2026-07-19 02:00:00
O006771,C00688,P0096,5,2026-07-19 04:00:00
O006772,C02069,P0001,3,2026-07-19 06:00:00
O006773,C00566,P0034,1,2026-07-19 08:00:00
O006774,C01208,P0009,5,2026-07-19 10:00:00
O006775,C01895,P0063,4,2026-07-19 12:00:00
O006776,C00827,P0076,3,2026-07-19 14:00:00
O006777,C01352,P0010,3,2026-07-19 16:00:00
O006778,C02227,P0010,5,2026-07-19 18:00:00
O006779,C01812,P0050,2,2026-07-19 20:00:00
O006780,C01083,P0044,3,2026-07-19 22:00:00
O006781,C01351,P0048,2,2026-07-20 00:00:00
O006782,C02953,P0087,3,2026-07-20 02:00:00
O006783,C01645,P0006,3,2026-07-20 04:00:00
O006784,C02717,P0088,3,2026-07-20 06:00:00
O006785,C00191,P0024,4,2026-07-20 08:00:00
O006786,C01224,P0085,2,2026-07-20 10:00:00
O006787,C01336,P0095,4,2026-07-20 12:00:00
O006788,C00708,P0058,2,2026-07-20 14:00:00
O006789,C00379,P0064,4,2026-07-20 16:00:00
O006790,C00387,P0094,4,2026-07-20 18:00:00
O006791,C02285,P0056,4,2026-07-20 20:00:00
O006792,C00616,P0098,5,2026-07-20 22:00:00
O006793,C01543,P0082,4,2026-07-21 00:00:00
O006794,C02331,P0012,3,2026-07-21 02:00:00
O006795,C02049,P0035,1,2026-07-21 04:00:00
O006796,C01755,P0071,4,2026-07-21 06:00:00
O006797,C00464,P0089,1,2026-07-21 08:00:00
O006798,C00967,P0006,1,2026-07-21 10:00:00
O006799,C00172,P0065,3,2026-07-21 12:00:00
O006800,C01147,P0080,1,2026-07-21 14:00:00
O006801,C00843,P0060,1,2026-07-21 16:00:00
O006802,C01322,P0068,1,2026-07-21 18:00:00
O006803,C01909,P0029,2,2026-07-21 20:00:00
O006804,C00690,P0038,4,2026-07-21 22:00:00
O006805,C02623,P0092,4,2026-07-22 00:00:00
O006806,C01508,P0022,1,2026-07-22 02:00:00
O006807,C02213,P0008,3,2026-07-22 04:00:00
O006808,C02025,P0063,2,2026-07-22 06:00:00
O006809,C01723,P0096,3,2026-07-22 08:00:00
O006810,C00383,P0097,3,2026-07-22 10:00:00
O006811,C02257,P0013,1,2026-07-22 12:00:00
O006812,C01413,P0027,5,2026-07-22 14:00:00
O006813,C01584,P0018,1,2026-07-22 16:00:00
O006814,C02272,P0018,5,2026-07-22 18:00:00
O006815,C02051,P0077,2,2026-07-22 20:00:00
O006816,C00372,P0086,5,2026-07-22 22:00:00
O006817,C01711,P0062,1,2026-07-23 00:00:00
O006818,C01470,P0014,1,2026-07-23 02:00:00
O006819,C00611,P0011,3,2026-07-23 04:00:00
O006820,C00116,P0086,1,2026-07-23 06:00:00
O006821,C00447,P0100,1,2026-07-23 08:00:00
O006822,C01392,P0017,4,2026-07-23 10:00:00
O006823,C01341,P0051,4,2026-07-23 12:00:00
O006824,C00415,P0096,3,2026-07-23 14:00:00
O006825,C01809,P0014,5,2026-07-23 16:00:00
O006826,C02940,P0057,5,2026-07-23 18:00:00
O006827,C01048,P0093,4,2026-07-23 20:00:00
O006828,C02711,P0006,2,2026-07-23 22:00:00
O006829,C01874,P0057,4,2026-07-24 00:00:00
O006830,C01074,P0004,2,2026-07-24 02:00:00
O006831,C00718,P0011,5,2026-07-24 04:00:00
O006832,C01359,P0074,4,2026-07-24 06:00:00
O006833,C01606,P0092,1,2026-07-24 08:00:00
O006834,C02319,P0011,2,2026-07-24 10:00:00
O006835,C00562,P0099,2,2026-07-24 12:00:00
O006836,C02852,P0079,2,2026-07-24 14:00:00
O006837,C02295,P0008,5,2026-07-24 16:00:00
O006838,C00387,P0084,3,2026-07-24 18:00:00
O006839,C00702,P0059,1,2026-07-24 20:00:00
O006840,C02607,P0021,4,2026-07-24 22:00:00
O006841,C00973,P0065,2,2026-07-25 00:00:00
O006842,C01385,P0093,5,2026-07-25 02:00:00
O006843,C00984,P0024,2,2026-07-25 04:00:00
O006844,C01512,P0030,4,2026-07-25 06:00:00
O006845,C00352,P0099,1,2026-07-25 08:00:00
O006846,C01725,P0097,2,2026-07-25 10:00:00
O006847,C01952,P0084,5,2026-07-25 12:00:00
O006848,C01280,P0057,5,2026-07-25 14:00:00
O006849,C01908,P0080,3,2026-07-25 16:00:00
O006850,C00753,P0073,5,2026-07-25 18:00:00
O006851,C02829,P0095,3,2026-07-25 20:00:00
O006852,C01025,P0017,1,2026-07-25 22:00:00
O006853,C00546,P0059,4,2026-07-26 00:00:00
O006854,C01470,P0031,3,2026-07-26 02:00:00
O006855,C00079,P0064,2,2026-07-26 04:00:00
O006856,C01260,P0048,2,2026-07-26 06:00:00
O006857,C02382,P0023,4,2026-07-26 08:00:00
O006858,C00889,P0070,5,2026-07-26 10:00:00
O006859,C01106,P0030,2,2026-07-26 12:00:00
O006860,C02550,P0055,3,2026-07-26 14:00:00
O006861,C01991,P0007,4,2026-07-26 16:00:00
O006862,C01501,P0075,2,2026-07-26 18:00:00
O006863,C02813,P0098,5,2026-07-26 20:00:00
O006864,C00921,P0012,5,2026-07-26 22:00:00
O006865,C00550,P0060,2,2026-07-27 00:00:00
O006866,C02062,P0052,4,2026-07-27 02:00:00
O006867,C00392,P0027,1,2026-07-27 04:00:00
O006868,C02358,P0012,2,2026-07-27 06:00:00
O006869,C02434,P0013,5,2026-07-27 08:00:00
O006870,C01381,P0072,1,2026-07-27 10:00:00
O006871,C00974,P0080,4,2026-07-27 12:00:00
O006872,C00340,P0062,5,2026-07-27 14:00:00
O006873,C02645,P0029,4,2026-07-27 16:00:00
O006874,C00757,P0035,2,2026-07-27 18:00:00
O006875,C01046,P0060,4,2026-07-27 20:00:00
O006876,C02339,P0029,5,2026-07-27 22:00:00
O006877,C02354,P0031,2,2026-07-28 00:00:00
O006878,C02682,P0077,5,2026-07-28 02:00:00
O006879,C02673,P0076,5,2026-07-28 04:00:00
O006880,C00939,P0061,1,2026-07-28 06:00:00
O006881,C00848,P0002,3,2026-07-28 08:00:00
O006882,C00442,P0033,4,2026-07-28 10:00:00
O006883,C02551,P0072,4,2026-07-28 12:00:00
O006884,C00130,P0062,1,2026-07-28 14:00:00
O006885,C00597,P0059,4,2026-07-28 16:00:00
O006886,C01959,P0040,1,2026-07-28 18:00:00
O006887,C01506,P0049,4,2026-07-28 20:00:00
O006888,C00862,P0032,4,2026-07-28 22:00:00
O006889,C02641,P0038,5,2026-07-29 00:00:00
O006890,C00999,P0092,1,2026-07-29 02:00:00
O006891,C02373,P0079,4,2026-07-29 04:00:00
O006892,C02496,P0087,3,2026-07-29 06:00:00
O006893,C01552,P0088,1,2026-07-29 08:00:00
O006894,C02867,P0013,1,2026-07-29 10:00:00
O006895,C01641,P0085,1,2026-07-29 12:00:00
O006896,C01512,P0054,5,2026-07-29 14:00:00
O006897,C01737,P0076,1,2026-07-29 16:00:00
O006898,C02757,P0013,5,2026-07-29 18:00:00
O006899,C01450,P0039,3,2026-07-29 20:00:00
O006900,C01858,P0023,2,2026-07-29 22:00:00
O006901,C00265,P0092,5,2026-07-30 00:00:00
O006902,C02660,P0014,4,2026-07-30 02:00:00
O006903,C02880,P0017,1,2026-07-30 04:00:00
O006904,C02722,P0024,2,2026-07-30 06:00:00
O006905,C01463,P0058,5,2026-07-30 08:00:00
O006906,C00157,P0063,4,2026-07-30 10:00:00
O006907,C01446,P0034,2,2026-07-30 12:00:00
O006908,C02299,P0051,3,2026-07-30 14:00:00
O006909,C02926,P0086,5,2026-07-30 16:00:00
O006910,C01633,P0010,5,2026-07-30 18:00:00
O006911,C02578,P0072,3,2026-07-30 20:00:00
O006912,C02375,P0021,5,2026-07-30 22:00:00
O006913,C00895,P0037,1,2026-07-31 00:00:00
O006914,C02145,P0007,5,2026-07-31 02:00:00
O006915,C00513,P0090,1,2026-07-31 04:00:00
O006916,C00216,P0013,5,2026-07-31 06:00:00
O006917,C02173,P0080,4,2026-07-31 08:00:00
O006918,C01707,P0030,4,2026-07-31 10:00:00
O006919,C02107,P0031,2,2026-07-31 12:00:00
O006920,C01568,P0005,4,2026-07-31 14:00:00
O006921,C02209,P0032,3,2026-07-31 16:00:00
O006922,C02332,P0016,2,2026-07-31 18:00:00
O006923,C02154,P0073,4,2026-07-31 20:00:00
O006924,C01129,P0022,1,2026-07-31 22:00:00
O006925,C00228,P0064,5,2026-08-01 00:00:00
O006926,C02366,P0044,4,2026-08-01 02:00:00
O006927,C01488,P0040,1,2026-08-01 04:00:00
O006928,C00802,P0037,2,2026-08-01 06:00:00
O006929,C01623,P0078,5,2026-08-01 08:00:00
O006930,C01906,P0016,4,2026-08-01 10:00:00
O006931,C02922,P0043,2,2026-08-01 12:00:00
O006932,C00472,P0084,4,2026-08-01 14:00:00
O006933,C01080,P0063,2,2026-08-01 16:00:00
O006934,C02673,P0015,4,2026-08-01 18:00:00
O006935,C02061,P0044,1,2026-08-01 20:00:00
O006936,C01042,P0090,3,2026-08-01 22:00:00
O006937,C02742,P0009,1,2026-08-02 00:00:00
O006938,C02161,P0065,5,2026-08-02 02:00:00
O006939,C00229,P0099,4,2026-08-02 04:00:00
O006940,C00171,P0044,3,2026-08-02 06:00:00
O006941,C00295,P0020,3,2026-08-02 08:00:00
O006942,C00189,P0070,5,2026-08-02 10:00:00
O006943,C00426,P0074,5,2026-08-02 12:00:00
O006944,C00977,P0033,3,2026-08-02 14:00:00
O006945,C01103,P0080,5,2026-08-02 16:00:00
O006946,C02706,P0100,5,2026-08-02 18:00:00
O006947,C00919,P0006,4,2026-08-02 20:00:00
O006948,C00499,P0083,1,2026-08-02 22:00:00
O006949,C01822,P0031,2,2026-08-03 00:00:00
O006950,C02810,P0066,3,2026-08-03 02:00:00
O006951,C00866,P0018,2,2026-08-03 04:00:00
O006952,C00826,P0028,3,2026-08-03 06:00:00
O006953,C01859,P0068,3,2026-08-03 08:00:00
O006954,C02119,P0065,1,2026-08-03 10:00:00
O006955,C02296,P0080,3,2026-08-03 12:00:00
O006956,C00146,P0045,3,2026-08-03 14:00:00
O006957,C01642,P0058,1,2026-08-03 16:00:00
O006958,C01320,P0047,5,2026-08-03 18:00:00
O006959,C02630,P0066,2,2026-08-03 20:00:00
O006960,C00470,P0052,3,2026-08-03 22:00:00
O006961,C00193,P0036,1,2026-08-04 00:00:00
O006962,C01092,P0001,3,2026-08-04 02:00:00
O006963,C02542,P0039,1,2026-08-04 04:00:00
O006964,C00052,P0087,2,2026-08-04 06:00:00
O006965,C02930,P0090,4,2026-08-04 08:00:00
O006966,C02411,P0075,5,2026-08-04 10:00:00
O006967,C01821,P0001,4,2026-08-04 12:00:00
O006968,C02965,P0075,1,2026-08-04 14:00:00
O006969,C02522,P0088,3,2026-08-04 16:00:00
O006970,C01870,P0074,5,2026-08-04 18:00:00
O006971,C02569,P0014,2,2026-08-04 20:00:00
O006972,C01787,P0078,5,2026-08-04 22:00:00
O006973,C01455,P0071,3,2026-08-05 00:00:00
O006974,C01868,P0023,4,2026-08-05 02:00:00
O006975,C02739,P0043,1,2026-08-05 04:00:00
O006976,C02580,P0022,4,2026-08-05 06:00:00
O006977,C02008,P0060,5,2026-08-05 08:00:00
O006978,C01435,P0100,3,2026-08-05 10:00:00
O006979,C00840,P0027,1,2026-08-05 12:00:00
O006980,C00241,P0056,3,2026-08-05 14:00:00
O006981,C00536,P0002,3,2026-08-05 16:00:00
O006982,C01408,P0039,5,2026-08-05 18:00:00
O006983,C00083,P0051,4,2026-08-05 20:00:00
O006984,C00982,P0019,3,2026-08-05 22:00:00
O006985,C00951,P0062,3,2026-08-06 00:00:00
O006986,C00611,P0071,3,2026-08-06 02:00:00
O006987,C00574,P0076,1,2026-08-06 04:00:00
O006988,C02334,P0067,3,2026-08-06 06:00:00
O006989,C00989,P0063,3,2026-08-06 08:00:00
O006990,C00459,P0005,5,2026-08-06 10:00:00
O006991,C02174,P0072,3,2026-08-06 12:00:00
O006992,C01523,P0078,3,2026-08-06 14:00:00
O006993,C02473,P0061,5,2026-08-06 16:00:00
O006994,C02602,P0100,1,2026-08-06 18:00:00
O006995,C02658,P0071,4,2026-08-06 20:00:00
O006996,C01985,P0007,5,2026-08-06 22:00:00
O006997,C01567,P0050,1,2026-08-07 00:00:00
O006998,C02160,P0046,4,2026-08-07 02:00:00
O006999,C02450,P0096,3,2026-08-07 04:00:00
O007000,C00122,P0072,5,2026-08-07 06:00:00
O007001,C00273,P0076,3,2026-08-07 08:00:00
O007002,C01318,P0074,5,2026-08-07 10:00:00
O007003,C00398,P0014,4,2026-08-07 12:00:00
O007004,C02519,P0073,1,2026-08-07 14:00:00
O007005,C00985,P0094,5,2026-08-07 16:00:00
O007006,C01231,P0069,1,2026-08-07 18:00:00
O007007,C01134,P0065,3,2026-08-07 20:00:00
O007008,C01302,P0065,3,2026-08-07 22:00:00
O007009,C01911,P0057,4,2026-08-08 00:00:00
O007010,C02617,P0062,4,2026-08-08 02:00:00
O007011,C01506,P0020,2,2026-08-08 04:00:00
O007012,C01917,P0075,2,2026-08-08 06:00:00
O007013,C02945,P0026,4,2026-08-08 08:00:00
O007014,C00820,P0044,3,2026-08-08 10:00:00
O007015,C02901,P0067,1,2026-08-08 12:00:00
O007016,C02758,P0070,4,2026-08-08 14:00:00
O007017,C01957,P0062,1,2026-08-08 16:00:00
O007018,C02369,P0045,2,2026-08-08 18:00:00
O007019,C00179,P0011,1,2026-08-08 20:00:00
O007020,C00897,P0072,4,2026-08-08 22:00:00
O007021,C02267,P0093,3,2026-08-09 00:00:00
O007022,C02837,P0074,4,2026-08-09 02:00:00
O007023,C01973,P0034,5,2026-08-09 04:00:00
O007024,C01552,P0088,5,2026-08-09 06:00:00
O007025,C00492,P0046,5,2026-08-09 08:00:00
O007026,C00061,P0081,3,2026-08-09 10:00:00
O007027,C01078,P0032,4,2026-08-09 12:00:00
O007028,C01704,P0075,5,2026-08-09 14:00:00
O007029,C02586,P0098,4,2026-08-09 16:00:00
O007030,C02896,P0088,2,2026-08-09 18:00:00
O007031,C00065,P0005,5,2026-08-09 20:00:00
O007032,C00586,P0063,5,2026-08-09 22:00:00
O007033,C01728,P0029,3,2026-08-10 00:00:00
O007034,C02219,P0048,4,2026-08-10 02:00:00
O007035,C00535,P0098,3,2026-08-10 04:00:00
O007036,C02741,P0016,3,2026-08-10 06:00:00
O007037,C02156,P0025,4,2026-08-10 08:00:00
O007038,C01871,P0072,2,2026-08-10 10:00:00
O007039,C02862,P0029,4,2026-08-10 12:00:00
O007040,C01005,P0052,2,2026-08-10 14:00:00
O007041,C02500,P0046,3,2026-08-10 16:00:00
O007042,C01230,P0025,2,2026-08-10 18:00:00
O007043,C02638,P0023,2,2026-08-10 20:00:00
O007044,C01040,P0034,2,2026-08-10 22:00:00
O007045,C00327,P0067,5,2026-08-11 00:00:00
O007046,C00608,P0094,5,2026-08-11 02:00:00
O007047,C02707,P0034,3,2026-08-11 04:00:00
O007048,C00002,P0032,4,2026-08-11 06:00:00
O007049,C01034,P0029,2,2026-08-11 08:00:00
O007050,C02482,P0009,5,2026-08-11 10:00:00
O007051,C00125,P0066,4,2026-08-11 12:00:00
O007052,C01105,P0057,2,2026-08-11 14:00:00
O007053,C02533,P0039,4,2026-08-11 16:00:00
O007054,C02700,P0007,1,2026-08-11 18:00:00
O007055,C01862,P0069,2,2026-08-11 20:00:00
O007056,C01174,P0008,4,2026-08-11 22:00:00
O007057,C02848,P0096,2,2026-08-12 00:00:00
O007058,C02921,P0018,2,2026-08-12 02:00:00
O007059,C00129,P0082,1,2026-08-12 04:00:00
O007060,C00438,P0049,4,2026-08-12 06:00:00
O007061,C00751,P0016,3,2026-08-12 08:00:00
O007062,C02549,P0021,5,2026-08-12 10:00:00
O007063,C01222,P0010,2,2026-08-12 12:00:00
O007064,C02259,P0004,2,2026-08-12 14:00:00
O007065,C00902,P0044,2,2026-08-12 16:00:00
O007066,C02093,P0008,2,2026-08-12 18:00:00
O007067,C01303,P0055,5,2026-08-12 20:00:00
O007068,C02583,P0019,3,2026-08-12 22:00:00
O007069,C01434,P0064,1,2026-08-13 00:00:00
O007070,C02509,P0040,3,2026-08-13 02:00:00
O007071,C00391,P0051,5,2026-08-13 04:00:00
O007072,C01068,P0009,4,2026-08-13 06:00:00
O007073,C00027,P0030,1,2026-08-13 08:00:00
O007074,C02842,P0056,1,2026-08-13 10:00:00
O007075,C00548,P0081,4,2026-08-13 12:00:00
O007076,C02669,P0044,2,2026-08-13 14:00:00
O007077,C00567,P0059,5,2026-08-13 16:00:00
O007078,C00704,P0015,4,2026-08-13 18:00:00
O007079,C01243,P0068,3,2026-08-13 20:00:00
O007080,C00185,P0070,3,2026-08-13 22:00:00
O007081,C01591,P0061,4,2026-08-14 00:00:00
O007082,C01914,P0080,5,2026-08-14 02:00:00
O007083,C00848,P0090,1,2026-08-14 04:00:00
O007084,C00599,P0023,1,2026-08-14 06:00:00
O007085,C00806,P0077,2,2026-08-14 08:00:00
O007086,C01358,P0047,5,2026-08-14 10:00:00
O007087,C02127,P0017,3,2026-08-14 12:00:00
O007088,C02627,P0057,3,2026-08-14 14:00:00
O007089,C01879,P0054,2,2026-08-14 16:00:00
O007090,C02461,P0091,3,2026-08-14 18:00:00
O007091,C00546,P0052,2,2026-08-14 20:00:00
O007092,C01633,P0022,2,2026-08-14 22:00:00
O007093,C02217,P0083,4,2026-08-15 00:00:00
O007094,C02729,P0039,1,2026-08-15 02:00:00
O007095,C02631,P0099,5,2026-08-15 04:00:00
O007096,C02563,P0013,5,2026-08-15 06:00:00
O007097,C02080,P0078,1,2026-08-15 08:00:00
O007098,C02335,P0095,5,2026-08-15 10:00:00
O007099,C02642,P0066,3,2026-08-15 12:00:00
O007100,C01927,P0052,3,2026-08-15 14:00:00
O007101,C00617,P0014,5,2026-08-15 16:00:00
O007102,C02318,P0073,4,2026-08-15 18:00:00
O007103,C01204,P0074,5,2026-08-15 20:00:00
O007104,C01760,P0063,2,2026-08-15 22:00:00
O007105,C02566,P0071,2,2026-08-16 00:00:00
O007106,C02631,P0028,1,2026-08-16 02:00:00
O007107,C00226,P0089,3,2026-08-16 04:00:00
O007108,C00670,P0046,4,2026-08-16 06:00:00
O007109,C01764,P0028,5,2026-08-16 08:00:00
O007110,C00917,P0002,2,2026-08-16 10:00:00
O007111,C02174,P0017,3,2026-08-16 12:00:00
O007112,C02122,P0059,3,2026-08-16 14:00:00
O007113,C01215,P0052,4,2026-08-16 16:00:00
O007114,C01706,P0004,4,2026-08-16 18:00:00
O007115,C01843,P0077,4,2026-08-16 20:00:00
O007116,C01984,P0082,4,2026-08-16 22:00:00
O007117,C00056,P0003,2,2026-08-17 00:00:00
O007118,C00720,P0037,4,2026-08-17 02:00:00
O007119,C02601,P0097,3,2026-08-17 04:00:00
O007120,C02080,P0024,3,2026-08-17 06:00:00
O007121,C00574,P0072,5,2026-08-17 08:00:00
O007122,C00667,P0035,3,2026-08-17 10:00:00
O007123,C00284,P0002,3,2026-08-17 12:00:00
O007124,C01745,P0033,2,2026-08-17 14:00:00
O007125,C02235,P0076,3,2026-08-17 16:00:00
O007126,C00498,P0086,1,2026-08-17 18:00:00
O007127,C01466,P0077,3,2026-08-17 20:00:00
O007128,C00130,P0010,5,2026-08-17 22:00:00
O007129,C00639,P0081,5,2026-08-18 00:00:00
O007130,C02162,P0062,4,2026-08-18 02:00:00
O007131,C02061,P0043,2,2026-08-18 04:00:00
O007132,C02492,P0069,5,2026-08-18 06:00:00
O007133,C02495,P0059,1,2026-08-18 08:00:00
O007134,C00986,P0009,1,2026-08-18 10:00:00
O007135,C00993,P0077,4,2026-08-18 12:00:00
O007136,C02763,P0060,2,2026-08-18 14:00:00
O007137,C02122,P0063,2,2026-08-18 16:00:00
O007138,C02585,P0052,3,2026-08-18 18:00:00
O007139,C00101,P0023,1,2026-08-18 20:00:00
O007140,C02224,P0030,1,2026-08-18 22:00:00
O007141,C00427,P0043,1,2026-08-19 00:00:00
O007142,C00041,P0068,1,2026-08-19 02:00:00
O007143,C00429,P0021,5,2026-08-19 04:00:00
O007144,C00344,P0043,2,2026-08-19 06:00:00
O007145,C00366,P0073,3,2026-08-19 08:00:00
O007146,C00609,P0007,5,2026-08-19 10:00:00
O007147,C02705,P0016,2,2026-08-19 12:00:00
O007148,C00728,P0023,4,2026-08-19 14:00:00
O007149,C02277,P0058,1,2026-08-19 16:00:00
O007150,C00825,P0087,3,2026-08-19 18:00:00
O007151,C01376,P0031,2,2026-08-19 20:00:00
O007152,C00889,P0069,4,2026-08-19 22:00:00
O007153,C02044,P0006,1,2026-08-20 00:00:00
O007154,C01342,P0065,4,2026-08-20 02:00:00
O007155,C02884,P0059,4,2026-08-20 04:00:00
O007156,C01297,P0028,5,2026-08-20 06:00:00
O007157,C00117,P0018,4,2026-08-20 08:00:00
O007158,C02866,P0088,5,2026-08-20 10:00:00
O007159,C02416,P0077,5,2026-08-20 12:00:00
O007160,C01118,P0097,4,2026-08-20 14:00:00
O007161,C00168,P0010,2,2026-08-20 16:00:00
O007162,C01739,P0007,4,2026-08-20 18:00:00
O007163,C01365,P0037,4,2026-08-20 20:00:00
O007164,C02709,P0096,2,2026-08-20 22:00:00
O007165,C00695,P0045,1,2026-08-21 00:00:00
O007166,C00925,P0086,3,2026-08-21 02:00:00
O007167,C00152,P0016,1,2026-08-21 04:00:00
O007168,C00586,P0088,4,2026-08-21 06:00:00
O007169,C00913,P0014,1,2026-08-21 08:00:00
O007170,C02322,P0011,3,2026-08-21 10:00:00
O007171,C01578,P0083,1,2026-08-21 12:00:00
O007172,C00496,P0087,3,2026-08-21 14:00:00
O007173,C02149,P0034,1,2026-08-21 16:00:00
O007174,C00557,P0060,5,2026-08-21 18:00:00
O007175,C01106,P0013,4,2026-08-21 20:00:00
O007176,C01553,P0039,3,2026-08-21 22:00:00
O007177,C02121,P0044,4,2026-08-22 00:00:00
O007178,C00157,P0028,5,2026-08-22 02:00:00
O007179,C00735,P0040,1,2026-08-22 04:00:00
O007180,C02180,P0016,4,2026-08-22 06:00:00
O007181,C01428,P0050,1,2026-08-22 08:00:00
O007182,C00559,P0028,1,2026-08-22 10:00:00
O007183,C02155,P0068,4,2026-08-22 12:00:00
O007184,C02313,P0092,3,2026-08-22 14:00:00
O007185,C00155,P0060,3,2026-08-22 16:00:00
O007186,C00997,P0012,4,2026-08-22 18:00:00
O007187,C02295,P0016,3,2026-08-22 20:00:00
O007188,C00531,P0053,2,2026-08-22 22:00:00
O007189,C02906,P0054,1,2026-08-23 00:00:00
O007190,C01972,P0049,4,2026-08-23 02:00:00
O007191,C02586,P0036,5,2026-08-23 04:00:00
O007192,C00729,P0062,4,2026-08-23 06:00:00
O007193,C01178,P0084,4,2026-08-23 08:00:00
O007194,C00154,P0026,1,2026-08-23 10:00:00
O007195,C00092,P0056,5,2026-08-23 12:00:00
O007196,C02386,P0090,1,2026-08-23 14:00:00
O007197,C01504,P0022,3,2026-08-23 16:00:00
O007198,C01717,P0073,4,2026-08-23 18:00:00
O007199,C02498,P0069,1,2026-08-23 20:00:00
O007200,C02017,P0081,2,2026-08-23 22:00:00
O007201,C02858,P0049,4,2026-08-24 00:00:00
O007202,C00787,P0098,3,2026-08-24 02:00:00
O007203,C00273,P0002,1,2026-08-24 04:00:00
O007204,C02028,P0053,1,2026-08-24 06:00:00
O007205,C02636,P0007,2,2026-08-24 08:00:00
O007206,C00177,P0100,3,2026-08-24 10:00:00
O007207,C02879,P0077,2,2026-08-24 12:00:00
O007208,C00643,P0020,4,2026-08-24 14:00:00
O007209,C01899,P0094,5,2026-08-24 16:00:00
O007210,C00567,P0030,1,2026-08-24 18:00:00
O007211,C00666,P0075,2,2026-08-24 20:00:00
O007212,C01332,P0095,1,2026-08-24 22:00:00
O007213,C02916,P0067,1,2026-08-25 00:00:00
O007214,C01799,P0059,2,2026-08-25 02:00:00
O007215,C01070,P0066,1,2026-08-25 04:00:00
O007216,C02350,P0003,3,2026-08-25 06:00:00
O007217,C02916,P0056,3,2026-08-25 08:00:00
O007218,C02960,P0079,5,2026-08-25 10:00:00
O007219,C00408,P0017,3,2026-08-25 12:00:00
O007220,C01213,P0052,2,2026-08-25 14:00:00
O007221,C02870,P0007,3,2026-08-25 16:00:00
O007222,C01854,P0005,5,2026-08-25 18:00:00
O007223,C01153,P0098,4,2026-08-25 20:00:00
O007224,C02609,P0097,4,2026-08-25 22:00:00
O007225,C01142,P0054,2,2026-08-26 00:00:00
O007226,C02512,P0061,5,2026-08-26 02:00:00
O007227,C00144,P0016,3,2026-08-26 04:00:00
O007228,C02490,P0067,5,2026-08-26 06:00:00
O007229,C00487,P0059,1,2026-08-26 08:00:00
O007230,C00860,P0047,5,2026-08-26 10:00:00
O007231,C01936,P0048,3,2026-08-26 12:00:00
O007232,C00148,P0064,2,2026-08-26 14:00:00
O007233,C01360,P0050,1,2026-08-26 16:00:00
O007234,C01358,P0085,5,2026-08-26 18:00:00
O007235,C02859,P0041,4,2026-08-26 20:00:00
O007236,C02714,P0072,3,2026-08-26 22:00:00
O007237,C00090,P0022,2,2026-08-27 00:00:00
O007238,C01358,P0054,3,2026-08-27 02:00:00
O007239,C00199,P0005,5,2026-08-27 04:00:00
O007240,C00538,P0017,2,2026-08-27 06:00:00
O007241,C00301,P0078,4,2026-08-27 08:00:00
O007242,C00724,P0041,1,2026-08-27 10:00:00
O007243,C01599,P0092,5,2026-08-27 12:00:00
O007244,C01460,P0095,2,2026-08-27 14:00:00
O007245,C00068,P0081,1,2026-08-27 16:00:00
O007246,C02507,P0035,2,2026-08-27 18:00:00
O007247,C01538,P0040,5,2026-08-27 20:00:00
O007248,C00398,P0022,2,2026-08-27 22:00:00
O007249,C00620,P0048,4,2026-08-28 00:00:00
O007250,C01585,P0053,2,2026-08-28 02:00:00
O007251,C01164,P0093,5,2026-08-28 04:00:00
O007252,C00730,P0010,2,2026-08-28 06:00:00
O007253,C00556,P0018,1,2026-08-28 08:00:00
O007254,C01953,P0099,1,2026-08-28 10:00:00
O007255,C02829,P0080,3,2026-08-28 12:00:00
O007256,C01752,P0049,3,2026-08-28 14:00:00
O007257,C02942,P0071,4,2026-08-28 16:00:00
O007258,C02658,P0030,1,2026-08-28 18:00:00
O007259,C02796,P0019,3,2026-08-28 20:00:00
O007260,C02330,P0055,2,2026-08-28 22:00:00
O007261,C02709,P0060,4,2026-08-29 00:00:00
O007262,C02972,P0087,5,2026-08-29 02:00:00
O007263,C00996,P0072,3,2026-08-29 04:00:00
O007264,C01960,P0081,3,2026-08-29 06:00:00
O007265,C01602,P0021,1,2026-08-29 08:00:00
O007266,C02794,P0026,4,2026-08-29 10:00:00
O007267,C01481,P0028,1,2026-08-29 12:00:00
O007268,C02135,P0039,1,2026-08-29 14:00:00
O007269,C01103,P0033,4,2026-08-29 16:00:00
O007270,C02839,P0040,2,2026-08-29 18:00:00
O007271,C02352,P0083,3,2026-08-29 20:00:00
O007272,C01404,P0029,1,2026-08-29 22:00:00
O007273,C02178,P0020,3,2026-08-30 00:00:00
O007274,C02644,P0020,4,2026-08-30 02:00:00
O007275,C01300,P0074,2,2026-08-30 04:00:00
O007276,C01723,P0012,5,2026-08-30 06:00:00
O007277,C02606,P0097,2,2026-08-30 08:00:00
O007278,C00899,P0025,4,2026-08-30 10:00:00
O007279,C01207,P0025,2,2026-08-30 12:00:00
O007280,C01536,P0004,5,2026-08-30 14:00:00
O007281,C00078,P0004,1,2026-08-30 16:00:00
O007282,C02832,P0009,2,2026-08-30 18:00:00
O007283,C02722,P0015,4,2026-08-30 20:00:00
O007284,C01533,P0026,2,2026-08-30 22:00:00
O007285,C00238,P0079,5,2026-08-31 00:00:00
O007286,C01158,P0090,4,2026-08-31 02:00:00
O007287,C01997,P0092,2,2026-08-31 04:00:00
O007288,C01216,P0071,4,2026-08-31 06:00:00
O007289,C00278,P0032,5,2026-08-31 08:00:00
O007290,C00524,P0076,1,2026-08-31 10:00:00
O007291,C00180,P0099,5,2026-08-31 12:00:00
O007292,C00123,P0052,1,2026-08-31 14:00:00
O007293,C01270,P0032,3,2026-08-31 16:00:00
O007294,C01758,P0009,5,2026-08-31 18:00:00
O007295,C01095,P0078,1,2026-08-31 20:00:00
O007296,C00480,P0013,3,2026-08-31 22:00:00
O007297,C01798,P0056,3,2026-09-01 00:00:00
O007298,C02132,P0044,3,2026-09-01 02:00:00
O007299,C02613,P0097,4,2026-09-01 04:00:00
O007300,C02667,P0096,5,2026-09-01 06:00:00
O007301,C02405,P0083,5,2026-09-01 08:00:00
O007302,C00816,P0030,5,2026-09-01 10:00:00
O007303,C02695,P0016,5,2026-09-01 12:00:00
O007304,C00443,P0012,4,2026-09-01 14:00:00
O007305,C02571,P0074,5,2026-09-01 16:00:00
O007306,C00143,P0066,1,2026-09-01 18:00:00
O007307,C00192,P0018,3,2026-09-01 20:00:00
O007308,C01411,P0013,4,2026-09-01 22:00:00
O007309,C00378,P0093,4,2026-09-02 00:00:00
O007310,C02629,P0024,5,2026-09-02 02:00:00
O007311,C00535,P0012,3,2026-09-02 04:00:00
O007312,C01717,P0060,1,2026-09-02 06:00:00
O007313,C01033,P0060,3,2026-09-02 08:00:00
O007314,C01411,P0093,2,2026-09-02 10:00:00
O007315,C02141,P0086,3,2026-09-02 12:00:00
O007316,C01990,P0100,1,2026-09-02 14:00:00
O007317,C02577,P0001,1,2026-09-02 16:00:00
O007318,C01178,P0043,1,2026-09-02 18:00:00
O007319,C00405,P0055,4,2026-09-02 20:00:00
O007320,C02888,P0040,4,2026-09-02 22:00:00
O007321,C01173,P0064,2,2026-09-03 00:00:00
O007322,C00889,P0034,3,2026-09-03 02:00:00
O007323,C00422,P0034,5,2026-09-03 04:00:00
O007324,C01642,P0048,2,2026-09-03 06:00:00
O007325,C00472,P0033,5,2026-09-03 08:00:00
O007326,C02941,P0068,5,2026-09-03 10:00:00
O007327,C00547,P0030,2,2026-09-03 12:00:00
O007328,C00631,P0084,3,2026-09-03 14:00:00
O007329,C01038,P0090,5,2026-09-03 16:00:00
O007330,C02826,P0079,4,2026-09-03 18:00:00
O007331,C01830,P0071,4,2026-09-03 20:00:00
O007332,C00364,P0071,2,2026-09-03 22:00:00
O007333,C02167,P0029,5,2026-09-04 00:00:00
O007334,C00546,P0023,2,2026-09-04 02:00:00
O007335,C02570,P0034,4,2026-09-04 04:00:00
O007336,C00634,P0084,2,2026-09-04 06:00:00
O007337,C01937,P0015,5,2026-09-04 08:00:00
O007338,C01681,P0097,5,2026-09-04 10:00:00
O007339,C00963,P0053,4,2026-09-04 12:00:00
O007340,C00883,P0017,1,2026-09-04 14:00:00
O007341,C02828,P0064,1,2026-09-04 16:00:00
O007342,C00871,P0084,3,2026-09-04 18:00:00
O007343,C00516,P0061,4,2026-09-04 20:00:00
O007344,C02986,P0057,3,2026-09-04 22:00:00
O007345,C01421,P0077,4,2026-09-05 00:00:00
O007346,C00866,P0088,5,2026-09-05 02:00:00
O007347,C02154,P0037,4,2026-09-05 04:00:00
O007348,C01109,P0007,2,2026-09-05 06:00:00
O007349,C00214,P0008,3,2026-09-05 08:00:00
O007350,C02898,P0087,4,2026-09-05 10:00:00
O007351,C02245,P0078,3,2026-09-05 12:00:00
O007352,C00019,P0068,4,2026-09-05 14:00:00
O007353,C00642,P0021,1,2026-09-05 16:00:00
O007354,C01105,P0061,3,2026-09-05 18:00:00
O007355,C00330,P0074,5,2026-09-05 20:00:00
O007356,C00866,P0086,5,2026-09-05 22:00:00
O007357,C00774,P0094,4,2026-09-06 00:00:00
O007358,C00392,P0094,5,2026-09-06 02:00:00
O007359,C00637,P0080,5,2026-09-06 04:00:00
O007360,C02355,P0075,3,2026-09-06 06:00:00
O007361,C02943,P0086,4,2026-09-06 08:00:00
O007362,C02700,P0029,3,2026-09-06 10:00:00
O007363,C02889,P0025,4,2026-09-06 12:00:00
O007364,C01026,P0058,5,2026-09-06 14:00:00
O007365,C02568,P0014,4,2026-09-06 16:00:00
O007366,C01675,P0078,4,2026-09-06 18:00:00
O007367,C02684,P0066,2,2026-09-06 20:00:00
O007368,C00740,P0054,4,2026-09-06 22:00:00
O007369,C01546,P0077,2,2026-09-07 00:00:00
O007370,C00469,P0067,3,2026-09-07 02:00:00
O007371,C02260,P0030,2,2026-09-07 04:00:00
O007372,C01136,P0018,3,2026-09-07 06:00:00
O007373,C01032,P0054,4,2026-09-07 08:00:00
O007374,C02852,P0100,3,2026-09-07 10:00:00
O007375,C02525,P0021,5,2026-09-07 12:00:00
O007376,C00874,P0053,4,2026-09-07 14:00:00
O007377,C00460,P0083,2,2026-09-07 16:00:00
O007378,C02301,P0016,1,2026-09-07 18:00:00
O007379,C01550,P0028,4,2026-09-07 20:00:00
O007380,C00752,P0004,5,2026-09-07 22:00:00
O007381,C01462,P0055,3,2026-09-08 00:00:00
O007382,C01778,P0015,2,2026-09-08 02:00:00
O007383,C00854,P0064,2,2026-09-08 04:00:00
O007384,C02284,P0065,5,2026-09-08 06:00:00
O007385,C01330,P0016,5,2026-09-08 08:00:00
O007386,C00478,P0020,4,2026-09-08 10:00:00
O007387,C02727,P0064,1,2026-09-08 12:00:00
O007388,C02264,P0033,1,2026-09-08 14:00:00
O007389,C02903,P0081,3,2026-09-08 16:00:00
O007390,C00135,P0069,2,2026-09-08 18:00:00
O007391,C02953,P0069,4,2026-09-08 20:00:00
O007392,C01153,P0058,2,2026-09-08 22:00:00
O007393,C00410,P0039,4,2026-09-09 00:00:00
O007394,C01446,P0077,5,2026-09-09 02:00:00
O007395,C01318,P0036,3,2026-09-09 04:00:00
O007396,C01270,P0094,5,2026-09-09 06:00:00
O007397,C01580,P0068,2,2026-09-09 08:00:00
O007398,C00086,P0087,3,2026-09-09 10:00:00
O007399,C02604,P0021,4,2026-09-09 12:00:00
O007400,C01866,P0063,4,2026-09-09 14:00:00
O007401,C01470,P0085,3,2026-09-09 16:00:00
O007402,C00378,P0006,5,2026-09-09 18:00:00
O007403,C01681,P0024,3,2026-09-09 20:00:00
O007404,C01075,P0053,5,2026-09-09 22:00:00
O007405,C00242,P0095,3,2026-09-10 00:00:00
O007406,C00920,P0083,5,2026-09-10 02:00:00
O007407,C01587,P0076,1,2026-09-10 04:00:00
O007408,C02314,P0078,3,2026-09-10 06:00:00
O007409,C02760,P0050,5,2026-09-10 08:00:00
O007410,C01272,P0012,2,2026-09-10 10:00:00
O007411,C00070,P0056,2,2026-09-10 12:00:00
O007412,C02105,P0015,3,2026-09-10 14:00:00
O007413,C01406,P0083,3,2026-09-10 16:00:00
O007414,C02087,P0092,4,2026-09-10 18:00:00
O007415,C02008,P0040,5,2026-09-10 20:00:00
O007416,C00801,P0041,3,2026-09-10 22:00:00
O007417,C01042,P0069,2,2026-09-11 00:00:00
O007418,C02780,P0069,2,2026-09-11 02:00:00
O007419,C00825,P0006,2,2026-09-11 04:00:00
O007420,C00756,P0087,5,2026-09-11 06:00:00
O007421,C02400,P0067,1,2026-09-11 08:00:00
O007422,C01996,P0033,3,2026-09-11 10:00:00
O007423,C01840,P0043,1,2026-09-11 12:00:00
O007424,C01322,P0021,5,2026-09-11 14:00:00
O007425,C02331,P0084,3,2026-09-11 16:00:00
O007426,C01610,P0065,4,2026-09-11 18:00:00
O007427,C00110,P0017,3,2026-09-11 20:00:00
O007428,C01017,P0093,3,2026-09-11 22:00:00
O007429,C01962,P0008,3,2026-09-12 00:00:00
O007430,C02592,P0064,3,2026-09-12 02:00:00
O007431,C01770,P0090,3,2026-09-12 04:00:00
O007432,C00025,P0028,5,2026-09-12 06:00:00
O007433,C00843,P0098,3,2026-09-12 08:00:00
O007434,C02839,P0090,5,2026-09-12 10:00:00
O007435,C00738,P0013,3,2026-09-12 12:00:00
O007436,C02105,P0013,3,2026-09-12 14:00:00
O007437,C00180,P0038,5,2026-09-12 16:00:00
O007438,C00232,P0025,3,2026-09-12 18:00:00
O007439,C01918,P0062,2,2026-09-12 20:00:00
O007440,C00343,P0023,3,2026-09-12 22:00:00
O007441,C00477,P0086,4,2026-09-13 00:00:00
O007442,C01823,P0021,5,2026-09-13 02:00:00
O007443,C02624,P0054,3,2026-09-13 04:00:00
O007444,C00455,P0063,3,2026-09-13 06:00:00
O007445,C01256,P0030,5,2026-09-13 08:00:00
O007446,C00289,P0075,1,2026-09-13 10:00:00
O007447,C01237,P0068,2,2026-09-13 12:00:00
O007448,C02306,P0097,2,2026-09-13 14:00:00
O007449,C00530,P0076,3,2026-09-13 16:00:00
O007450,C02735,P0073,5,2026-09-13 18:00:00
O007451,C02977,P0032,4,2026-09-13 20:00:00
O007452,C02277,P0075,3,2026-09-13 22:00:00
O007453,C00596,P0024,2,2026-09-14 00:00:00
O007454,C00435,P0007,3,2026-09-14 02:00:00
O007455,C00882,P0072,5,2026-09-14 04:00:00
O007456,C01782,P0097,4,2026-09-14 06:00:00
O007457,C00402,P0089,1,2026-09-14 08:00:00
O007458,C02670,P0001,4,2026-09-14 10:00:00
O007459,C02136,P0003,3,2026-09-14 12:00:00
O007460,C02632,P0028,2,2026-09-14 14:00:00
O007461,C01566,P0043,5,2026-09-14 16:00:00
O007462,C00309,P0097,3,2026-09-14 18:00:00
O007463,C02954,P0046,1,2026-09-14 20:00:00
O007464,C00343,P0001,5,2026-09-14 22:00:00
O007465,C00436,P0038,5,2026-09-15 00:00:00
O007466,C00177,P0091,5,2026-09-15 02:00:00
O007467,C00139,P0035,3,2026-09-15 04:00:00
O007468,C00194,P0074,1,2026-09-15 06:00:00
O007469,C01185,P0076,3,2026-09-15 08:00:00
O007470,C00943,P0074,5,2026-09-15 10:00:00
O007471,C00525,P0054,5,2026-09-15 12:00:00
O007472,C01625,P0098,2,2026-09-15 14:00:00
O007473,C02963,P0024,4,2026-09-15 16:00:00
O007474,C02258,P0028,3,2026-09-15 18:00:00
O007475,C00741,P0022,1,2026-09-15 20:00:00
O007476,C00862,P0016,5,2026-09-15 22:00:00
O007477,C00954,P0013,3,2026-09-16 00:00:00
O007478,C01303,P0100,4,2026-09-16 02:00:00
O007479,C01275,P0100,3,2026-09-16 04:00:00
O007480,C01744,P0062,4,2026-09-16 06:00:00
O007481,C02881,P0043,3,2026-09-16 08:00:00
O007482,C02188,P0087,2,2026-09-16 10:00:00
O007483,C00792,P0078,3,2026-09-16 12:00:00
O007484,C00546,P0032,2,2026-09-16 14:00:00
O007485,C01845,P0067,4,2026-09-16 16:00:00
O007486,C01017,P0091,5,2026-09-16 18:00:00
O007487,C01928,P0083,5,2026-09-16 20:00:00
O007488,C01554,P0086,3,2026-09-16 22:00:00
O007489,C00057,P0057,1,2026-09-17 00:00:00
O007490,C02160,P0065,3,2026-09-17 02:00:00
O007491,C00005,P0069,2,2026-09-17 04:00:00
O007492,C01438,P0049,2,2026-09-17 06:00:00
O007493,C01363,P0033,4,2026-09-17 08:00:00
O007494,C01821,P0019,3,2026-09-17 10:00:00
O007495,C01283,P0036,4,2026-09-17 12:00:00
O007496,C02138,P0070,1,2026-09-17 14:00:00
O007497,C02664,P0015,5,2026-09-17 16:00:00
O007498,C02939,P0100,5,2026-09-17 18:00:00
O007499,C02746,P0097,3,2026-09-17 20:00:00
O007500,C01274,P0024,4,2026-09-17 22:00:00
O007501,C02946,P0027,4,2026-09-18 00:00:00
O007502,C01132,P0049,1,2026-09-18 02:00:00
O007503,C00668,P0075,4,2026-09-18 04:00:00
O007504,C02642,P0023,2,2026-09-18 06:00:00
O007505,C02637,P0033,2,2026-09-18 08:00:00
O007506,C02533,P0041,2,2026-09-18 10:00:00
O007507,C01282,P0056,3,2026-09-18 12:00:00
O007508,C02687,P0029,2,2026-09-18 14:00:00
O007509,C00997,P0031,2,2026-09-18 16:00:00
O007510,C01927,P0065,5,2026-09-18 18:00:00
O007511,C00282,P0098,3,2026-09-18 20:00:00
O007512,C01228,P0018,2,2026-09-18 22:00:00
O007513,C02064,P0082,1,2026-09-19 00:00:00
O007514,C00936,P0006,2,2026-09-19 02:00:00
O007515,C00254,P0052,3,2026-09-19 04:00:00
O007516,C01212,P0040,4,2026-09-19 06:00:00
O007517,C00329,P0065,5,2026-09-19 08:00:00
O007518,C02592,P0042,5,2026-09-19 10:00:00
O007519,C02831,P0094,3,2026-09-19 12:00:00
O007520,C01421,P0068,2,2026-09-19 14:00:00
O007521,C01541,P0032,1,2026-09-19 16:00:00
O007522,C02893,P0010,2,2026-09-19 18:00:00
O007523,C01193,P0069,2,2026-09-19 20:00:00
O007524,C01717,P0009,1,2026-09-19 22:00:00
O007525,C02414,P0069,5,2026-09-20 00:00:00
O007526,C01202,P0061,2,2026-09-20 02:00:00
O007527,C00655,P0011,4,2026-09-20 04:00:00
O007528,C01386,P0099,4,2026-09-20 06:00:00
O007529,C00760,P0091,3,2026-09-20 08:00:00
O007530,C02687,P0068,3,2026-09-20 10:00:00
O007531,C01799,P0074,1,2026-09-20 12:00:00
O007532,C01064,P0097,1,2026-09-20 14:00:00
O007533,C02972,P0008,3,2026-09-20 16:00:00
O007534,C00416,P0049,2,2026-09-20 18:00:00
O007535,C00255,P0024,5,2026-09-20 20:00:00
O007536,C01167,P0033,4,2026-09-20 22:00:00
O007537,C01877,P0019,1,2026-09-21 00:00:00
O007538,C02758,P0002,3,2026-09-21 02:00:00
O007539,C02625,P0055,4,2026-09-21 04:00:00
O007540,C00900,P0011,1,2026-09-21 06:00:00
O007541,C02059,P0099,1,2026-09-21 08:00:00
O007542,C00026,P0017,2,2026-09-21 10:00:00
O007543,C00421,P0042,1,2026-09-21 12:00:00
O007544,C01245,P0061,5,2026-09-21 14:00:00
O007545,C01877,P0003,1,2026-09-21 16:00:00
O007546,C02544,P0086,5,2026-09-21 18:00:00
O007547,C01261,P0035,2,2026-09-21 20:00:00
O007548,C02285,P0085,5,2026-09-21 22:00:00
O007549,C01009,P0089,4,2026-09-22 00:00:00
O007550,C00219,P0066,1,2026-09-22 02:00:00
O007551,C01511,P0001,3,2026-09-22 04:00:00
O007552,C01960,P0007,3,2026-09-22 06:00:00
O007553,C02509,P0020,5,2026-09-22 08:00:00
O007554,C00663,P0043,2,2026-09-22 10:00:00
O007555,C02683,P0006,5,2026-09-22 12:00:00
O007556,C00990,P0055,5,2026-09-22 14:00:00
O007557,C00189,P0100,5,2026-09-22 16:00:00
O007558,C00255,P0021,4,2026-09-22 18:00:00
O007559,C00068,P0051,4,2026-09-22 20:00:00
O007560,C00616,P0046,5,2026-09-22 22:00:00
O007561,C02384,P0035,2,2026-09-23 00:00:00
O007562,C02719,P0100,1,2026-09-23 02:00:00
O007563,C02869,P0008,3,2026-09-23 04:00:00
O007564,C00874,P0068,4,2026-09-23 06:00:00
O007565,C02348,P0016,1,2026-09-23 08:00:00
O007566,C01626,P0067,4,2026-09-23 10:00:00
O007567,C00357,P0071,4,2026-09-23 12:00:00
O007568,C00256,P0064,4,2026-09-23 14:00:00
O007569,C01008,P0002,5,2026-09-23 16:00:00
O007570,C02401,P0001,5,2026-09-23 18:00:00
O007571,C01756,P0058,4,2026-09-23 20:00:00
O007572,C02572,P0001,4,2026-09-23 22:00:00
O007573,C02998,P0007,3,2026-09-24 00:00:00
O007574,C02804,P0088,1,2026-09-24 02:00:00
O007575,C00284,P0069,1,2026-09-24 04:00:00
O007576,C00099,P0085,2,2026-09-24 06:00:00
O007577,C00197,P0092,2,2026-09-24 08:00:00
O007578,C02530,P0018,2,2026-09-24 10:00:00
O007579,C00878,P0088,5,2026-09-24 12:00:00
O007580,C01869,P0032,5,2026-09-24 14:00:00
O007581,C02663,P0045,3,2026-09-24 16:00:00
O007582,C02666,P0033,5,2026-09-24 18:00:00
O007583,C01389,P0074,2,2026-09-24 20:00:00
O007584,C02416,P0073,4,2026-09-24 22:00:00
O007585,C00570,P0049,2,2026-09-25 00:00:00
O007586,C02638,P0033,3,2026-09-25 02:00:00
O007587,C01066,P0097,4,2026-09-25 04:00:00
O007588,C00422,P0071,5,2026-09-25 06:00:00
O007589,C02884,P0068,4,2026-09-25 08:00:00
O007590,C01205,P0028,3,2026-09-25 10:00:00
O007591,C00545,P0087,5,2026-09-25 12:00:00
O007592,C00071,P0053,1,2026-09-25 14:00:00
O007593,C01224,P0096,2,2026-09-25 16:00:00
O007594,C00768,P0044,2,2026-09-25 18:00:00
O007595,C02355,P0080,3,2026-09-25 20:00:00
O007596,C01707,P0055,3,2026-09-25 22:00:00
O007597,C02425,P0010,2,2026-09-26 00:00:00
O007598,C00655,P0014,4,2026-09-26 02:00:00
O007599,C02726,P0036,1,2026-09-26 04:00:00
O007600,C02447,P0034,1,2026-09-26 06:00:00
O007601,C01797,P0088,3,2026-09-26 08:00:00
O007602,C00221,P0018,3,2026-09-26 10:00:00
O007603,C00182,P0016,4,2026-09-26 12:00:00
O007604,C00307,P0037,3,2026-09-26 14:00:00
O007605,C02570,P0041,1,2026-09-26 16:00:00
O007606,C01420,P0025,2,2026-09-26 18:00:00
O007607,C01014,P0008,1,2026-09-26 20:00:00
O007608,C02052,P0088,4,2026-09-26 22:00:00
O007609,C02911,P0084,2,2026-09-27 00:00:00
O007610,C00848,P0094,2,2026-09-27 02:00:00
O007611,C00804,P0084,1,2026-09-27 04:00:00
O007612,C00215,P0018,2,2026-09-27 06:00:00
O007613,C01444,P0068,2,2026-09-27 08:00:00
O007614,C00101,P0048,3,2026-09-27 10:00:00
O007615,C00573,P0100,2,2026-09-27 12:00:00
O007616,C01333,P0070,4,2026-09-27 14:00:00
O007617,C00658,P0067,2,2026-09-27 16:00:00
O007618,C02987,P0018,3,2026-09-27 18:00:00
O007619,C01534,P0018,5,2026-09-27 20:00:00
O007620,C01657,P0056,5,2026-09-27 22:00:00
O007621,C00226,P0023,4,2026-09-28 00:00:00
O007622,C00105,P0035,4,2026-09-28 02:00:00
O007623,C01998,P0006,2,2026-09-28 04:00:00
O007624,C00772,P0026,2,2026-09-28 06:00:00
O007625,C00429,P0085,5,2026-09-28 08:00:00
O007626,C00434,P0061,5,2026-09-28 10:00:00
O007627,C01231,P0088,1,2026-09-28 12:00:00
O007628,C02730,P0015,5,2026-09-28 14:00:00
O007629,C02636,P0091,5,2026-09-28 16:00:00
O007630,C00866,P0032,4,2026-09-28 18:00:00
O007631,C02794,P0012,1,2026-09-28 20:00:00
O007632,C02912,P0005,1,2026-09-28 22:00:00
O007633,C02416,P0064,2,2026-09-29 00:00:00
O007634,C00251,P0071,2,2026-09-29 02:00:00
O007635,C02907,P0086,1,2026-09-29 04:00:00
O007636,C00856,P0027,1,2026-09-29 06:00:00
O007637,C01194,P0079,2,2026-09-29 08:00:00
O007638,C00561,P0045,4,2026-09-29 10:00:00
O007639,C01470,P0035,4,2026-09-29 12:00:00
O007640,C02342,P0026,4,2026-09-29 14:00:00
O007641,C00919,P0023,4,2026-09-29 16:00:00
O007642,C01174,P0013,2,2026-09-29 18:00:00
O007643,C00433,P0090,3,2026-09-29 20:00:00
O007644,C02107,P0003,5,2026-09-29 22:00:00
O007645,C00969,P0029,5,2026-09-30 00:00:00
O007646,C00836,P0066,5,2026-09-30 02:00:00
O007647,C02247,P0064,5,2026-09-30 04:00:00
O007648,C02263,P0028,2,2026-09-30 06:00:00
O007649,C00898,P0087,3,2026-09-30 08:00:00
O007650,C00472,P0036,2,2026-09-30 10:00:00
O007651,C00247,P0006,3,2026-09-30 12:00:00
O007652,C02430,P0011,2,2026-09-30 14:00:00
O007653,C00991,P0038,1,2026-09-30 16:00:00
O007654,C00927,P0034,3,2026-09-30 18:00:00
O007655,C01192,P0081,5,2026-09-30 20:00:00
O007656,C02608,P0067,3,2026-09-30 22:00:00
O007657,C01075,P0046,4,2026-10-01 00:00:00
O007658,C01835,P0098,3,2026-10-01 02:00:00
O007659,C00689,P0086,4,2026-10-01 04:00:00
O007660,C02428,P0029,4,2026-10-01 06:00:00
O007661,C02522,P0060,1,2026-10-01 08:00:00
O007662,C02745,P0054,3,2026-10-01 10:00:00
O007663,C01485,P0093,1,2026-10-01 12:00:00
O007664,C02959,P0069,5,2026-10-01 14:00:00
O007665,C00960,P0074,3,2026-10-01 16:00:00
O007666,C00478,P0074,2,2026-10-01 18:00:00
O007667,C02974,P0009,2,2026-10-01 20:00:00
O007668,C00707,P0085,2,2026-10-01 22:00:00
O007669,C02902,P0077,4,2026-10-02 00:00:00
O007670,C01138,P0010,2,2026-10-02 02:00:00
O007671,C00754,P0075,5,2026-10-02 04:00:00
O007672,C02551,P0068,3,2026-10-02 06:00:00
O007673,C01660,P0058,3,2026-10-02 08:00:00
O007674,C02865,P0095,4,2026-10-02 10:00:00
O007675,C00588,P0052,4,2026-10-02 12:00:00
O007676,C01335,P0034,4,2026-10-02 14:00:00
O007677,C01493,P0035,5,2026-10-02 16:00:00
O007678,C01848,P0033,3,2026-10-02 18:00:00
O007679,C02756,P0072,1,2026-10-02 20:00:00
O007680,C00207,P0032,4,2026-10-02 22:00:00
O007681,C02199,P0055,2,2026-10-03 00:00:00
O007682,C02716,P0097,1,2026-10-03 02:00:00
O007683,C02576,P0008,1,2026-10-03 04:00:00
O007684,C00165,P0046,4,2026-10-03 06:00:00
O007685,C02965,P0014,2,2026-10-03 08:00:00
O007686,C01999,P0098,4,2026-10-03 10:00:00
O007687,C02085,P0008,4,2026-10-03 12:00:00
O007688,C00333,P0071,2,2026-10-03 14:00:00
O007689,C00403,P0077,1,2026-10-03 16:00:00
O007690,C00414,P0054,1,2026-10-03 18:00:00
O007691,C00045,P0021,2,2026-10-03 20:00:00
O007692,C02254,P0096,1,2026-10-03 22:00:00
O007693,C00062,P0075,5,2026-10-04 00:00:00
O007694,C02468,P0014,4,2026-10-04 02:00:00
O007695,C00868,P0075,5,2026-10-04 04:00:00
O007696,C01492,P0002,5,2026-10-04 06:00:00
O007697,C02868,P0098,5,2026-10-04 08:00:00
O007698,C00019,P0061,3,2026-10-04 10:00:00
O007699,C00365,P0017,3,2026-10-04 12:00:00
O007700,C02476,P0078,5,2026-10-04 14:00:00
O007701,C01141,P0089,4,2026-10-04 16:00:00
O007702,C00580,P0048,5,2026-10-04 18:00:00
O007703,C00546,P0091,5,2026-10-04 20:00:00
O007704,C01730,P0008,3,2026-10-04 22:00:00
O007705,C02373,P0056,5,2026-10-05 00:00:00
O007706,C00055,P0017,4,2026-10-05 02:00:00
O007707,C00778,P0069,4,2026-10-05 04:00:00
O007708,C00042,P0012,5,2026-10-05 06:00:00
O007709,C01321,P0038,4,2026-10-05 08:00:00
O007710,C00231,P0018,5,2026-10-05 10:00:00
O007711,C00453,P0026,3,2026-10-05 12:00:00
O007712,C02442,P0095,5,2026-10-05 14:00:00
O007713,C01546,P0037,1,2026-10-05 16:00:00
O007714,C01382,P0070,3,2026-10-05 18:00:00
O007715,C01468,P0041,4,2026-10-05 20:00:00
O007716,C01152,P0079,4,2026-10-05 22:00:00
O007717,C02739,P0042,3,2026-10-06 00:00:00
O007718,C02440,P0090,1,2026-10-06 02:00:00
O007719,C01217,P0076,3,2026-10-06 04:00:00
O007720,C02652,P0041,2,2026-10-06 06:00:00
O007721,C00881,P0047,1,2026-10-06 08:00:00
O007722,C00085,P0014,3,2026-10-06 10:00:00
O007723,C01054,P0001,2,2026-10-06 12:00:00
O007724,C00049,P0017,5,2026-10-06 14:00:00
O007725,C01169,P0097,1,2026-10-06 16:00:00
O007726,C00069,P0055,5,2026-10-06 18:00:00
O007727,C02745,P0093,2,2026-10-06 20:00:00
O007728,C02527,P0053,4,2026-10-06 22:00:00
O007729,C02868,P0031,4,2026-10-07 00:00:00
O007730,C01702,P0062,4,2026-10-07 02:00:00
O007731,C01599,P0008,5,2026-10-07 04:00:00
O007732,C02195,P0030,1,2026-10-07 06:00:00
O007733,C01870,P0077,5,2026-10-07 08:00:00
O007734,C01016,P0080,5,2026-10-07 10:00:00
O007735,C02657,P0066,4,2026-10-07 12:00:00
O007736,C00446,P0045,5,2026-10-07 14:00:00
O007737,C02269,P0018,2,2026-10-07 16:00:00
O007738,C01402,P0099,3,2026-10-07 18:00:00
O007739,C02143,P0045,3,2026-10-07 20:00:00
O007740,C00262,P0019,3,2026-10-07 22:00:00
O007741,C01849,P0077,4,2026-10-08 00:00:00
O007742,C00897,P0068,4,2026-10-08 02:00:00
O007743,C01095,P0083,3,2026-10-08 04:00:00
O007744,C02267,P0050,1,2026-10-08 06:00:00
O007745,C01557,P0025,3,2026-10-08 08:00:00
O007746,C00092,P0038,5,2026-10-08 10:00:00
O007747,C00127,P0095,3,2026-10-08 12:00:00
O007748,C00080,P0036,3,2026-10-08 14:00:00
O007749,C01848,P0068,1,2026-10-08 16:00:00
O007750,C00983,P0056,4,2026-10-08 18:00:00
O007751,C00916,P0039,4,2026-10-08 20:00:00
O007752,C02534,P0063,5,2026-10-08 22:00:00
O007753,C00694,P0007,3,2026-10-09 00:00:00
O007754,C00025,P0058,2,2026-10-09 02:00:00
O007755,C00156,P0080,5,2026-10-09 04:00:00
O007756,C02680,P0059,4,2026-10-09 06:00:00
O007757,C01813,P0048,1,2026-10-09 08:00:00
O007758,C01554,P0005,4,2026-10-09 10:00:00
O007759,C01967,P0087,4,2026-10-09 12:00:00
O007760,C01734,P0036,1,2026-10-09 14:00:00
O007761,C01081,P0096,3,2026-10-09 16:00:00
O007762,C01629,P0088,3,2026-10-09 18:00:00
O007763,C00019,P0025,4,2026-10-09 20:00:00
O007764,C01408,P0045,5,2026-10-09 22:00:00
O007765,C01217,P0092,2,2026-10-10 00:00:00
O007766,C02285,P0019,5,2026-10-10 02:00:00
O007767,C01411,P0007,5,2026-10-10 04:00:00
O007768,C00277,P0058,4,2026-10-10 06:00:00
O007769,C00745,P0081,4,2026-10-10 08:00:00
O007770,C00552,P0066,2,2026-10-10 10:00:00
O007771,C01177,P0080,2,2026-10-10 12:00:00
O007772,C00639,P0039,2,2026-10-10 14:00:00
O007773,C00237,P0018,4,2026-10-10 16:00:00
O007774,C00998,P0001,4,2026-10-10 18:00:00
O007775,C02103,P0063,5,2026-10-10 20:00:00
O007776,C02004,P0003,4,2026-10-10 22:00:00
O007777,C01460,P0021,3,2026-10-11 00:00:00
O007778,C02732,P0030,3,2026-10-11 02:00:00
O007779,C02157,P0011,2,2026-10-11 04:00:00
O007780,C01208,P0022,4,2026-10-11 06:00:00
O007781,C01392,P0057,3,2026-10-11 08:00:00
O007782,C02007,P0089,5,2026-10-11 10:00:00
O007783,C01222,P0003,1,2026-10-11 12:00:00
O007784,C01395,P0030,5,2026-10-11 14:00:00
O007785,C00373,P0088,1,2026-10-11 16:00:00
O007786,C01521,P0045,5,2026-10-11 18:00:00
O007787,C02249,P0036,3,2026-10-11 20:00:00
O007788,C00849,P0087,4,2026-10-11 22:00:00
O007789,C02557,P0072,1,2026-10-12 00:00:00
O007790,C01346,P0064,4,2026-10-12 02:00:00
O007791,C02323,P0054,4,2026-10-12 04:00:00
O007792,C02259,P0068,3,2026-10-12 06:00:00
O007793,C00504,P0050,2,2026-10-12 08:00:00
O007794,C00703,P0031,2,2026-10-12 10:00:00
O007795,C02090,P0029,1,2026-10-12 12:00:00
O007796,C00315,P0059,3,2026-10-12 14:00:00
O007797,C02836,P0036,4,2026-10-12 16:00:00
O007798,C02377,P0077,5,2026-10-12 18:00:00
O007799,C01041,P0073,5,2026-10-12 20:00:00
O007800,C00283,P0085,1,2026-10-12 22:00:00
O007801,C02991,P0067,1,2026-10-13 00:00:00
O007802,C00258,P0089,1,2026-10-13 02:00:00
O007803,C00575,P0089,3,2026-10-13 04:00:00
O007804,C00574,P0076,5,2026-10-13 06:00:00
O007805,C02660,P0093,3,2026-10-13 08:00:00
O007806,C01043,P0011,3,2026-10-13 10:00:00
O007807,C01553,P0011,4,2026-10-13 12:00:00
O007808,C02885,P0026,3,2026-10-13 14:00:00
O007809,C00423,P0053,3,2026-10-13 16:00:00
O007810,C01490,P0014,4,2026-10-13 18:00:00
O007811,C01397,P0064,2,2026-10-13 20:00:00
O007812,C00758,P0080,4,2026-10-13 22:00:00
O007813,C02811,P0010,1,2026-10-14 00:00:00
O007814,C01105,P0031,2,2026-10-14 02:00:00
O007815,C01575,P0095,5,2026-10-14 04:00:00
O007816,C02472,P0036,3,2026-10-14 06:00:00
O007817,C00429,P0010,2,2026-10-14 08:00:00
O007818,C02022,P0026,5,2026-10-14 10:00:00
O007819,C00204,P0020,4,2026-10-14 12:00:00
O007820,C02244,P0044,4,2026-10-14 14:00:00
O007821,C02776,P0062,1,2026-10-14 16:00:00
O007822,C02333,P0073,1,2026-10-14 18:00:00
O007823,C01993,P0079,2,2026-10-14 20:00:00
O007824,C02244,P0009,3,2026-10-14 22:00:00
O007825,C00307,P0071,4,2026-10-15 00:00:00
O007826,C01688,P0090,2,2026-10-15 02:00:00
O007827,C00014,P0024,2,2026-10-15 04:00:00
O007828,C01861,P0012,2,2026-10-15 06:00:00
O007829,C01962,P0060,1,2026-10-15 08:00:00
O007830,C01081,P0084,4,2026-10-15 10:00:00
O007831,C00723,P0078,1,2026-10-15 12:00:00
O007832,C00780,P0086,1,2026-10-15 14:00:00
O007833,C01234,P0016,2,2026-10-15 16:00:00
O007834,C00529,P0029,5,2026-10-15 18:00:00
O007835,C00798,P0032,5,2026-10-15 20:00:00
O007836,C00344,P0083,5,2026-10-15 22:00:00
O007837,C01303,P0035,2,2026-10-16 00:00:00
O007838,C00209,P0043,3,2026-10-16 02:00:00
O007839,C00641,P0096,4,2026-10-16 04:00:00
O007840,C01312,P0053,2,2026-10-16 06:00:00
O007841,C02300,P0020,2,2026-10-16 08:00:00
O007842,C02319,P0084,1,2026-10-16 10:00:00
O007843,C01948,P0008,5,2026-10-16 12:00:00
O007844,C00920,P0099,2,2026-10-16 14:00:00
O007845,C01724,P0042,3,2026-10-16 16:00:00
O007846,C02045,P0077,4,2026-10-16 18:00:00
O007847,C00419,P0070,3,2026-10-16 20:00:00
O007848,C01750,P0016,2,2026-10-16 22:00:00
O007849,C02843,P0069,2,2026-10-17 00:00:00
O007850,C01389,P0053,1,2026-10-17 02:00:00
O007851,C01100,P0045,3,2026-10-17 04:00:00
O007852,C02773,P0051,1,2026-10-17 06:00:00
O007853,C02481,P0098,3,2026-10-17 08:00:00
O007854,C02157,P0006,5,2026-10-17 10:00:00
O007855,C02689,P0033,5,2026-10-17 12:00:00
O007856,C01546,P0079,3,2026-10-17 14:00:00
O007857,C01071,P0015,1,2026-10-17 16:00:00
O007858,C02427,P0014,5,2026-10-17 18:00:00
O007859,C01851,P0039,2,2026-10-17 20:00:00
O007860,C01120,P0063,4,2026-10-17 22:00:00
O007861,C00958,P0005,1,2026-10-18 00:00:00
O007862,C00103,P0090,3,2026-10-18 02:00:00
O007863,C02940,P0081,4,2026-10-18 04:00:00
O007864,C02902,P0052,4,2026-10-18 06:00:00
O007865,C01170,P0016,2,2026-10-18 08:00:00
O007866,C01904,P0099,1,2026-10-18 10:00:00
O007867,C01756,P0038,4,2026-10-18 12:00:00
O007868,C02578,P0053,1,2026-10-18 14:00:00
O007869,C00679,P0087,2,2026-10-18 16:00:00
O007870,C01969,P0077,3,2026-10-18 18:00:00
O007871,C00989,P0097,4,2026-10-18 20:00:00
O007872,C01106,P0093,4,2026-10-18 22:00:00
O007873,C02476,P0053,4,2026-10-19 00:00:00
O007874,C01608,P0046,1,2026-10-19 02:00:00
O007875,C02870,P0098,4,2026-10-19 04:00:00
O007876,C01503,P0098,1,2026-10-19 06:00:00
O007877,C01790,P0091,5,2026-10-19 08:00:00
O007878,C01186,P0015,5,2026-10-19 10:00:00
O007879,C00932,P0059,1,2026-10-19 12:00:00
O007880,C01426,P0050,5,2026-10-19 14:00:00
O007881,C01062,P0009,2,2026-10-19 16:00:00
O007882,C01979,P0026,2,2026-10-19 18:00:00
O007883,C02559,P0003,5,2026-10-19 20:00:00
O007884,C02441,P0100,3,2026-10-19 22:00:00
O007885,C02043,P0047,1,2026-10-20 00:00:00
O007886,C02761,P0005,5,2026-10-20 02:00:00
O007887,C02542,P0062,1,2026-10-20 04:00:00
O007888,C01279,P0084,5,2026-10-20 06:00:00
O007889,C01203,P0084,2,2026-10-20 08:00:00
O007890,C02595,P0005,3,2026-10-20 10:00:00
O007891,C00594,P0010,1,2026-10-20 12:00:00
O007892,C02437,P0080,3,2026-10-20 14:00:00
O007893,C01422,P0063,2,2026-10-20 16:00:00
O007894,C02206,P0025,4,2026-10-20 18:00:00
O007895,C01028,P0044,4,2026-10-20 20:00:00
O007896,C02215,P0025,1,2026-10-20 22:00:00
O007897,C00960,P0030,2,2026-10-21 00:00:00
O007898,C02457,P0014,1,2026-10-21 02:00:00
O007899,C02242,P0086,1,2026-10-21 04:00:00
O007900,C02283,P0043,1,2026-10-21 06:00:00
O007901,C02766,P0028,3,2026-10-21 08:00:00
O007902,C01174,P0094,5,2026-10-21 10:00:00
O007903,C00816,P0019,2,2026-10-21 12:00:00
O007904,C00404,P0042,3,2026-10-21 14:00:00
O007905,C00893,P0020,5,2026-10-21 16:00:00
O007906,C02726,P0099,1,2026-10-21 18:00:00
O007907,C00068,P0086,4,2026-10-21 20:00:00
O007908,C00088,P0079,3,2026-10-21 22:00:00
O007909,C02265,P0011,2,2026-10-22 00:00:00
O007910,C02049,P0054,2,2026-10-22 02:00:00
O007911,C01159,P0098,5,2026-10-22 04:00:00
O007912,C01721,P0024,3,2026-10-22 06:00:00
O007913,C01375,P0070,1,2026-10-22 08:00:00
O007914,C02188,P0017,5,2026-10-22 10:00:00
O007915,C02666,P0028,2,2026-10-22 12:00:00
O007916,C02181,P0050,3,2026-10-22 14:00:00
O007917,C01644,P0095,4,2026-10-22 16:00:00
O007918,C00178,P0100,1,2026-10-22 18:00:00
O007919,C02858,P0055,2,2026-10-22 20:00:00
O007920,C01382,P0073,3,2026-10-22 22:00:00
O007921,C02428,P0010,4,2026-10-23 00:00:00
O007922,C00908,P0021,2,2026-10-23 02:00:00
O007923,C02706,P0058,4,2026-10-23 04:00:00
O007924,C02498,P0034,2,2026-10-23 06:00:00
O007925,C00586,P0095,5,2026-10-23 08:00:00
O007926,C02511,P0093,5,2026-10-23 10:00:00
O007927,C00990,P0043,5,2026-10-23 12:00:00
O007928,C01132,P0011,3,2026-10-23 14:00:00
O007929,C02170,P0033,5,2026-10-23 16:00:00
O007930,C02065,P0058,3,2026-10-23 18:00:00
O007931,C01220,P0046,1,2026-10-23 20:00:00
O007932,C02375,P0061,5,2026-10-23 22:00:00
O007933,C00318,P0062,3,2026-10-24 00:00:00
O007934,C02857,P0001,2,2026-10-24 02:00:00
O007935,C01503,P0021,3,2026-10-24 04:00:00
O007936,C02035,P0062,3,2026-10-24 06:00:00
O007937,C02043,P0064,2,2026-10-24 08:00:00
O007938,C00503,P0087,3,2026-10-24 10:00:00
O007939,C02023,P0073,2,2026-10-24 12:00:00
O007940,C00119,P0056,4,2026-10-24 14:00:00
O007941,C00710,P0001,5,2026-10-24 16:00:00
O007942,C00045,P0021,1,2026-10-24 18:00:00
O007943,C00314,P0022,3,2026-10-24 20:00:00
O007944,C00418,P0054,2,2026-10-24 22:00:00
O007945,C02604,P0004,5,2026-10-25 00:00:00
O007946,C01102,P0065,3,2026-10-25 02:00:00
O007947,C00326,P0051,5,2026-10-25 04:00:00
O007948,C01440,P0074,4,2026-10-25 06:00:00
O007949,C01987,P0063,3,2026-10-25 08:00:00
O007950,C02563,P0015,2,2026-10-25 10:00:00
O007951,C02262,P0036,4,2026-10-25 12:00:00
O007952,C00074,P0029,3,2026-10-25 14:00:00
O007953,C01603,P0052,5,2026-10-25 16:00:00
O007954,C00509,P0046,4,2026-10-25 18:00:00
O007955,C02380,P0069,2,2026-10-25 20:00:00
O007956,C00688,P0029,3,2026-10-25 22:00:00
O007957,C00657,P0047,5,2026-10-26 00:00:00
O007958,C01543,P0091,5,2026-10-26 02:00:00
O007959,C01293,P0025,4,2026-10-26 04:00:00
O007960,C01400,P0080,3,2026-10-26 06:00:00
O007961,C02648,P0016,5,2026-10-26 08:00:00
O007962,C01553,P0100,4,2026-10-26 10:00:00
O007963,C01076,P0089,1,2026-10-26 12:00:00
O007964,C00325,P0041,5,2026-10-26 14:00:00
O007965,C00992,P0065,4,2026-10-26 16:00:00
O007966,C01994,P0069,1,2026-10-26 18:00:00
O007967,C00717,P0020,4,2026-10-26 20:00:00
O007968,C02771,P0069,5,2026-10-26 22:00:00
O007969,C00277,P0036,1,2026-10-27 00:00:00
O007970,C02584,P0093,4,2026-10-27 02:00:00
O007971,C00152,P0098,3,2026-10-27 04:00:00
O007972,C00955,P0058,1,2026-10-27 06:00:00
O007973,C01507,P0048,4,2026-10-27 08:00:00
O007974,C00259,P0082,3,2026-10-27 10:00:00
O007975,C02372,P0002,1,2026-10-27 12:00:00
O007976,C00869,P0080,4,2026-10-27 14:00:00
O007977,C01192,P0029,5,2026-10-27 16:00:00
O007978,C00688,P0097,1,2026-10-27 18:00:00
O007979,C00310,P0016,1,2026-10-27 20:00:00
O007980,C02851,P0035,3,2026-10-27 22:00:00
O007981,C01503,P0062,4,2026-10-28 00:00:00
O007982,C02668,P0081,5,2026-10-28 02:00:00
O007983,C00473,P0004,3,2026-10-28 04:00:00
O007984,C02509,P0068,1,2026-10-28 06:00:00
O007985,C00814,P0051,3,2026-10-28 08:00:00
O007986,C00846,P0089,3,2026-10-28 10:00:00
O007987,C01165,P0033,3,2026-10-28 12:00:00
O007988,C00667,P0078,1,2026-10-28 14:00:00
O007989,C02310,P0024,2,2026-10-28 16:00:00
O007990,C01809,P0075,3,2026-10-28 18:00:00
O007991,C01444,P0025,2,2026-10-28 20:00:00
O007992,C01768,P0028,5,2026-10-28 22:00:00
O007993,C01265,P0007,5,2026-10-29 00:00:00
O007994,C00355,P0036,5,2026-10-29 02:00:00
O007995,C01873,P0010,4,2026-10-29 04:00:00
O007996,C02025,P0036,1,2026-10-29 06:00:00
O007997,C02818,P0095,2,2026-10-29 08:00:00
O007998,C00180,P0083,4,2026-10-29 10:00:00
O007999,C00066,P0018,2,2026-10-29 12:00:00
O008000,C00820,P0006,1,2026-10-29 14:00:00
O008001,C01372,P0092,3,2026-10-29 16:00:00
O008002,C00171,P0007,4,2026-10-29 18:00:00
O008003,C02522,P0012,1,2026-10-29 20:00:00
O008004,C02582,P0041,4,2026-10-29 22:00:00
O008005,C01391,P0063,5,2026-10-30 00:00:00
O008006,C01131,P0098,4,2026-10-30 02:00:00
O008007,C02487,P0025,3,2026-10-30 04:00:00
O008008,C00835,P0081,3,2026-10-30 06:00:00
O008009,C00227,P0053,2,2026-10-30 08:00:00
O008010,C00442,P0033,4,2026-10-30 10:00:00
O008011,C02444,P0087,5,2026-10-30 12:00:00
O008012,C00728,P0073,3,2026-10-30 14:00:00
O008013,C01605,P0006,2,2026-10-30 16:00:00
O008014,C02132,P0062,5,2026-10-30 18:00:00
O008015,C01037,P0066,5,2026-10-30 20:00:00
O008016,C01833,P0009,5,2026-10-30 22:00:00
O008017,C01849,P0067,1,2026-10-31 00:00:00
O008018,C02741,P0016,3,2026-10-31 02:00:00
O008019,C00493,P0089,1,2026-10-31 04:00:00
O008020,C01549,P0088,1,2026-10-31 06:00:00
O008021,C01144,P0093,3,2026-10-31 08:00:00
O008022,C00970,P0055,4,2026-10-31 10:00:00
O008023,C02401,P0040,2,2026-10-31 12:00:00
O008024,C02088,P0026,3,2026-10-31 14:00:00
O008025,C00640,P0038,2,2026-10-31 16:00:00
O008026,C00173,P0035,4,2026-10-31 18:00:00
O008027,C01571,P0087,3,2026-10-31 20:00:00
O008028,C00259,P0068,5,2026-10-31 22:00:00
O008029,C00517,P0059,3,2026-11-01 00:00:00
O008030,C02778,P0014,4,2026-11-01 02:00:00
O008031,C00523,P0047,1,2026-11-01 04:00:00
O008032,C01918,P0071,3,2026-11-01 06:00:00
O008033,C02887,P0072,5,2026-11-01 08:00:00
O008034,C02165,P0042,3,2026-11-01 10:00:00
O008035,C02232,P0051,1,2026-11-01 12:00:00
O008036,C01930,P0019,3,2026-11-01 14:00:00
O008037,C01140,P0066,5,2026-11-01 16:00:00
O008038,C02210,P0047,4,2026-11-01 18:00:00
O008039,C02591,P0065,5,2026-11-01 20:00:00
O008040,C00839,P0042,4,2026-11-01 22:00:00
O008041,C01090,P0038,5,2026-11-02 00:00:00
O008042,C01094,P0013,2,2026-11-02 02:00:00
O008043,C02495,P0044,3,2026-11-02 04:00:00
O008044,C02464,P0024,3,2026-11-02 06:00:00
O008045,C02580,P0096,1,2026-11-02 08:00:00
O008046,C02489,P0030,2,2026-11-02 10:00:00
O008047,C02786,P0070,1,2026-11-02 12:00:00
O008048,C01970,P0038,3,2026-11-02 14:00:00
O008049,C02512,P0097,1,2026-11-02 16:00:00
O008050,C02444,P0023,4,2026-11-02 18:00:00
O008051,C02759,P0074,2,2026-11-02 20:00:00
O008052,C01575,P0057,5,2026-11-02 22:00:00
O008053,C01581,P0079,4,2026-11-03 00:00:00
O008054,C02443,P0023,5,2026-11-03 02:00:00
O008055,C02374,P0036,1,2026-11-03 04:00:00
O008056,C01115,P0057,3,2026-11-03 06:00:00
O008057,C00750,P0001,4,2026-11-03 08:00:00
O008058,C01094,P0072,2,2026-11-03 10:00:00
O008059,C01190,P0003,5,2026-11-03 12:00:00
O008060,C02690,P0014,4,2026-11-03 14:00:00
O008061,C02262,P0081,3,2026-11-03 16:00:00
O008062,C01876,P0034,2,2026-11-03 18:00:00
O008063,C01788,P0070,2,2026-11-03 20:00:00
O008064,C02417,P0069,5,2026-11-03 22:00:00
O008065,C01608,P0051,4,2026-11-04 00:00:00
O008066,C00049,P0029,4,2026-11-04 02:00:00
O008067,C01076,P0099,2,2026-11-04 04:00:00
O008068,C01313,P0082,1,2026-11-04 06:00:00
O008069,C01650,P0048,2,2026-11-04 08:00:00
O008070,C02181,P0094,3,2026-11-04 10:00:00
O008071,C02834,P0079,4,2026-11-04 12:00:00
O008072,C01190,P0079,5,2026-11-04 14:00:00
O008073,C01398,P0016,4,2026-11-04 16:00:00
O008074,C02421,P0057,2,2026-11-04 18:00:00
O008075,C01829,P0097,3,2026-11-04 20:00:00
O008076,C00479,P0010,1,2026-11-04 22:00:00
O008077,C00832,P0019,4,2026-11-05 00:00:00
O008078,C02698,P0067,2,2026-11-05 02:00:00
O008079,C01615,P0036,2,2026-11-05 04:00:00
O008080,C00682,P0004,2,2026-11-05 06:00:00
O008081,C02736,P0075,3,2026-11-05 08:00:00
O008082,C01324,P0033,2,2026-11-05 10:00:00
O008083,C00082,P0028,2,2026-11-05 12:00:00
O008084,C00087,P0096,2,2026-11-05 14:00:00
O008085,C02273,P0080,4,2026-11-05 16:00:00
O008086,C02064,P0009,2,2026-11-05 18:00:00
O008087,C00822,P0075,3,2026-11-05 20:00:00
O008088,C00163,P0006,4,2026-11-05 22:00:00
O008089,C02562,P0049,2,2026-11-06 00:00:00
O008090,C02398,P0091,1,2026-11-06 02:00:00
O008091,C01933,P0076,3,2026-11-06 04:00:00
O008092,C02729,P0022,1,2026-11-06 06:00:00
O008093,C01851,P0048,3,2026-11-06 08:00:00
O008094,C01861,P0021,1,2026-11-06 10:00:00
O008095,C01116,P0033,2,2026-11-06 12:00:00
O008096,C02229,P0081,1,2026-11-06 14:00:00
O008097,C02791,P0056,1,2026-11-06 16:00:00
O008098,C02708,P0029,3,2026-11-06 18:00:00
O008099,C01883,P0053,2,2026-11-06 20:00:00
O008100,C02541,P0040,3,2026-11-06 22:00:00
O008101,C00923,P0074,2,2026-11-07 00:00:00
O008102,C02176,P0018,5,2026-11-07 02:00:00
O008103,C01450,P0047,4,2026-11-07 04:00:00
O008104,C01583,P0013,4,2026-11-07 06:00:00
O008105,C00565,P0027,3,2026-11-07 08:00:00
O008106,C02598,P0062,2,2026-11-07 10:00:00
O008107,C02501,P0074,1,2026-11-07 12:00:00
O008108,C00471,P0096,4,2026-11-07 14:00:00
O008109,C00988,P0045,3,2026-11-07 16:00:00
O008110,C02786,P0003,3,2026-11-07 18:00:00
O008111,C01935,P0022,3,2026-11-07 20:00:00
O008112,C00224,P0027,2,2026-11-07 22:00:00
O008113,C02202,P0055,3,2026-11-08 00:00:00
O008114,C02608,P0067,5,2026-11-08 02:00:00
O008115,C00351,P0033,1,2026-11-08 04:00:00
O008116,C01929,P0002,3,2026-11-08 06:00:00
O008117,C00349,P0075,2,2026-11-08 08:00:00
O008118,C00182,P0046,1,2026-11-08 10:00:00
O008119,C00637,P0074,1,2026-11-08 12:00:00
O008120,C01018,P0033,4,2026-11-08 14:00:00
O008121,C02227,P0058,3,2026-11-08 16:00:00
O008122,C00772,P0007,3,2026-11-08 18:00:00
O008123,C02942,P0015,2,2026-11-08 20:00:00
O008124,C01016,P0026,5,2026-11-08 22:00:00
O008125,C02112,P0011,5,2026-11-09 00:00:00
O008126,C00029,P0038,4,2026-11-09 02:00:00
O008127,C02420,P0027,5,2026-11-09 04:00:00
O008128,C02145,P0007,2,2026-11-09 06:00:00
O008129,C01894,P0001,4,2026-11-09 08:00:00
O008130,C01466,P0074,3,2026-11-09 10:00:00
O008131,C01227,P0021,5,2026-11-09 12:00:00
O008132,C02069,P0079,2,2026-11-09 14:00:00
O008133,C02783,P0030,2,2026-11-09 16:00:00
O008134,C01126,P0094,3,2026-11-09 18:00:00
O008135,C00066,P0008,2,2026-11-09 20:00:00
O008136,C02651,P0088,4,2026-11-09 22:00:00
O008137,C01135,P0083,4,2026-11-10 00:00:00
O008138,C00338,P0003,1,2026-11-10 02:00:00
O008139,C02171,P0055,3,2026-11-10 04:00:00
O008140,C01729,P0015,2,2026-11-10 06:00:00
O008141,C00447,P0036,5,2026-11-10 08:00:00
O008142,C02659,P0006,4,2026-11-10 10:00:00
O008143,C02719,P0042,3,2026-11-10 12:00:00
O008144,C02663,P0050,3,2026-11-10 14:00:00
O008145,C02945,P0018,4,2026-11-10 16:00:00
O008146,C00281,P0083,1,2026-11-10 18:00:00
O008147,C00596,P0050,3,2026-11-10 20:00:00
O008148,C01987,P0030,2,2026-11-10 22:00:00
O008149,C02751,P0077,5,2026-11-11 00:00:00
O008150,C01075,P0039,5,2026-11-11 02:00:00
O008151,C00210,P0012,4,2026-11-11 04:00:00
O008152,C00126,P0098,3,2026-11-11 06:00:00
O008153,C00492,P0059,5,2026-11-11 08:00:00
O008154,C00970,P0076,3,2026-11-11 10:00:00
O008155,C00581,P0044,4,2026-11-11 12:00:00
O008156,C02825,P0088,1,2026-11-11 14:00:00
O008157,C02306,P0004,5,2026-11-11 16:00:00
O008158,C01212,P0036,2,2026-11-11 18:00:00
O008159,C00230,P0048,4,2026-11-11 20:00:00
O008160,C00189,P0014,1,2026-11-11 22:00:00
O008161,C02058,P0081,2,2026-11-12 00:00:00
O008162,C02724,P0049,2,2026-11-12 02:00:00
O008163,C00502,P0067,5,2026-11-12 04:00:00
O008164,C02133,P0087,3,2026-11-12 06:00:00
O008165,C00049,P0077,4,2026-11-12 08:00:00
O008166,C02886,P0009,2,2026-11-12 10:00:00
O008167,C00689,P0021,5,2026-11-12 12:00:00
O008168,C00387,P0072,1,2026-11-12 14:00:00
O008169,C00970,P0081,2,2026-11-12 16:00:00
O008170,C01006,P0016,1,2026-11-12 18:00:00
O008171,C02266,P0016,4,2026-11-12 20:00:00
O008172,C01725,P0028,5,2026-11-12 22:00:00
O008173,C02005,P0051,1,2026-11-13 00:00:00
O008174,C02303,P0056,3,2026-11-13 02:00:00
O008175,C02284,P0080,1,2026-11-13 04:00:00
O008176,C01608,P0057,1,2026-11-13 06:00:00
O008177,C01790,P0052,5,2026-11-13 08:00:00
O008178,C00271,P0046,5,2026-11-13 10:00:00
O008179,C00123,P0078,2,2026-11-13 12:00:00
O008180,C02704,P0038,1,2026-11-13 14:00:00
O008181,C01281,P0084,1,2026-11-13 16:00:00
O008182,C01445,P0048,5,2026-11-13 18:00:00
O008183,C00259,P0041,3,2026-11-13 20:00:00
O008184,C00948,P0098,5,2026-11-13 22:00:00
O008185,C02095,P0059,3,2026-11-14 00:00:00
O008186,C00863,P0093,5,2026-11-14 02:00:00
O008187,C00525,P0067,4,2026-11-14 04:00:00
O008188,C00888,P0074,1,2026-11-14 06:00:00
O008189,C00208,P0084,3,2026-11-14 08:00:00
O008190,C02795,P0066,4,2026-11-14 10:00:00
O008191,C00149,P0027,3,2026-11-14 12:00:00
O008192,C00438,P0032,2,2026-11-14 14:00:00
O008193,C02203,P0056,2,2026-11-14 16:00:00
O008194,C01722,P0010,1,2026-11-14 18:00:00
O008195,C00358,P0040,4,2026-11-14 20:00:00
O008196,C01241,P0017,4,2026-11-14 22:00:00
O008197,C01931,P0058,2,2026-11-15 00:00:00
O008198,C00456,P0097,1,2026-11-15 02:00:00
O008199,C02824,P0006,2,2026-11-15 04:00:00
O008200,C01633,P0039,4,2026-11-15 06:00:00
O008201,C00629,P0018,3,2026-11-15 08:00:00
O008202,C02880,P0073,4,2026-11-15 10:00:00
O008203,C00486,P0072,1,2026-11-15 12:00:00
O008204,C02581,P0089,4,2026-11-15 14:00:00
O008205,C00200,P0095,5,2026-11-15 16:00:00
O008206,C00371,P0042,4,2026-11-15 18:00:00
O008207,C01014,P0004,5,2026-11-15 20:00:00
O008208,C01983,P0020,2,2026-11-15 22:00:00
O008209,C02901,P0028,5,2026-11-16 00:00:00
O008210,C01472,P0040,4,2026-11-16 02:00:00
O008211,C00248,P0065,4,2026-11-16 04:00:00
O008212,C00788,P0044,4,2026-11-16 06:00:00
O008213,C02312,P0023,1,2026-11-16 08:00:00
O008214,C02079,P0057,2,2026-11-16 10:00:00
O008215,C01522,P0047,5,2026-11-16 12:00:00
O008216,C01273,P0013,3,2026-11-16 14:00:00
O008217,C00605,P0016,5,2026-11-16 16:00:00
O008218,C01690,P0090,4,2026-11-16 18:00:00
O008219,C01418,P0055,3,2026-11-16 20:00:00
O008220,C01821,P0095,3,2026-11-16 22:00:00
O008221,C00502,P0065,5,2026-11-17 00:00:00
O008222,C02934,P0081,5,2026-11-17 02:00:00
O008223,C00549,P0016,5,2026-11-17 04:00:00
O008224,C01366,P0037,5,2026-11-17 06:00:00
O008225,C00839,P0052,2,2026-11-17 08:00:00
O008226,C01431,P0010,1,2026-11-17 10:00:00
O008227,C01449,P0038,1,2026-11-17 12:00:00
O008228,C00848,P0044,5,2026-11-17 14:00:00
O008229,C00614,P0095,1,2026-11-17 16:00:00
O008230,C00412,P0074,5,2026-11-17 18:00:00
O008231,C02480,P0054,5,2026-11-17 20:00:00
O008232,C00678,P0098,5,2026-11-17 22:00:00
O008233,C00159,P0051,2,2026-11-18 00:00:00
O008234,C02062,P0052,4,2026-11-18 02:00:00
O008235,C00373,P0070,1,2026-11-18 04:00:00
O008236,C02273,P0092,1,2026-11-18 06:00:00
O008237,C01097,P0092,2,2026-11-18 08:00:00
O008238,C02559,P0059,2,2026-11-18 10:00:00
O008239,C00603,P0013,5,2026-11-18 12:00:00
O008240,C00216,P0041,5,2026-11-18 14:00:00
O008241,C01997,P0012,4,2026-11-18 16:00:00
O008242,C01565,P0050,1,2026-11-18 18:00:00
O008243,C01841,P0057,2,2026-11-18 20:00:00
O008244,C01963,P0050,4,2026-11-18 22:00:00
O008245,C02888,P0057,1,2026-11-19 00:00:00
O008246,C00727,P0054,4,2026-11-19 02:00:00
O008247,C01245,P0066,4,2026-11-19 04:00:00
O008248,C02602,P0008,5,2026-11-19 06:00:00
O008249,C01066,P0063,4,2026-11-19 08:00:00
O008250,C00676,P0009,5,2026-11-19 10:00:00
O008251,C02921,P0060,1,2026-11-19 12:00:00
O008252,C00283,P0063,1,2026-11-19 14:00:00
O008253,C01082,P0072,5,2026-11-19 16:00:00
O008254,C02882,P0003,3,2026-11-19 18:00:00
O008255,C02585,P0073,4,2026-11-19 20:00:00
O008256,C01909,P0013,1,2026-11-19 22:00:00
O008257,C02971,P0009,4,2026-11-20 00:00:00
O008258,C01153,P0095,3,2026-11-20 02:00:00
O008259,C02890,P0089,4,2026-11-20 04:00:00
O008260,C00948,P0052,3,2026-11-20 06:00:00
O008261,C00665,P0062,2,2026-11-20 08:00:00
O008262,C01718,P0008,3,2026-11-20 10:00:00
O008263,C01149,P0095,1,2026-11-20 12:00:00
O008264,C00067,P0045,5,2026-11-20 14:00:00
O008265,C02054,P0053,5,2026-11-20 16:00:00
O008266,C00637,P0063,4,2026-11-20 18:00:00
O008267,C00314,P0095,2,2026-11-20 20:00:00
O008268,C00565,P0081,4,2026-11-20 22:00:00
O008269,C01602,P0057,3,2026-11-21 00:00:00
O008270,C00826,P0054,5,2026-11-21 02:00:00
O008271,C02554,P0019,3,2026-11-21 04:00:00
O008272,C01106,P0067,5,2026-11-21 06:00:00
O008273,C01026,P0046,5,2026-11-21 08:00:00
O008274,C02252,P0094,5,2026-11-21 10:00:00
O008275,C00662,P0010,1,2026-11-21 12:00:00
O008276,C00805,P0093,3,2026-11-21 14:00:00
O008277,C02452,P0018,4,2026-11-21 16:00:00
O008278,C00536,P0012,2,2026-11-21 18:00:00
O008279,C01392,P0049,4,2026-11-21 20:00:00
O008280,C01236,P0023,3,2026-11-21 22:00:00
O008281,C02625,P0062,2,2026-11-22 00:00:00
O008282,C02811,P0011,4,2026-11-22 02:00:00
O008283,C01921,P0073,2,2026-11-22 04:00:00
O008284,C02165,P0056,3,2026-11-22 06:00:00
O008285,C00628,P0088,5,2026-11-22 08:00:00
O008286,C00749,P0089,3,2026-11-22 10:00:00
O008287,C00105,P0055,1,2026-11-22 12:00:00
O008288,C02543,P0025,2,2026-11-22 14:00:00
O008289,C00046,P0009,3,2026-11-22 16:00:00
O008290,C02871,P0012,5,2026-11-22 18:00:00
O008291,C01355,P0011,5,2026-11-22 20:00:00
O008292,C01240,P0038,3,2026-11-22 22:00:00
O008293,C00982,P0028,4,2026-11-23 00:00:00
O008294,C00960,P0008,3,2026-11-23 02:00:00
O008295,C01516,P0074,5,2026-11-23 04:00:00
O008296,C01837,P0089,3,2026-11-23 06:00:00
O008297,C02893,P0047,1,2026-11-23 08:00:00
O008298,C02497,P0036,4,2026-11-23 10:00:00
O008299,C02584,P0050,3,2026-11-23 12:00:00
O008300,C02559,P0009,5,2026-11-23 14:00:00
O008301,C01482,P0060,3,2026-11-23 16:00:00
O008302,C01560,P0072,3,2026-11-23 18:00:00
O008303,C02588,P0067,2,2026-11-23 20:00:00
O008304,C01508,P0053,3,2026-11-23 22:00:00
O008305,C02064,P0082,1,2026-11-24 00:00:00
O008306,C02001,P0099,5,2026-11-24 02:00:00
O008307,C02291,P0017,2,2026-11-24 04:00:00
O008308,C01974,P0100,3,2026-11-24 06:00:00
O008309,C00912,P0053,4,2026-11-24 08:00:00
O008310,C01295,P0028,1,2026-11-24 10:00:00
O008311,C02809,P0063,1,2026-11-24 12:00:00
O008312,C01803,P0015,1,2026-11-24 14:00:00
O008313,C02753,P0019,2,2026-11-24 16:00:00
O008314,C01754,P0086,3,2026-11-24 18:00:00
O008315,C00115,P0070,1,2026-11-24 20:00:00
O008316,C01604,P0047,3,2026-11-24 22:00:00
O008317,C01323,P0071,4,2026-11-25 00:00:00
O008318,C01861,P0048,3,2026-11-25 02:00:00
O008319,C02445,P0073,3,2026-11-25 04:00:00
O008320,C02442,P0020,3,2026-11-25 06:00:00
O008321,C01099,P0037,5,2026-11-25 08:00:00
O008322,C00978,P0075,2,2026-11-25 10:00:00
O008323,C01506,P0002,3,2026-11-25 12:00:00
O008324,C01127,P0064,1,2026-11-25 14:00:00
O008325,C00297,P0086,5,2026-11-25 16:00:00
O008326,C02226,P0036,3,2026-11-25 18:00:00
O008327,C02363,P0005,5,2026-11-25 20:00:00
O008328,C01063,P0064,2,2026-11-25 22:00:00
O008329,C00259,P0007,5,2026-11-26 00:00:00
O008330,C02055,P0070,1,2026-11-26 02:00:00
O008331,C02097,P0022,3,2026-11-26 04:00:00
O008332,C02209,P0074,1,2026-11-26 06:00:00
O008333,C01893,P0046,4,2026-11-26 08:00:00
O008334,C00176,P0040,5,2026-11-26 10:00:00
O008335,C01001,P0061,5,2026-11-26 12:00:00
O008336,C01919,P0046,5,2026-11-26 14:00:00
O008337,C02503,P0084,2,2026-11-26 16:00:00
O008338,C01668,P0028,1,2026-11-26 18:00:00
O008339,C00276,P0087,4,2026-11-26 20:00:00
O008340,C02546,P0035,2,2026-11-26 22:00:00
O008341,C00676,P0001,2,2026-11-27 00:00:00
O008342,C01824,P0029,3,2026-11-27 02:00:00
O008343,C01052,P0009,4,2026-11-27 04:00:00
O008344,C01357,P0009,5,2026-11-27 06:00:00
O008345,C02104,P0022,5,2026-11-27 08:00:00
O008346,C00547,P0063,3,2026-11-27 10:00:00
O008347,C01136,P0066,5,2026-11-27 12:00:00
O008348,C02084,P0080,1,2026-11-27 14:00:00
O008349,C02041,P0058,5,2026-11-27 16:00:00
O008350,C00439,P0070,1,2026-11-27 18:00:00
O008351,C01753,P0055,3,2026-11-27 20:00:00
O008352,C01616,P0013,3,2026-11-27 22:00:00
O008353,C01850,P0097,1,2026-11-28 00:00:00
O008354,C02643,P0019,5,2026-11-28 02:00:00
O008355,C01601,P0079,3,2026-11-28 04:00:00
O008356,C01664,P0033,3,2026-11-28 06:00:00
O008357,C00307,P0074,1,2026-11-28 08:00:00
O008358,C00619,P0065,3,2026-11-28 10:00:00
O008359,C01133,P0060,5,2026-11-28 12:00:00
O008360,C01396,P0012,3,2026-11-28 14:00:00
O008361,C02405,P0043,1,2026-11-28 16:00:00
O008362,C02229,P0093,5,2026-11-28 18:00:00
O008363,C01380,P0017,4,2026-11-28 20:00:00
O008364,C01700,P0068,1,2026-11-28 22:00:00
O008365,C02116,P0029,4,2026-11-29 00:00:00
O008366,C02340,P0055,3,2026-11-29 02:00:00
O008367,C02740,P0007,5,2026-11-29 04:00:00
O008368,C00181,P0044,3,2026-11-29 06:00:00
O008369,C02482,P0077,5,2026-11-29 08:00:00
O008370,C01488,P0005,2,2026-11-29 10:00:00
O008371,C00914,P0060,3,2026-11-29 12:00:00
O008372,C01558,P0006,3,2026-11-29 14:00:00
O008373,C02114,P0098,3,2026-11-29 16:00:00
O008374,C01045,P0007,1,2026-11-29 18:00:00
O008375,C01636,P0046,5,2026-11-29 20:00:00
O008376,C02432,P0057,5,2026-11-29 22:00:00
O008377,C01639,P0054,5,2026-11-30 00:00:00
O008378,C01583,P0092,1,2026-11-30 02:00:00
O008379,C02087,P0046,5,2026-11-30 04:00:00
O008380,C01309,P0010,3,2026-11-30 06:00:00
O008381,C00822,P0004,4,2026-11-30 08:00:00
O008382,C00602,P0067,2,2026-11-30 10:00:00
O008383,C01621,P0025,5,2026-11-30 12:00:00
O008384,C00785,P0087,1,2026-11-30 14:00:00
O008385,C01212,P0091,1,2026-11-30 16:00:00
O008386,C00671,P0078,5,2026-11-30 18:00:00
O008387,C01267,P0061,4,2026-11-30 20:00:00
O008388,C01097,P0038,5,2026-11-30 22:00:00
O008389,C02527,P0032,1,2026-12-01 00:00:00
O008390,C01998,P0023,2,2026-12-01 02:00:00
O008391,C02609,P0037,4,2026-12-01 04:00:00
O008392,C00101,P0003,5,2026-12-01 06:00:00
O008393,C02562,P0099,2,2026-12-01 08:00:00
O008394,C01780,P0013,5,2026-12-01 10:00:00
O008395,C00176,P0034,4,2026-12-01 12:00:00
O008396,C00238,P0088,1,2026-12-01 14:00:00
O008397,C02958,P0065,4,2026-12-01 16:00:00
O008398,C01123,P0076,3,2026-12-01 18:00:00
O008399,C02919,P0008,5,2026-12-01 20:00:00
O008400,C01978,P0083,2,2026-12-01 22:00:00
O008401,C02543,P0009,2,2026-12-02 00:00:00
O008402,C02995,P0028,4,2026-12-02 02:00:00
O008403,C02004,P0078,4,2026-12-02 04:00:00
O008404,C01538,P0091,4,2026-12-02 06:00:00
O008405,C00755,P0018,2,2026-12-02 08:00:00
O008406,C02259,P0042,1,2026-12-02 10:00:00
O008407,C01147,P0041,2,2026-12-02 12:00:00
O008408,C01412,P0070,1,2026-12-02 14:00:00
O008409,C00140,P0033,4,2026-12-02 16:00:00
O008410,C00541,P0089,3,2026-12-02 18:00:00
O008411,C01415,P0077,2,2026-12-02 20:00:00
O008412,C00270,P0054,4,2026-12-02 22:00:00
O008413,C01036,P0087,2,2026-12-03 00:00:00
O008414,C01891,P0036,4,2026-12-03 02:00:00
O008415,C00506,P0097,2,2026-12-03 04:00:00
O008416,C01130,P0085,5,2026-12-03 06:00:00
O008417,C02080,P0098,2,2026-12-03 08:00:00
O008418,C01873,P0056,5,2026-12-03 10:00:00
O008419,C01093,P0100,1,2026-12-03 12:00:00
O008420,C00813,P0017,2,2026-12-03 14:00:00
O008421,C00362,P0010,1,2026-12-03 16:00:00
O008422,C01457,P0087,3,2026-12-03 18:00:00
O008423,C00929,P0044,5,2026-12-03 20:00:00
O008424,C00100,P0002,2,2026-12-03 22:00:00
O008425,C01682,P0099,1,2026-12-04 00:00:00
O008426,C02057,P0014,4,2026-12-04 02:00:00
O008427,C02745,P0041,1,2026-12-04 04:00:00
O008428,C01053,P0002,2,2026-12-04 06:00:00
O008429,C02510,P0019,3,2026-12-04 08:00:00
O008430,C00921,P0080,5,2026-12-04 10:00:00
O008431,C02438,P0089,4,2026-12-04 12:00:00
O008432,C00632,P0001,1,2026-12-04 14:00:00
O008433,C00682,P0002,2,2026-12-04 16:00:00
O008434,C02205,P0027,2,2026-12-04 18:00:00
O008435,C02383,P0002,5,2026-12-04 20:00:00
O008436,C02308,P0094,4,2026-12-04 22:00:00
O008437,C02130,P0051,1,2026-12-05 00:00:00
O008438,C00754,P0010,1,2026-12-05 02:00:00
O008439,C01465,P0019,1,2026-12-05 04:00:00
O008440,C00720,P0080,5,2026-12-05 06:00:00
O008441,C00075,P0013,5,2026-12-05 08:00:00
O008442,C01294,P0048,4,2026-12-05 10:00:00
O008443,C01923,P0056,1,2026-12-05 12:00:00
O008444,C02674,P0072,1,2026-12-05 14:00:00
O008445,C00062,P0056,4,2026-12-05 16:00:00
O008446,C00874,P0050,4,2026-12-05 18:00:00
O008447,C00320,P0095,4,2026-12-05 20:00:00
O008448,C02150,P0045,2,2026-12-05 22:00:00
O008449,C01453,P0089,4,2026-12-06 00:00:00
O008450,C00874,P0059,3,2026-12-06 02:00:00
O008451,C01746,P0039,5,2026-12-06 04:00:00
O008452,C02303,P0021,4,2026-12-06 06:00:00
O008453,C01556,P0055,2,2026-12-06 08:00:00
O008454,C02618,P0057,3,2026-12-06 10:00:00
O008455,C00112,P0041,2,2026-12-06 12:00:00
O008456,C00461,P0093,2,2026-12-06 14:00:00
O008457,C02756,P0070,2,2026-12-06 16:00:00
O008458,C00887,P0082,2,2026-12-06 18:00:00
O008459,C01116,P0049,1,2026-12-06 20:00:00
O008460,C01076,P0044,5,2026-12-06 22:00:00
O008461,C00520,P0035,1,2026-12-07 00:00:00
O008462,C00812,P0091,3,2026-12-07 02:00:00
O008463,C02284,P0005,1,2026-12-07 04:00:00
O008464,C01925,P0071,3,2026-12-07 06:00:00
O008465,C01605,P0074,4,2026-12-07 08:00:00
O008466,C00927,P0074,3,2026-12-07 10:00:00
O008467,C00557,P0051,1,2026-12-07 12:00:00
O008468,C02697,P0057,1,2026-12-07 14:00:00
O008469,C02282,P0058,3,2026-12-07 16:00:00
O008470,C01056,P0092,1,2026-12-07 18:00:00
O008471,C00579,P0036,3,2026-12-07 20:00:00
O008472,C00542,P0010,2,2026-12-07 22:00:00
O008473,C02162,P0050,5,2026-12-08 00:00:00
O008474,C02252,P0099,3,2026-12-08 02:00:00
O008475,C01053,P0099,2,2026-12-08 04:00:00
O008476,C02691,P0037,2,2026-12-08 06:00:00
O008477,C00474,P0020,2,2026-12-08 08:00:00
O008478,C02745,P0013,2,2026-12-08 10:00:00
O008479,C02301,P0075,3,2026-12-08 12:00:00
O008480,C00905,P0019,1,2026-12-08 14:00:00
O008481,C01946,P0092,2,2026-12-08 16:00:00
O008482,C00386,P0056,4,2026-12-08 18:00:00
O008483,C00062,P0045,2,2026-12-08 20:00:00
O008484,C00515,P0060,1,2026-12-08 22:00:00
O008485,C00430,P0068,1,2026-12-09 00:00:00
O008486,C00580,P0057,5,2026-12-09 02:00:00
O008487,C01561,P0054,5,2026-12-09 04:00:00
O008488,C01165,P0037,2,2026-12-09 06:00:00
O008489,C02791,P0083,2,2026-12-09 08:00:00
O008490,C01324,P0037,5,2026-12-09 10:00:00
O008491,C02723,P0014,2,2026-12-09 12:00:00
O008492,C02359,P0095,4,2026-12-09 14:00:00
O008493,C00471,P0092,3,2026-12-09 16:00:00
O008494,C01417,P0100,5,2026-12-09 18:00:00
O008495,C01666,P0044,5,2026-12-09 20:00:00
O008496,C01469,P0083,1,2026-12-09 22:00:00
O008497,C00809,P0042,2,2026-12-10 00:00:00
O008498,C00172,P0001,5,2026-12-10 02:00:00
O008499,C02624,P0023,5,2026-12-10 04:00:00
O008500,C00031,P0064,4,2026-12-10 06:00:00
O008501,C00047,P0028,2,2026-12-10 08:00:00
O008502,C00130,P0004,3,2026-12-10 10:00:00
O008503,C02400,P0041,4,2026-12-10 12:00:00
O008504,C00978,P0060,3,2026-12-10 14:00:00
O008505,C01646,P0018,1,2026-12-10 16:00:00
O008506,C01605,P0063,5,2026-12-10 18:00:00
O008507,C00058,P0061,4,2026-12-10 20:00:00
O008508,C01130,P0049,3,2026-12-10 22:00:00
O008509,C02860,P0047,2,2026-12-11 00:00:00
O008510,C01354,P0039,1,2026-12-11 02:00:00
O008511,C00768,P0089,1,2026-12-11 04:00:00
O008512,C00683,P0082,5,2026-12-11 06:00:00
O008513,C02009,P0006,5,2026-12-11 08:00:00
O008514,C02334,P0083,3,2026-12-11 10:00:00
O008515,C01791,P0053,3,2026-12-11 12:00:00
O008516,C01478,P0076,1,2026-12-11 14:00:00
O008517,C00886,P0025,3,2026-12-11 16:00:00
O008518,C00397,P0099,5,2026-12-11 18:00:00
O008519,C01539,P0065,1,2026-12-11 20:00:00
O008520,C02074,P0005,1,2026-12-11 22:00:00
O008521,C00313,P0065,2,2026-12-12 00:00:00
O008522,C02174,P0008,2,2026-12-12 02:00:00
O008523,C01589,P0039,3,2026-12-12 04:00:00
O008524,C01222,P0043,3,2026-12-12 06:00:00
O008525,C00811,P0082,5,2026-12-12 08:00:00
O008526,C02236,P0073,5,2026-12-12 10:00:00
O008527,C02746,P0005,2,2026-12-12 12:00:00
O008528,C02858,P0004,1,2026-12-12 14:00:00
O008529,C02764,P0093,4,2026-12-12 16:00:00
O008530,C02033,P0001,4,2026-12-12 18:00:00
O008531,C01508,P0094,3,2026-12-12 20:00:00
O008532,C00450,P0056,4,2026-12-12 22:00:00
O008533,C02571,P0045,4,2026-12-13 00:00:00
O008534,C01895,P0065,2,2026-12-13 02:00:00
O008535,C01378,P0003,1,2026-12-13 04:00:00
O008536,C02706,P0022,5,2026-12-13 06:00:00
O008537,C00597,P0072,2,2026-12-13 08:00:00
O008538,C02148,P0056,5,2026-12-13 10:00:00
O008539,C00616,P0018,2,2026-12-13 12:00:00
O008540,C00948,P0025,2,2026-12-13 14:00:00
O008541,C01582,P0048,4,2026-12-13 16:00:00
O008542,C00556,P0084,5,2026-12-13 18:00:00
O008543,C00278,P0031,2,2026-12-13 20:00:00
O008544,C02014,P0030,4,2026-12-13 22:00:00
O008545,C00491,P0080,3,2026-12-14 00:00:00
O008546,C00255,P0066,5,2026-12-14 02:00:00
O008547,C02429,P0081,2,2026-12-14 04:00:00
O008548,C00892,P0010,3,2026-12-14 06:00:00
O008549,C00542,P0071,4,2026-12-14 08:00:00
O008550,C01288,P0059,2,2026-12-14 10:00:00
O008551,C01634,P0051,4,2026-12-14 12:00:00
O008552,C00825,P0009,4,2026-12-14 14:00:00
O008553,C02927,P0054,4,2026-12-14 16:00:00
O008554,C01353,P0062,5,2026-12-14 18:00:00
O008555,C00281,P0081,3,2026-12-14 20:00:00
O008556,C01299,P0009,3,2026-12-14 22:00:00
O008557,C00773,P0009,1,2026-12-15 00:00:00
O008558,C02891,P0024,2,2026-12-15 02:00:00
O008559,C02767,P0039,4,2026-12-15 04:00:00
O008560,C00328,P0075,2,2026-12-15 06:00:00
O008561,C02259,P0008,3,2026-12-15 08:00:00
O008562,C02775,P0025,3,2026-12-15 10:00:00
O008563,C00923,P0066,4,2026-12-15 12:00:00
O008564,C00552,P0010,5,2026-12-15 14:00:00
O008565,C02074,P0024,4,2026-12-15 16:00:00
O008566,C02075,P0080,4,2026-12-15 18:00:00
O008567,C00702,P0083,1,2026-12-15 20:00:00
O008568,C01920,P0059,5,2026-12-15 22:00:00
O008569,C02730,P0031,2,2026-12-16 00:00:00
O008570,C02461,P0011,5,2026-12-16 02:00:00
O008571,C00167,P0006,4,2026-12-16 04:00:00
O008572,C00169,P0070,4,2026-12-16 06:00:00
O008573,C00229,P0032,4,2026-12-16 08:00:00
O008574,C02003,P0039,4,2026-12-16 10:00:00
O008575,C00367,P0048,4,2026-12-16 12:00:00
O008576,C00528,P0013,5,2026-12-16 14:00:00
O008577,C00791,P0059,4,2026-12-16 16:00:00
O008578,C00524,P0067,3,2026-12-16 18:00:00
O008579,C01096,P0056,3,2026-12-16 20:00:00
O008580,C01669,P0041,1,2026-12-16 22:00:00
O008581,C02154,P0056,2,2026-12-17 00:00:00
O008582,C02780,P0035,3,2026-12-17 02:00:00
O008583,C01909,P0038,1,2026-12-17 04:00:00
O008584,C01306,P0081,5,2026-12-17 06:00:00
O008585,C00133,P0067,2,2026-12-17 08:00:00
O008586,C02582,P0034,4,2026-12-17 10:00:00
O008587,C02317,P0076,4,2026-12-17 12:00:00
O008588,C02721,P0088,5,2026-12-17 14:00:00
O008589,C01643,P0070,2,2026-12-17 16:00:00
O008590,C02839,P0011,3,2026-12-17 18:00:00
O008591,C01889,P0027,2,2026-12-17 20:00:00
O008592,C01771,P0048,1,2026-12-17 22:00:00
O008593,C00018,P0024,5,2026-12-18 00:00:00
O008594,C01778,P0018,3,2026-12-18 02:00:00
O008595,C00117,P0027,2,2026-12-18 04:00:00
O008596,C00798,P0054,2,2026-12-18 06:00:00
O008597,C02599,P0055,3,2026-12-18 08:00:00
O008598,C02977,P0021,1,2026-12-18 10:00:00
O008599,C01712,P0059,1,2026-12-18 12:00:00
O008600,C00753,P0034,2,2026-12-18 14:00:00
O008601,C02470,P0097,4,2026-12-18 16:00:00
O008602,C01393,P0058,3,2026-12-18 18:00:00
O008603,C02694,P0048,1,2026-12-18 20:00:00
O008604,C02606,P0054,1,2026-12-18 22:00:00
O008605,C02098,P0018,1,2026-12-19 00:00:00
O008606,C00678,P0003,5,2026-12-19 02:00:00
O008607,C00106,P0024,4,2026-12-19 04:00:00
O008608,C00658,P0001,1,2026-12-19 06:00:00
O008609,C01947,P0006,4,2026-12-19 08:00:00
O008610,C01449,P0019,2,2026-12-19 10:00:00
O008611,C01096,P0086,2,2026-12-19 12:00:00
O008612,C00988,P0043,5,2026-12-19 14:00:00
O008613,C02890,P0008,4,2026-12-19 16:00:00
O008614,C01809,P0069,3,2026-12-19 18:00:00
O008615,C01783,P0052,5,2026-12-19 20:00:00
O008616,C00446,P0073,1,2026-12-19 22:00:00
O008617,C01949,P0047,2,2026-12-20 00:00:00
O008618,C02118,P0085,2,2026-12-20 02:00:00
O008619,C01998,P0028,3,2026-12-20 04:00:00
O008620,C02198,P0046,5,2026-12-20 06:00:00
O008621,C00774,P0004,4,2026-12-20 08:00:00
O008622,C01562,P0088,2,2026-12-20 10:00:00
O008623,C01676,P0008,1,2026-12-20 12:00:00
O008624,C01123,P0061,3,2026-12-20 14:00:00
O008625,C01302,P0017,3,2026-12-20 16:00:00
O008626,C01587,P0034,3,2026-12-20 18:00:00
O008627,C01687,P0020,1,2026-12-20 20:00:00
O008628,C00944,P0080,3,2026-12-20 22:00:00
O008629,C00455,P0074,4,2026-12-21 00:00:00
O008630,C01128,P0034,4,2026-12-21 02:00:00
O008631,C00946,P0043,5,2026-12-21 04:00:00
O008632,C00601,P0010,5,2026-12-21 06:00:00
O008633,C02701,P0094,4,2026-12-21 08:00:00
O008634,C00725,P0030,1,2026-12-21 10:00:00
O008635,C02281,P0025,5,2026-12-21 12:00:00
O008636,C01418,P0057,3,2026-12-21 14:00:00
O008637,C01525,P0063,4,2026-12-21 16:00:00
O008638,C00251,P0071,2,2026-12-21 18:00:00
O008639,C01545,P0047,1,2026-12-21 20:00:00
O008640,C00079,P0084,1,2026-12-21 22:00:00
O008641,C00898,P0081,4,2026-12-22 00:00:00
O008642,C02969,P0003,2,2026-12-22 02:00:00
O008643,C00781,P0046,1,2026-12-22 04:00:00
O008644,C00226,P0036,5,2026-12-22 06:00:00
O008645,C01075,P0026,2,2026-12-22 08:00:00
O008646,C01210,P0010,3,2026-12-22 10:00:00
O008647,C01058,P0034,5,2026-12-22 12:00:00
O008648,C00803,P0078,2,2026-12-22 14:00:00
O008649,C00742,P0008,4,2026-12-22 16:00:00
O008650,C02179,P0055,1,2026-12-22 18:00:00
O008651,C02680,P0091,5,2026-12-22 20:00:00
O008652,C02886,P0010,4,2026-12-22 22:00:00
O008653,C02807,P0057,2,2026-12-23 00:00:00
O008654,C00704,P0079,3,2026-12-23 02:00:00
O008655,C02545,P0086,1,2026-12-23 04:00:00
O008656,C01427,P0045,1,2026-12-23 06:00:00
O008657,C02371,P0050,5,2026-12-23 08:00:00
O008658,C00615,P0064,4,2026-12-23 10:00:00
O008659,C00329,P0095,2,2026-12-23 12:00:00
O008660,C01396,P0002,2,2026-12-23 14:00:00
O008661,C01484,P0045,4,2026-12-23 16:00:00
O008662,C00133,P0095,1,2026-12-23 18:00:00
O008663,C00835,P0062,4,2026-12-23 20:00:00
O008664,C02699,P0014,2,2026-12-23 22:00:00
O008665,C00121,P0074,4,2026-12-24 00:00:00
O008666,C02654,P0094,1,2026-12-24 02:00:00
O008667,C01476,P0100,5,2026-12-24 04:00:00
O008668,C00965,P0015,1,2026-12-24 06:00:00
O008669,C00129,P0014,3,2026-12-24 08:00:00
O008670,C01599,P0031,3,2026-12-24 10:00:00
O008671,C02077,P0029,4,2026-12-24 12:00:00
O008672,C02770,P0027,1,2026-12-24 14:00:00
O008673,C01548,P0085,1,2026-12-24 16:00:00
O008674,C00333,P0009,2,2026-12-24 18:00:00
O008675,C01154,P0020,5,2026-12-24 20:00:00
O008676,C01317,P0099,1,2026-12-24 22:00:00
O008677,C01197,P0058,4,2026-12-25 00:00:00
O008678,C02992,P0079,2,2026-12-25 02:00:00
O008679,C01430,P0088,2,2026-12-25 04:00:00
O008680,C00356,P0049,4,2026-12-25 06:00:00
O008681,C00139,P0057,4,2026-12-25 08:00:00
O008682,C01527,P0016,1,2026-12-25 10:00:00
O008683,C01198,P0100,1,2026-12-25 12:00:00
O008684,C00029,P0075,2,2026-12-25 14:00:00
O008685,C00931,P0008,2,2026-12-25 16:00:00
O008686,C02544,P0067,5,2026-12-25 18:00:00
O008687,C01014,P0019,2,2026-12-25 20:00:00
O008688,C02703,P0067,4,2026-12-25 22:00:00
O008689,C00828,P0036,4,2026-12-26 00:00:00
O008690,C00351,P0089,5,2026-12-26 02:00:00
O008691,C02602,P0060,3,2026-12-26 04:00:00
O008692,C02025,P0036,3,2026-12-26 06:00:00
O008693,C00299,P0011,4,2026-12-26 08:00:00
O008694,C01744,P0051,3,2026-12-26 10:00:00
O008695,C01866,P0080,3,2026-12-26 12:00:00
O008696,C01216,P0055,5,2026-12-26 14:00:00
O008697,C01696,P0054,2,2026-12-26 16:00:00
O008698,C02112,P0017,2,2026-12-26 18:00:00
O008699,C00755,P0062,3,2026-12-26 20:00:00
O008700,C00770,P0042,1,2026-12-26 22:00:00
O008701,C01239,P0024,5,2026-12-27 00:00:00
O008702,C00834,P0017,3,2026-12-27 02:00:00
O008703,C02214,P0048,1,2026-12-27 04:00:00
O008704,C01907,P0084,1,2026-12-27 06:00:00
O008705,C01565,P0086,5,2026-12-27 08:00:00
O008706,C01219,P0070,2,2026-12-27 10:00:00
O008707,C00506,P0007,4,2026-12-27 12:00:00
O008708,C01358,P0014,1,2026-12-27 14:00:00
O008709,C02841,P0011,4,2026-12-27 16:00:00
O008710,C02881,P0012,4,2026-12-27 18:00:00
O008711,C01461,P0005,5,2026-12-27 20:00:00
O008712,C02906,P0005,2,2026-12-27 22:00:00
O008713,C01417,P0020,5,2026-12-28 00:00:00
O008714,C02854,P0054,1,2026-12-28 02:00:00
O008715,C01173,P0055,2,2026-12-28 04:00:00
O008716,C00761,P0058,3,2026-12-28 06:00:00
O008717,C00833,P0079,2,2026-12-28 08:00:00
O008718,C01429,P0090,5,2026-12-28 10:00:00
O008719,C00283,P0097,5,2026-12-28 12:00:00
O008720,C00379,P0030,4,2026-12-28 14:00:00
O008721,C00198,P0024,3,2026-12-28 16:00:00
O008722,C00556,P0087,2,2026-12-28 18:00:00
O008723,C00356,P0073,3,2026-12-28 20:00:00
O008724,C01564,P0003,4,2026-12-28 22:00:00
O008725,C01041,P0100,3,2026-12-29 00:00:00
O008726,C02687,P0048,3,2026-12-29 02:00:00
O008727,C00379,P0071,2,2026-12-29 04:00:00
O008728,C00680,P0022,3,2026-12-29 06:00:00
O008729,C02554,P0014,4,2026-12-29 08:00:00
O008730,C01780,P0048,1,2026-12-29 10:00:00
O008731,C00899,P0029,1,2026-12-29 12:00:00
O008732,C00076,P0050,5,2026-12-29 14:00:00
O008733,C00231,P0080,1,2026-12-29 16:00:00
O008734,C01740,P0098,2,2026-12-29 18:00:00
O008735,C00962,P0010,5,2026-12-29 20:00:00
O008736,C02350,P0071,1,2026-12-29 22:00:00
O008737,C02774,P0089,1,2026-12-30 00:00:00
O008738,C02263,P0027,5,2026-12-30 02:00:00
O008739,C02117,P0079,2,2026-12-30 04:00:00
O008740,C00393,P0096,5,2026-12-30 06:00:00
O008741,C01109,P0028,2,2026-12-30 08:00:00
O008742,C00267,P0009,2,2026-12-30 10:00:00
O008743,C01093,P0071,4,2026-12-30 12:00:00
O008744,C00611,P0080,1,2026-12-30 14:00:00
O008745,C01371,P0026,1,2026-12-30 16:00:00
O008746,C01009,P0099,3,2026-12-30 18:00:00
O008747,C00962,P0081,5,2026-12-30 20:00:00
O008748,C02776,P0087,4,2026-12-30 22:00:00
O008749,C00673,P0008,1,2026-12-31 00:00:00
O008750,C02471,P0002,3,2026-12-31 02:00:00
O008751,C01701,P0095,4,2026-12-31 04:00:00
O008752,C02163,P0057,2,2026-12-31 06:00:00
O008753,C02268,P0052,1,2026-12-31 08:00:00
O008754,C00031,P0058,5,2026-12-31 10:00:00
O008755,C01367,P0096,4,2026-12-31 12:00:00
O008756,C01401,P0093,3,2026-12-31 14:00:00
O008757,C01154,P0003,5,2026-12-31 16:00:00
O008758,C00617,P0008,2,2026-12-31 18:00:00
O008759,C00539,P0059,5,2026-12-31 20:00:00
O008760,C02787,P0002,3,2026-12-31 22:00:00
O008761,C00871,P0095,2,2027-01-01 00:00:00
O008762,C00101,P0062,3,2027-01-01 02:00:00
O008763,C01413,P0049,1,2027-01-01 04:00:00
O008764,C02740,P0020,3,2027-01-01 06:00:00
O008765,C00941,P0029,5,2027-01-01 08:00:00
O008766,C00341,P0017,1,2027-01-01 10:00:00
O008767,C02909,P0074,1,2027-01-01 12:00:00
O008768,C01044,P0022,4,2027-01-01 14:00:00
O008769,C00038,P0006,5,2027-01-01 16:00:00
O008770,C00660,P0062,5,2027-01-01 18:00:00
O008771,C02034,P0098,2,2027-01-01 20:00:00
O008772,C01561,P0031,3,2027-01-01 22:00:00
O008773,C01657,P0062,3,2027-01-02 00:00:00
O008774,C02976,P0012,5,2027-01-02 02:00:00
O008775,C01050,P0012,3,2027-01-02 04:00:00
O008776,C00454,P0063,5,2027-01-02 06:00:00
O008777,C01705,P0016,1,2027-01-02 08:00:00
O008778,C01347,P0025,3,2027-01-02 10:00:00
O008779,C02785,P0022,3,2027-01-02 12:00:00
O008780,C00819,P0091,5,2027-01-02 14:00:00
O008781,C00773,P0088,5,2027-01-02 16:00:00
O008782,C00013,P0076,2,2027-01-02 18:00:00
O008783,C02963,P0018,3,2027-01-02 20:00:00
O008784,C00921,P0045,4,2027-01-02 22:00:00
O008785,C00825,P0080,5,2027-01-03 00:00:00
O008786,C02419,P0068,4,2027-01-03 02:00:00
O008787,C01315,P0012,1,2027-01-03 04:00:00
O008788,C02380,P0049,1,2027-01-03 06:00:00
O008789,C02309,P0033,4,2027-01-03 08:00:00
O008790,C02018,P0086,1,2027-01-03 10:00:00
O008791,C01229,P0063,4,2027-01-03 12:00:00
O008792,C00697,P0018,2,2027-01-03 14:00:00
O008793,C02735,P0054,2,2027-01-03 16:00:00
O008794,C00950,P0097,1,2027-01-03 18:00:00
O008795,C02435,P0027,4,2027-01-03 20:00:00
O008796,C02869,P0083,4,2027-01-03 22:00:00
O008797,C02516,P0078,4,2027-01-04 00:00:00
O008798,C01439,P0025,1,2027-01-04 02:00:00
O008799,C00069,P0034,4,2027-01-04 04:00:00
O008800,C01782,P0088,5,2027-01-04 06:00:00
O008801,C02248,P0060,4,2027-01-04 08:00:00
O008802,C02264,P0054,5,2027-01-04 10:00:00
O008803,C01970,P0087,2,2027-01-04 12:00:00
O008804,C00212,P0005,5,2027-01-04 14:00:00
O008805,C00508,P0036,2,2027-01-04 16:00:00
O008806,C02064,P0054,1,2027-01-04 18:00:00
O008807,C01522,P0088,2,2027-01-04 20:00:00
O008808,C02932,P0036,2,2027-01-04 22:00:00
O008809,C00332,P0069,4,2027-01-05 00:00:00
O008810,C02765,P0039,3,2027-01-05 02:00:00
O008811,C00551,P0070,2,2027-01-05 04:00:00
O008812,C01625,P0100,5,2027-01-05 06:00:00
O008813,C00942,P0004,1,2027-01-05 08:00:00
O008814,C02304,P0074,5,2027-01-05 10:00:00
O008815,C00728,P0065,1,2027-01-05 12:00:00
O008816,C00880,P0085,5,2027-01-05 14:00:00
O008817,C02863,P0040,2,2027-01-05 16:00:00
O008818,C00649,P0037,3,2027-01-05 18:00:00
O008819,C01000,P0067,2,2027-01-05 20:00:00
O008820,C01522,P0031,4,2027-01-05 22:00:00
O008821,C02519,P0091,5,2027-01-06 00:00:00
O008822,C02738,P0081,3,2027-01-06 02:00:00
O008823,C01613,P0087,5,2027-01-06 04:00:00
O008824,C02748,P0077,4,2027-01-06 06:00:00
O008825,C02555,P0047,4,2027-01-06 08:00:00
O008826,C01010,P0027,4,2027-01-06 10:00:00
O008827,C01551,P0051,2,2027-01-06 12:00:00
O008828,C00804,P0020,2,2027-01-06 14:00:00
O008829,C02879,P0013,3,2027-01-06 16:00:00
O008830,C00214,P0063,4,2027-01-06 18:00:00
O008831,C00169,P0044,2,2027-01-06 20:00:00
O008832,C00978,P0024,1,2027-01-06 22:00:00
O008833,C01329,P0003,1,2027-01-07 00:00:00
O008834,C00146,P0010,2,2027-01-07 02:00:00
O008835,C01799,P0065,3,2027-01-07 04:00:00
O008836,C00516,P0049,5,2027-01-07 06:00:00
O008837,C00453,P0058,4,2027-01-07 08:00:00
O008838,C00060,P0077,2,2027-01-07 10:00:00
O008839,C00528,P0078,3,2027-01-07 12:00:00
O008840,C01024,P0097,5,2027-01-07 14:00:00
O008841,C02522,P0002,3,2027-01-07 16:00:00
O008842,C01565,P0066,5,2027-01-07 18:00:00
O008843,C02805,P0031,1,2027-01-07 20:00:00
O008844,C02830,P0068,5,2027-01-07 22:00:00
O008845,C01103,P0098,1,2027-01-08 00:00:00
O008846,C00433,P0083,4,2027-01-08 02:00:00
O008847,C01177,P0037,2,2027-01-08 04:00:00
O008848,C00401,P0073,1,2027-01-08 06:00:00
O008849,C02105,P0024,3,2027-01-08 08:00:00
O008850,C02234,P0077,5,2027-01-08 10:00:00
O008851,C02446,P0044,3,2027-01-08 12:00:00
O008852,C00605,P0094,1,2027-01-08 14:00:00
O008853,C02836,P0083,3,2027-01-08 16:00:00
O008854,C02206,P0041,5,2027-01-08 18:00:00
O008855,C01811,P0074,2,2027-01-08 20:00:00
O008856,C01464,P0051,3,2027-01-08 22:00:00
O008857,C02637,P0042,4,2027-01-09 00:00:00
O008858,C02514,P0078,5,2027-01-09 02:00:00
O008859,C02494,P0040,5,2027-01-09 04:00:00
O008860,C01774,P0048,4,2027-01-09 06:00:00
O008861,C02849,P0084,1,2027-01-09 08:00:00
O008862,C01554,P0004,4,2027-01-09 10:00:00
O008863,C01097,P0060,1,2027-01-09 12:00:00
O008864,C00929,P0039,2,2027-01-09 14:00:00
O008865,C01952,P0005,1,2027-01-09 16:00:00
O008866,C01974,P0096,2,2027-01-09 18:00:00
O008867,C02065,P0006,2,2027-01-09 20:00:00
O008868,C01555,P0014,4,2027-01-09 22:00:00
O008869,C02779,P0070,2,2027-01-10 00:00:00
O008870,C00326,P0078,1,2027-01-10 02:00:00
O008871,C00995,P0012,3,2027-01-10 04:00:00
O008872,C00613,P0062,5,2027-01-10 06:00:00
O008873,C02594,P0027,5,2027-01-10 08:00:00
O008874,C00596,P0054,1,2027-01-10 10:00:00
O008875,C00921,P0090,3,2027-01-10 12:00:00
O008876,C00842,P0012,2,2027-01-10 14:00:00
O008877,C01226,P0008,1,2027-01-10 16:00:00
O008878,C00344,P0074,2,2027-01-10 18:00:00
O008879,C01877,P0016,4,2027-01-10 20:00:00
O008880,C00859,P0052,3,2027-01-10 22:00:00
O008881,C01424,P0026,5,2027-01-11 00:00:00
O008882,C00445,P0008,1,2027-01-11 02:00:00
O008883,C01789,P0045,5,2027-01-11 04:00:00
O008884,C00222,P0093,2,2027-01-11 06:00:00
O008885,C00592,P0084,2,2027-01-11 08:00:00
O008886,C01031,P0081,4,2027-01-11 10:00:00
O008887,C01296,P0019,2,2027-01-11 12:00:00
O008888,C01018,P0017,2,2027-01-11 14:00:00
O008889,C02064,P0065,5,2027-01-11 16:00:00
O008890,C01448,P0029,5,2027-01-11 18:00:00
O008891,C02046,P0014,1,2027-01-11 20:00:00
O008892,C00524,P0017,1,2027-01-11 22:00:00
O008893,C02851,P0013,2,2027-01-12 00:00:00
O008894,C02069,P0093,3,2027-01-12 02:00:00
O008895,C02276,P0098,1,2027-01-12 04:00:00
O008896,C01809,P0091,2,2027-01-12 06:00:00
O008897,C01312,P0063,5,2027-01-12 08:00:00
O008898,C02857,P0033,4,2027-01-12 10:00:00
O008899,C01307,P0029,5,2027-01-12 12:00:00
O008900,C02452,P0037,5,2027-01-12 14:00:00
O008901,C01090,P0083,4,2027-01-12 16:00:00
O008902,C01673,P0046,5,2027-01-12 18:00:00
O008903,C00437,P0024,1,2027-01-12 20:00:00
O008904,C00829,P0014,5,2027-01-12 22:00:00
O008905,C02982,P0005,4,2027-01-13 00:00:00
O008906,C00259,P0053,2,2027-01-13 02:00:00
O008907,C02004,P0088,2,2027-01-13 04:00:00
O008908,C01990,P0098,2,2027-01-13 06:00:00
O008909,C00103,P0095,4,2027-01-13 08:00:00
O008910,C00993,P0030,4,2027-01-13 10:00:00
O008911,C00769,P0060,1,2027-01-13 12:00:00
O008912,C01125,P0073,4,2027-01-13 14:00:00
O008913,C01222,P0091,2,2027-01-13 16:00:00
O008914,C02861,P0028,4,2027-01-13 18:00:00
O008915,C02274,P0026,3,2027-01-13 20:00:00
O008916,C02991,P0018,5,2027-01-13 22:00:00
O008917,C02511,P0036,1,2027-01-14 00:00:00
O008918,C00237,P0008,2,2027-01-14 02:00:00
O008919,C01145,P0018,2,2027-01-14 04:00:00
O008920,C02554,P0084,3,2027-01-14 06:00:00
O008921,C02862,P0058,1,2027-01-14 08:00:00
O008922,C00767,P0032,5,2027-01-14 10:00:00
O008923,C02682,P0093,1,2027-01-14 12:00:00
O008924,C00991,P0049,1,2027-01-14 14:00:00
O008925,C02666,P0048,2,2027-01-14 16:00:00
O008926,C01760,P0082,4,2027-01-14 18:00:00
O008927,C02321,P0071,5,2027-01-14 20:00:00
O008928,C02280,P0065,1,2027-01-14 22:00:00
O008929,C02816,P0092,3,2027-01-15 00:00:00
O008930,C00496,P0033,2,2027-01-15 02:00:00
O008931,C01048,P0050,4,2027-01-15 04:00:00
O008932,C01727,P0004,4,2027-01-15 06:00:00
O008933,C02550,P0084,2,2027-01-15 08:00:00
O008934,C02073,P0036,1,2027-01-15 10:00:00
O008935,C02336,P0095,2,2027-01-15 12:00:00
O008936,C00338,P0028,4,2027-01-15 14:00:00
O008937,C01938,P0003,4,2027-01-15 16:00:00
O008938,C01818,P0006,3,2027-01-15 18:00:00
O008939,C00137,P0045,3,2027-01-15 20:00:00
O008940,C02556,P0023,4,2027-01-15 22:00:00
O008941,C02275,P0007,3,2027-01-16 00:00:00
O008942,C00320,P0061,3,2027-01-16 02:00:00
O008943,C01864,P0100,3,2027-01-16 04:00:00
O008944,C00916,P0065,4,2027-01-16 06:00:00
O008945,C01206,P0006,1,2027-01-16 08:00:00
O008946,C01898,P0024,1,2027-01-16 10:00:00
O008947,C02134,P0037,5,2027-01-16 12:00:00
O008948,C00926,P0045,3,2027-01-16 14:00:00
O008949,C02101,P0051,1,2027-01-16 16:00:00
O008950,C02908,P0100,5,2027-01-16 18:00:00
O008951,C02915,P0088,2,2027-01-16 20:00:00
O008952,C01259,P0045,3,2027-01-16 22:00:00
O008953,C01983,P0063,1,2027-01-17 00:00:00
O008954,C00433,P0029,1,2027-01-17 02:00:00
O008955,C00999,P0096,1,2027-01-17 04:00:00
O008956,C02148,P0025,5,2027-01-17 06:00:00
O008957,C00990,P0010,2,2027-01-17 08:00:00
O008958,C00599,P0035,3,2027-01-17 10:00:00
O008959,C02451,P0055,1,2027-01-17 12:00:00
O008960,C00396,P0025,4,2027-01-17 14:00:00
O008961,C00415,P0091,3,2027-01-17 16:00:00
O008962,C00939,P0045,4,2027-01-17 18:00:00
O008963,C01637,P0096,5,2027-01-17 20:00:00
O008964,C02725,P0012,1,2027-01-17 22:00:00
O008965,C02511,P0004,3,2027-01-18 00:00:00
O008966,C00541,P0090,3,2027-01-18 02:00:00
O008967,C01650,P0067,1,2027-01-18 04:00:00
O008968,C01946,P0017,2,2027-01-18 06:00:00
O008969,C00084,P0073,5,2027-01-18 08:00:00
O008970,C00271,P0093,1,2027-01-18 10:00:00
O008971,C02292,P0065,3,2027-01-18 12:00:00
O008972,C00388,P0082,2,2027-01-18 14:00:00
O008973,C00214,P0053,3,2027-01-18 16:00:00
O008974,C02866,P0084,4,2027-01-18 18:00:00
O008975,C00059,P0057,3,2027-01-18 20:00:00
O008976,C01626,P0098,5,2027-01-18 22:00:00
O008977,C02931,P0028,1,2027-01-19 00:00:00
O008978,C00843,P0099,3,2027-01-19 02:00:00
O008979,C02972,P0016,4,2027-01-19 04:00:00
O008980,C01528,P0021,4,2027-01-19 06:00:00
O008981,C01730,P0077,1,2027-01-19 08:00:00
O008982,C00123,P0099,4,2027-01-19 10:00:00
O008983,C01437,P0042,1,2027-01-19 12:00:00
O008984,C01163,P0054,5,2027-01-19 14:00:00
O008985,C02487,P0032,1,2027-01-19 16:00:00
O008986,C00562,P0038,2,2027-01-19 18:00:00
O008987,C02166,P0070,4,2027-01-19 20:00:00
O008988,C01738,P0038,4,2027-01-19 22:00:00
O008989,C00905,P0054,3,2027-01-20 00:00:00
O008990,C00395,P0060,2,2027-01-20 02:00:00
O008991,C01727,P0077,3,2027-01-20 04:00:00
O008992,C02924,P0077,1,2027-01-20 06:00:00
O008993,C01717,P0047,5,2027-01-20 08:00:00
O008994,C00935,P0012,4,2027-01-20 10:00:00
O008995,C01102,P0053,5,2027-01-20 12:00:00
O008996,C03000,P0033,1,2027-01-20 14:00:00
O008997,C01436,P0028,1,2027-01-20 16:00:00
O008998,C00075,P0003,2,2027-01-20 18:00:00
O008999,C00295,P0082,3,2027-01-20 20:00:00
O009000,C00021,P0026,4,2027-01-20 22:00:00
O009001,C01039,P0054,4,2027-01-21 00:00:00
O009002,C01235,P0040,5,2027-01-21 02:00:00
O009003,C00560,P0066,2,2027-01-21 04:00:00
O009004,C01110,P0068,1,2027-01-21 06:00:00
O009005,C01173,P0092,2,2027-01-21 08:00:00
O009006,C00372,P0092,4,2027-01-21 10:00:00
O009007,C02028,P0089,3,2027-01-21 12:00:00
O009008,C00818,P0090,5,2027-01-21 14:00:00
O009009,C01175,P0047,1,2027-01-21 16:00:00
O009010,C01165,P0002,1,2027-01-21 18:00:00
O009011,C01093,P0042,1,2027-01-21 20:00:00
O009012,C01284,P0034,3,2027-01-21 22:00:00
O009013,C02012,P0094,4,2027-01-22 00:00:00
O009014,C00846,P0021,4,2027-01-22 02:00:00
O009015,C01992,P0044,2,2027-01-22 04:00:00
O009016,C00521,P0087,2,2027-01-22 06:00:00
O009017,C00371,P0097,4,2027-01-22 08:00:00
O009018,C01443,P0002,1,2027-01-22 10:00:00
O009019,C00101,P0091,3,2027-01-22 12:00:00
O009020,C00661,P0059,4,2027-01-22 14:00:00
O009021,C01682,P0086,3,2027-01-22 16:00:00
O009022,C00243,P0098,5,2027-01-22 18:00:00
O009023,C02801,P0016,1,2027-01-22 20:00:00
O009024,C00512,P0020,5,2027-01-22 22:00:00
O009025,C02897,P0026,4,2027-01-23 00:00:00
O009026,C02603,P0016,2,2027-01-23 02:00:00
O009027,C02274,P0070,4,2027-01-23 04:00:00
O009028,C01542,P0023,5,2027-01-23 06:00:00
O009029,C02262,P0042,3,2027-01-23 08:00:00
O009030,C02766,P0037,4,2027-01-23 10:00:00
O009031,C02115,P0072,2,2027-01-23 12:00:00
O009032,C00396,P0006,5,2027-01-23 14:00:00
O009033,C00612,P0037,4,2027-01-23 16:00:00
O009034,C01261,P0022,5,2027-01-23 18:00:00
O009035,C01858,P0006,5,2027-01-23 20:00:00
O009036,C00770,P0032,1,2027-01-23 22:00:00
O009037,C01423,P0017,3,2027-01-24 00:00:00
O009038,C00407,P0038,1,2027-01-24 02:00:00
O009039,C02973,P0017,5,2027-01-24 04:00:00
O009040,C01873,P0037,2,2027-01-24 06:00:00
O009041,C01504,P0023,2,2027-01-24 08:00:00
O009042,C02695,P0049,1,2027-01-24 10:00:00
O009043,C02270,P0061,2,2027-01-24 12:00:00
O009044,C01180,P0049,5,2027-01-24 14:00:00
O009045,C00654,P0061,4,2027-01-24 16:00:00
O009046,C02476,P0077,5,2027-01-24 18:00:00
O009047,C01182,P0032,4,2027-01-24 20:00:00
O009048,C00977,P0086,2,2027-01-24 22:00:00
O009049,C01440,P0063,3,2027-01-25 00:00:00
O009050,C02419,P0007,3,2027-01-25 02:00:00
O009051,C01368,P0022,5,2027-01-25 04:00:00
O009052,C02898,P0085,5,2027-01-25 06:00:00
O009053,C02904,P0006,2,2027-01-25 08:00:00
O009054,C00229,P0061,3,2027-01-25 10:00:00
O009055,C02328,P0014,3,2027-01-25 12:00:00
O009056,C01894,P0016,5,2027-01-25 14:00:00
O009057,C01314,P0003,3,2027-01-25 16:00:00
O009058,C01071,P0009,5,2027-01-25 18:00:00
O009059,C00975,P0047,1,2027-01-25 20:00:00
O009060,C01739,P0085,3,2027-01-25 22:00:00
O009061,C00758,P0094,4,2027-01-26 00:00:00
O009062,C00321,P0094,2,2027-01-26 02:00:00
O009063,C02322,P0042,5,2027-01-26 04:00:00
O009064,C00556,P0042,3,2027-01-26 06:00:00
O009065,C00844,P0096,3,2027-01-26 08:00:00
O009066,C01337,P0023,5,2027-01-26 10:00:00
O009067,C01387,P0003,4,2027-01-26 12:00:00
O009068,C00668,P0001,3,2027-01-26 14:00:00
O009069,C02428,P0067,1,2027-01-26 16:00:00
O009070,C02759,P0071,2,2027-01-26 18:00:00
O009071,C01943,P0003,5,2027-01-26 20:00:00
O009072,C02005,P0100,3,2027-01-26 22:00:00
O009073,C01931,P0049,2,2027-01-27 00:00:00
O009074,C00746,P0067,5,2027-01-27 02:00:00
O009075,C00675,P0055,5,2027-01-27 04:00:00
O009076,C02164,P0004,5,2027-01-27 06:00:00
O009077,C02653,P0031,4,2027-01-27 08:00:00
O009078,C01066,P0066,1,2027-01-27 10:00:00
O009079,C02427,P0078,5,2027-01-27 12:00:00
O009080,C02514,P0064,4,2027-01-27 14:00:00
O009081,C02328,P0031,5,2027-01-27 16:00:00
O009082,C00618,P0063,5,2027-01-27 18:00:00
O009083,C02166,P0066,4,2027-01-27 20:00:00
O009084,C02357,P0031,1,2027-01-27 22:00:00
O009085,C02148,P0047,2,2027-01-28 00:00:00
O009086,C02309,P0022,3,2027-01-28 02:00:00
O009087,C00993,P0074,5,2027-01-28 04:00:00
O009088,C01329,P0094,1,2027-01-28 06:00:00
O009089,C01378,P0097,3,2027-01-28 08:00:00
O009090,C00286,P0083,5,2027-01-28 10:00:00
O009091,C02376,P0046,3,2027-01-28 12:00:00
O009092,C02111,P0089,4,2027-01-28 14:00:00
O009093,C00687,P0058,1,2027-01-28 16:00:00
O009094,C01306,P0061,1,2027-01-28 18:00:00
O009095,C01465,P0046,2,2027-01-28 20:00:00
O009096,C00738,P0001,2,2027-01-28 22:00:00
O009097,C02687,P0096,3,2027-01-29 00:00:00
O009098,C02984,P0025,4,2027-01-29 02:00:00
O009099,C01959,P0061,3,2027-01-29 04:00:00
O009100,C01895,P0081,5,2027-01-29 06:00:00
O009101,C02524,P0014,1,2027-01-29 08:00:00
O009102,C01486,P0045,3,2027-01-29 10:00:00
O009103,C02101,P0077,3,2027-01-29 12:00:00
O009104,C02802,P0039,1,2027-01-29 14:00:00
O009105,C00486,P0066,1,2027-01-29 16:00:00
O009106,C01514,P0032,2,2027-01-29 18:00:00
O009107,C02002,P0096,2,2027-01-29 20:00:00
O009108,C01388,P0058,1,2027-01-29 22:00:00
O009109,C02457,P0056,3,2027-01-30 00:00:00
O009110,C01031,P0006,5,2027-01-30 02:00:00
O009111,C01766,P0089,3,2027-01-30 04:00:00
O009112,C00668,P0067,5,2027-01-30 06:00:00
O009113,C01221,P0082,1,2027-01-30 08:00:00
O009114,C00835,P0050,5,2027-01-30 10:00:00
O009115,C00876,P0038,2,2027-01-30 12:00:00
O009116,C02415,P0003,1,2027-01-30 14:00:00
O009117,C01002,P0005,4,2027-01-30 16:00:00
O009118,C00250,P0024,5,2027-01-30 18:00:00
O009119,C01940,P0054,5,2027-01-30 20:00:00
O009120,C01619,P0034,4,2027-01-30 22:00:00
O009121,C01264,P0039,4,2027-01-31 00:00:00
O009122,C02428,P0088,1,2027-01-31 02:00:00
O009123,C00872,P0100,3,2027-01-31 04:00:00
O009124,C00835,P0092,4,2027-01-31 06:00:00
O009125,C02823,P0048,5,2027-01-31 08:00:00
O009126,C00919,P0049,4,2027-01-31 10:00:00
O009127,C01725,P0034,1,2027-01-31 12:00:00
O009128,C02503,P0080,1,2027-01-31 14:00:00
O009129,C02414,P0100,5,2027-01-31 16:00:00
O009130,C01314,P0007,5,2027-01-31 18:00:00
O009131,C01898,P0018,5,2027-01-31 20:00:00
O009132,C00403,P0070,3,2027-01-31 22:00:00
O009133,C02106,P0092,5,2027-02-01 00:00:00
O009134,C02569,P0034,1,2027-02-01 02:00:00
O009135,C01328,P0051,1,2027-02-01 04:00:00
O009136,C01139,P0093,4,2027-02-01 06:00:00
O009137,C00210,P0068,5,2027-02-01 08:00:00
O009138,C01065,P0014,3,2027-02-01 10:00:00
O009139,C00816,P0069,2,2027-02-01 12:00:00
O009140,C02221,P0089,4,2027-02-01 14:00:00
O009141,C00234,P0008,3,2027-02-01 16:00:00
O009142,C00793,P0015,5,2027-02-01 18:00:00
O009143,C01908,P0083,3,2027-02-01 20:00:00
O009144,C01614,P0059,2,2027-02-01 22:00:00
O009145,C02841,P0011,3,2027-02-02 00:00:00
O009146,C02167,P0020,2,2027-02-02 02:00:00
O009147,C00335,P0055,2,2027-02-02 04:00:00
O009148,C01360,P0036,2,2027-02-02 06:00:00
O009149,C01640,P0082,3,2027-02-02 08:00:00
O009150,C01098,P0014,5,2027-02-02 10:00:00
O009151,C01215,P0058,1,2027-02-02 12:00:00
O009152,C00324,P0038,1,2027-02-02 14:00:00
O009153,C01791,P0089,3,2027-02-02 16:00:00
O009154,C00284,P0080,5,2027-02-02 18:00:00
O009155,C00213,P0082,1,2027-02-02 20:00:00
O009156,C01659,P0001,2,2027-02-02 22:00:00
O009157,C01742,P0065,3,2027-02-03 00:00:00
O009158,C00929,P0001,3,2027-02-03 02:00:00
O009159,C00752,P0085,4,2027-02-03 04:00:00
O009160,C01418,P0060,4,2027-02-03 06:00:00
O009161,C02387,P0025,4,2027-02-03 08:00:00
O009162,C01822,P0091,5,2027-02-03 10:00:00
O009163,C01046,P0010,3,2027-02-03 12:00:00
O009164,C01795,P0050,4,2027-02-03 14:00:00
O009165,C01893,P0012,3,2027-02-03 16:00:00
O009166,C00105,P0092,2,2027-02-03 18:00:00
O009167,C01490,P0032,4,2027-02-03 20:00:00
O009168,C01483,P0033,3,2027-02-03 22:00:00
O009169,C01456,P0072,5,2027-02-04 00:00:00
O009170,C00770,P0026,5,2027-02-04 02:00:00
O009171,C02764,P0042,5,2027-02-04 04:00:00
O009172,C02811,P0050,4,2027-02-04 06:00:00
O009173,C01960,P0061,5,2027-02-04 08:00:00
O009174,C02028,P0041,1,2027-02-04 10:00:00
O009175,C00379,P0057,2,2027-02-04 12:00:00
O009176,C00713,P0002,3,2027-02-04 14:00:00
O009177,C01373,P0099,1,2027-02-04 16:00:00
O009178,C00225,P0098,4,2027-02-04 18:00:00
O009179,C01738,P0070,3,2027-02-04 20:00:00
O009180,C00738,P0031,3,2027-02-04 22:00:00
O009181,C00236,P0023,5,2027-02-05 00:00:00
O009182,C00183,P0076,3,2027-02-05 02:00:00
O009183,C00712,P0054,3,2027-02-05 04:00:00
O009184,C01893,P0028,2,2027-02-05 06:00:00
O009185,C02492,P0079,4,2027-02-05 08:00:00
O009186,C01889,P0019,1,2027-02-05 10:00:00
O009187,C00623,P0076,5,2027-02-05 12:00:00
O009188,C01260,P0048,2,2027-02-05 14:00:00
O009189,C01151,P0002,1,2027-02-05 16:00:00
O009190,C00749,P0011,1,2027-02-05 18:00:00
O009191,C02203,P0044,2,2027-02-05 20:00:00
O009192,C02305,P0059,5,2027-02-05 22:00:00
O009193,C02283,P0059,4,2027-02-06 00:00:00
O009194,C02548,P0038,2,2027-02-06 02:00:00
O009195,C02337,P0025,2,2027-02-06 04:00:00
O009196,C00510,P0021,2,2027-02-06 06:00:00
O009197,C01576,P0042,5,2027-02-06 08:00:00
O009198,C01824,P0036,2,2027-02-06 10:00:00
O009199,C02757,P0009,2,2027-02-06 12:00:00
O009200,C00785,P0012,3,2027-02-06 14:00:00
O009201,C02942,P0010,3,2027-02-06 16:00:00
O009202,C02824,P0059,3,2027-02-06 18:00:00
O009203,C02346,P0005,3,2027-02-06 20:00:00
O009204,C00137,P0033,2,2027-02-06 22:00:00
O009205,C02424,P0069,3,2027-02-07 00:00:00
O009206,C02135,P0080,1,2027-02-07 02:00:00
O009207,C01778,P0063,4,2027-02-07 04:00:00
O009208,C01223,P0029,3,2027-02-07 06:00:00
O009209,C02485,P0018,5,2027-02-07 08:00:00
O009210,C01334,P0093,4,2027-02-07 10:00:00
O009211,C01778,P0006,1,2027-02-07 12:00:00
O009212,C01305,P0053,4,2027-02-07 14:00:00
O009213,C00764,P0082,4,2027-02-07 16:00:00
O009214,C00702,P0032,1,2027-02-07 18:00:00
O009215,C02990,P0042,3,2027-02-07 20:00:00
O009216,C00152,P0047,1,2027-02-07 22:00:00
O009217,C01326,P0031,5,2027-02-08 00:00:00
O009218,C01302,P0062,1,2027-02-08 02:00:00
O009219,C01712,P0056,2,2027-02-08 04:00:00
O009220,C01032,P0011,2,2027-02-08 06:00:00
O009221,C00807,P0026,4,2027-02-08 08:00:00
O009222,C00235,P0092,3,2027-02-08 10:00:00
O009223,C02723,P0027,3,2027-02-08 12:00:00
O009224,C00561,P0083,2,2027-02-08 14:00:00
O009225,C01326,P0057,5,2027-02-08 16:00:00
O009226,C00038,P0027,1,2027-02-08 18:00:00
O009227,C01160,P0059,1,2027-02-08 20:00:00
O009228,C02870,P0062,1,2027-02-08 22:00:00
O009229,C00421,P0020,5,2027-02-09 00:00:00
O009230,C01243,P0003,5,2027-02-09 02:00:00
O009231,C00348,P0016,1,2027-02-09 04:00:00
O009232,C01832,P0044,1,2027-02-09 06:00:00
O009233,C01570,P0093,5,2027-02-09 08:00:00
O009234,C02796,P0079,1,2027-02-09 10:00:00
O009235,C01919,P0030,5,2027-02-09 12:00:00
O009236,C02321,P0040,4,2027-02-09 14:00:00
O009237,C01902,P0065,2,2027-02-09 16:00:00
O009238,C02356,P0029,2,2027-02-09 18:00:00
O009239,C01398,P0030,5,2027-02-09 20:00:00
O009240,C02781,P0032,1,2027-02-09 22:00:00
O009241,C01825,P0010,2,2027-02-10 00:00:00
O009242,C02492,P0091,3,2027-02-10 02:00:00
O009243,C01229,P0051,1,2027-02-10 04:00:00
O009244,C00405,P0008,5,2027-02-10 06:00:00
O009245,C01722,P0051,3,2027-02-10 08:00:00
O009246,C02901,P0036,5,2027-02-10 10:00:00
O009247,C01221,P0055,1,2027-02-10 12:00:00
O009248,C02826,P0035,4,2027-02-10 14:00:00
O009249,C00115,P0036,4,2027-02-10 16:00:00
O009250,C01677,P0056,4,2027-02-10 18:00:00
O009251,C00065,P0036,1,2027-02-10 20:00:00
O009252,C01300,P0089,1,2027-02-10 22:00:00
O009253,C00825,P0084,3,2027-02-11 00:00:00
O009254,C02287,P0061,1,2027-02-11 02:00:00
O009255,C02350,P0062,1,2027-02-11 04:00:00
O009256,C01416,P0081,3,2027-02-11 06:00:00
O009257,C00969,P0087,3,2027-02-11 08:00:00
O009258,C00369,P0025,5,2027-02-11 10:00:00
O009259,C00233,P0064,2,2027-02-11 12:00:00
O009260,C02243,P0060,2,2027-02-11 14:00:00
O009261,C00907,P0057,5,2027-02-11 16:00:00
O009262,C00921,P0095,4,2027-02-11 18:00:00
O009263,C00689,P0070,1,2027-02-11 20:00:00
O009264,C00177,P0099,3,2027-02-11 22:00:00
O009265,C02265,P0052,3,2027-02-12 00:00:00
O009266,C01035,P0056,4,2027-02-12 02:00:00
O009267,C01470,P0063,3,2027-02-12 04:00:00
O009268,C00630,P0068,4,2027-02-12 06:00:00
O009269,C00164,P0020,5,2027-02-12 08:00:00
O009270,C02101,P0054,4,2027-02-12 10:00:00
O009271,C02266,P0001,2,2027-02-12 12:00:00
O009272,C00824,P0090,4,2027-02-12 14:00:00
O009273,C02433,P0098,5,2027-02-12 16:00:00
O009274,C00056,P0010,4,2027-02-12 18:00:00
O009275,C00118,P0023,5,2027-02-12 20:00:00
O009276,C02948,P0051,2,2027-02-12 22:00:00
O009277,C00798,P0024,1,2027-02-13 00:00:00
O009278,C00780,P0013,5,2027-02-13 02:00:00
O009279,C02851,P0029,1,2027-02-13 04:00:00
O009280,C02893,P0058,5,2027-02-13 06:00:00
O009281,C01439,P0091,4,2027-02-13 08:00:00
O009282,C01894,P0095,1,2027-02-13 10:00:00
O009283,C02903,P0043,5,2027-02-13 12:00:00
O009284,C00708,P0010,5,2027-02-13 14:00:00
O009285,C01104,P0031,1,2027-02-13 16:00:00
O009286,C00022,P0074,5,2027-02-13 18:00:00
O009287,C01501,P0088,1,2027-02-13 20:00:00
O009288,C00843,P0097,2,2027-02-13 22:00:00
O009289,C01761,P0014,3,2027-02-14 00:00:00
O009290,C01117,P0099,2,2027-02-14 02:00:00
O009291,C00192,P0034,1,2027-02-14 04:00:00
O009292,C01019,P0017,4,2027-02-14 06:00:00
O009293,C01127,P0021,4,2027-02-14 08:00:00
O009294,C00396,P0096,3,2027-02-14 10:00:00
O009295,C02688,P0067,1,2027-02-14 12:00:00
O009296,C01019,P0058,5,2027-02-14 14:00:00
O009297,C00567,P0079,2,2027-02-14 16:00:00
O009298,C00231,P0008,2,2027-02-14 18:00:00
O009299,C00874,P0096,3,2027-02-14 20:00:00
O009300,C02622,P0038,3,2027-02-14 22:00:00
O009301,C00240,P0026,3,2027-02-15 00:00:00
O009302,C00090,P0064,3,2027-02-15 02:00:00
O009303,C02280,P0030,3,2027-02-15 04:00:00
O009304,C00457,P0009,3,2027-02-15 06:00:00
O009305,C02281,P0032,5,2027-02-15 08:00:00
O009306,C00354,P0011,5,2027-02-15 10:00:00
O009307,C01005,P0086,2,2027-02-15 12:00:00
O009308,C01357,P0034,2,2027-02-15 14:00:00
O009309,C00439,P0018,3,2027-02-15 16:00:00
O009310,C01399,P0019,2,2027-02-15 18:00:00
O009311,C00345,P0054,3,2027-02-15 20:00:00
O009312,C02712,P0082,5,2027-02-15 22:00:00
O009313,C00657,P0037,4,2027-02-16 00:00:00
O009314,C02178,P0082,5,2027-02-16 02:00:00
O009315,C02189,P0012,1,2027-02-16 04:00:00
O009316,C02463,P0004,5,2027-02-16 06:00:00
O009317,C01117,P0043,1,2027-02-16 08:00:00
O009318,C00626,P0027,2,2027-02-16 10:00:00
O009319,C00284,P0051,5,2027-02-16 12:00:00
O009320,C01980,P0005,4,2027-02-16 14:00:00
O009321,C01679,P0006,5,2027-02-16 16:00:00
O009322,C00223,P0077,5,2027-02-16 18:00:00
O009323,C00744,P0087,5,2027-02-16 20:00:00
O009324,C00463,P0056,3,2027-02-16 22:00:00
O009325,C01569,P0089,5,2027-02-17 00:00:00
O009326,C01706,P0068,5,2027-02-17 02:00:00
O009327,C01164,P0096,4,2027-02-17 04:00:00
O009328,C02405,P0044,1,2027-02-17 06:00:00
O009329,C01737,P0015,1,2027-02-17 08:00:00
O009330,C01047,P0090,4,2027-02-17 10:00:00
O009331,C02907,P0042,2,2027-02-17 12:00:00
O009332,C00665,P0011,5,2027-02-17 14:00:00
O009333,C01357,P0073,2,2027-02-17 16:00:00
O009334,C01015,P0011,4,2027-02-17 18:00:00
O009335,C02133,P0066,2,2027-02-17 20:00:00
O009336,C02669,P0027,1,2027-02-17 22:00:00
O009337,C01055,P0058,3,2027-02-18 00:00:00
O009338,C01765,P0090,2,2027-02-18 02:00:00
O009339,C02288,P0072,3,2027-02-18 04:00:00
O009340,C01914,P0021,2,2027-02-18 06:00:00
O009341,C00363,P0021,4,2027-02-18 08:00:00
O009342,C02870,P0072,3,2027-02-18 10:00:00
O009343,C01413,P0001,2,2027-02-18 12:00:00
O009344,C00668,P0058,4,2027-02-18 14:00:00
O009345,C01881,P0013,1,2027-02-18 16:00:00
O009346,C01395,P0073,5,2027-02-18 18:00:00
O009347,C00099,P0092,4,2027-02-18 20:00:00
O009348,C02095,P0006,4,2027-02-18 22:00:00
O009349,C02887,P0087,1,2027-02-19 00:00:00
O009350,C00422,P0100,3,2027-02-19 02:00:00
O009351,C01504,P0058,2,2027-02-19 04:00:00
O009352,C00062,P0017,3,2027-02-19 06:00:00
O009353,C01133,P0073,4,2027-02-19 08:00:00
O009354,C01703,P0012,2,2027-02-19 10:00:00
O009355,C00598,P0086,5,2027-02-19 12:00:00
O009356,C00392,P0052,5,2027-02-19 14:00:00
O009357,C01076,P0076,2,2027-02-19 16:00:00
O009358,C02651,P0070,4,2027-02-19 18:00:00
O009359,C01313,P0073,1,2027-02-19 20:00:00
O009360,C02030,P0052,3,2027-02-19 22:00:00
O009361,C02385,P0037,3,2027-02-20 00:00:00
O009362,C00810,P0003,1,2027-02-20 02:00:00
O009363,C01406,P0098,1,2027-02-20 04:00:00
O009364,C02800,P0008,5,2027-02-20 06:00:00
O009365,C01160,P0010,1,2027-02-20 08:00:00
O009366,C01532,P0047,2,2027-02-20 10:00:00
O009367,C01386,P0041,5,2027-02-20 12:00:00
O009368,C00881,P0064,4,2027-02-20 14:00:00
O009369,C01600,P0042,5,2027-02-20 16:00:00
O009370,C02683,P0043,5,2027-02-20 18:00:00
O009371,C00254,P0009,3,2027-02-20 20:00:00
O009372,C02068,P0014,1,2027-02-20 22:00:00
O009373,C02576,P0091,2,2027-02-21 00:00:00
O009374,C01169,P0096,1,2027-02-21 02:00:00
O009375,C01232,P0004,3,2027-02-21 04:00:00
O009376,C02424,P0002,1,2027-02-21 06:00:00
O009377,C00166,P0097,2,2027-02-21 08:00:00
O009378,C01574,P0085,1,2027-02-21 10:00:00
O009379,C02909,P0001,3,2027-02-21 12:00:00
O009380,C00617,P0075,2,2027-02-21 14:00:00
O009381,C02660,P0065,1,2027-02-21 16:00:00
O009382,C01626,P0046,3,2027-02-21 18:00:00
O009383,C00503,P0059,3,2027-02-21 20:00:00
O009384,C00913,P0075,5,2027-02-21 22:00:00
O009385,C02127,P0007,2,2027-02-22 00:00:00
O009386,C00585,P0066,2,2027-02-22 02:00:00
O009387,C01959,P0015,1,2027-02-22 04:00:00
O009388,C02736,P0072,5,2027-02-22 06:00:00
O009389,C00396,P0047,2,2027-02-22 08:00:00
O009390,C01632,P0090,3,2027-02-22 10:00:00
O009391,C01881,P0040,2,2027-02-22 12:00:00
O009392,C00402,P0042,5,2027-02-22 14:00:00
O009393,C00975,P0051,4,2027-02-22 16:00:00
O009394,C00224,P0035,3,2027-02-22 18:00:00
O009395,C00518,P0041,2,2027-02-22 20:00:00
O009396,C02682,P0085,3,2027-02-22 22:00:00
O009397,C00236,P0057,1,2027-02-23 00:00:00
O009398,C00116,P0038,3,2027-02-23 02:00:00
O009399,C00226,P0072,2,2027-02-23 04:00:00
O009400,C02278,P0096,1,2027-02-23 06:00:00
O009401,C00182,P0008,1,2027-02-23 08:00:00
O009402,C01342,P0074,1,2027-02-23 10:00:00
O009403,C00210,P0063,4,2027-02-23 12:00:00
O009404,C01416,P0087,4,2027-02-23 14:00:00
O009405,C02144,P0004,1,2027-02-23 16:00:00
O009406,C00894,P0048,2,2027-02-23 18:00:00
O009407,C01882,P0052,1,2027-02-23 20:00:00
O009408,C02804,P0038,1,2027-02-23 22:00:00
O009409,C01110,P0094,3,2027-02-24 00:00:00
O009410,C02463,P0087,3,2027-02-24 02:00:00
O009411,C02027,P0005,3,2027-02-24 04:00:00
O009412,C00394,P0085,5,2027-02-24 06:00:00
O009413,C02744,P0070,3,2027-02-24 08:00:00
O009414,C00844,P0081,3,2027-02-24 10:00:00
O009415,C01525,P0089,2,2027-02-24 12:00:00
O009416,C00604,P0024,4,2027-02-24 14:00:00
O009417,C00582,P0086,4,2027-02-24 16:00:00
O009418,C02043,P0077,4,2027-02-24 18:00:00
O009419,C01940,P0017,5,2027-02-24 20:00:00
O009420,C00133,P0078,1,2027-02-24 22:00:00
O009421,C02839,P0098,3,2027-02-25 00:00:00
O009422,C02697,P0090,2,2027-02-25 02:00:00
O009423,C02269,P0083,5,2027-02-25 04:00:00
O009424,C00976,P0026,4,2027-02-25 06:00:00
O009425,C01814,P0003,5,2027-02-25 08:00:00
O009426,C01544,P0002,2,2027-02-25 10:00:00
O009427,C02836,P0092,5,2027-02-25 12:00:00
O009428,C02739,P0002,4,2027-02-25 14:00:00
O009429,C01358,P0022,1,2027-02-25 16:00:00
O009430,C00039,P0071,4,2027-02-25 18:00:00
O009431,C01317,P0004,4,2027-02-25 20:00:00
O009432,C02738,P0038,4,2027-02-25 22:00:00
O009433,C00162,P0084,5,2027-02-26 00:00:00
O009434,C01910,P0070,2,2027-02-26 02:00:00
O009435,C01128,P0073,4,2027-02-26 04:00:00
O009436,C02209,P0052,5,2027-02-26 06:00:00
O009437,C01659,P0031,2,2027-02-26 08:00:00
O009438,C01964,P0026,1,2027-02-26 10:00:00
O009439,C01058,P0036,4,2027-02-26 12:00:00
O009440,C02290,P0026,3,2027-02-26 14:00:00
O009441,C00967,P0028,5,2027-02-26 16:00:00
O009442,C00890,P0005,1,2027-02-26 18:00:00
O009443,C02161,P0074,1,2027-02-26 20:00:00
O009444,C02366,P0018,1,2027-02-26 22:00:00
O009445,C02071,P0015,5,2027-02-27 00:00:00
O009446,C02872,P0057,2,2027-02-27 02:00:00
O009447,C02749,P0097,3,2027-02-27 04:00:00
O009448,C01667,P0005,2,2027-02-27 06:00:00
O009449,C01442,P0037,4,2027-02-27 08:00:00
O009450,C01068,P0086,3,2027-02-27 10:00:00
O009451,C00128,P0086,2,2027-02-27 12:00:00
O009452,C02924,P0022,4,2027-02-27 14:00:00
O009453,C00158,P0052,3,2027-02-27 16:00:00
O009454,C00827,P0015,5,2027-02-27 18:00:00
O009455,C01891,P0017,4,2027-02-27 20:00:00
O009456,C02900,P0051,2,2027-02-27 22:00:00
O009457,C00512,P0045,3,2027-02-28 00:00:00
O009458,C02093,P0063,4,2027-02-28 02:00:00
O009459,C02267,P0028,4,2027-02-28 04:00:00
O009460,C00443,P0059,5,2027-02-28 06:00:00
O009461,C02363,P0086,4,2027-02-28 08:00:00
O009462,C02225,P0021,3,2027-02-28 10:00:00
O009463,C02276,P0042,1,2027-02-28 12:00:00
O009464,C01727,P0081,3,2027-02-28 14:00:00
O009465,C02007,P0069,3,2027-02-28 16:00:00
O009466,C01696,P0082,5,2027-02-28 18:00:00
O009467,C00267,P0017,5,2027-02-28 20:00:00
O009468,C02918,P0068,4,2027-02-28 22:00:00
O009469,C00838,P0007,5,2027-03-01 00:00:00
O009470,C00489,P0089,4,2027-03-01 02:00:00
O009471,C00702,P0040,1,2027-03-01 04:00:00
O009472,C00687,P0040,2,2027-03-01 06:00:00
O009473,C00996,P0043,5,2027-03-01 08:00:00
O009474,C00357,P0073,5,2027-03-01 10:00:00
O009475,C00872,P0083,1,2027-03-01 12:00:00
O009476,C01974,P0051,5,2027-03-01 14:00:00
O009477,C02252,P0073,1,2027-03-01 16:00:00
O009478,C00552,P0023,4,2027-03-01 18:00:00
O009479,C01811,P0095,5,2027-03-01 20:00:00
O009480,C00323,P0032,5,2027-03-01 22:00:00
O009481,C02642,P0031,4,2027-03-02 00:00:00
O009482,C02229,P0017,5,2027-03-02 02:00:00
O009483,C02547,P0058,3,2027-03-02 04:00:00
O009484,C00083,P0086,1,2027-03-02 06:00:00
O009485,C02351,P0035,2,2027-03-02 08:00:00
O009486,C00262,P0030,3,2027-03-02 10:00:00
O009487,C00784,P0064,2,2027-03-02 12:00:00
O009488,C01224,P0053,3,2027-03-02 14:00:00
O009489,C00914,P0051,3,2027-03-02 16:00:00
O009490,C02740,P0037,3,2027-03-02 18:00:00
O009491,C00944,P0090,1,2027-03-02 20:00:00
O009492,C02731,P0006,2,2027-03-02 22:00:00
O009493,C01319,P0034,4,2027-03-03 00:00:00
O009494,C01536,P0056,4,2027-03-03 02:00:00
O009495,C00689,P0096,5,2027-03-03 04:00:00
O009496,C02444,P0025,1,2027-03-03 06:00:00
O009497,C01773,P0013,1,2027-03-03 08:00:00
O009498,C00839,P0063,1,2027-03-03 10:00:00
O009499,C00878,P0066,3,2027-03-03 12:00:00
O009500,C02871,P0005,1,2027-03-03 14:00:00
O009501,C00049,P0075,4,2027-03-03 16:00:00
O009502,C02837,P0011,1,2027-03-03 18:00:00
O009503,C00293,P0088,3,2027-03-03 20:00:00
O009504,C01652,P0078,2,2027-03-03 22:00:00
O009505,C00536,P0094,1,2027-03-04 00:00:00
O009506,C00311,P0044,2,2027-03-04 02:00:00
O009507,C00537,P0099,5,2027-03-04 04:00:00
O009508,C01927,P0085,3,2027-03-04 06:00:00
O009509,C02687,P0069,1,2027-03-04 08:00:00
O009510,C00234,P0002,5,2027-03-04 10:00:00
O009511,C01233,P0040,5,2027-03-04 12:00:00
O009512,C02653,P0037,2,2027-03-04 14:00:00
O009513,C02142,P0049,4,2027-03-04 16:00:00
O009514,C02375,P0098,4,2027-03-04 18:00:00
O009515,C02273,P0075,4,2027-03-04 20:00:00
O009516,C00967,P0036,4,2027-03-04 22:00:00
O009517,C00890,P0075,3,2027-03-05 00:00:00
O009518,C02059,P0073,1,2027-03-05 02:00:00
O009519,C00035,P0070,1,2027-03-05 04:00:00
O009520,C00447,P0034,3,2027-03-05 06:00:00
O009521,C01764,P0058,2,2027-03-05 08:00:00
O009522,C02489,P0037,1,2027-03-05 10:00:00
O009523,C02701,P0096,5,2027-03-05 12:00:00
O009524,C01559,P0060,1,2027-03-05 14:00:00
O009525,C00595,P0012,3,2027-03-05 16:00:00
O009526,C02026,P0032,2,2027-03-05 18:00:00
O009527,C02277,P0081,1,2027-03-05 20:00:00
O009528,C00344,P0004,3,2027-03-05 22:00:00
O009529,C01104,P0033,5,2027-03-06 00:00:00
O009530,C01420,P0043,4,2027-03-06 02:00:00
O009531,C01314,P0009,5,2027-03-06 04:00:00
O009532,C01479,P0098,5,2027-03-06 06:00:00
O009533,C01152,P0051,2,2027-03-06 08:00:00
O009534,C02957,P0094,1,2027-03-06 10:00:00
O009535,C01922,P0020,4,2027-03-06 12:00:00
O009536,C01383,P0039,3,2027-03-06 14:00:00
O009537,C02575,P0023,4,2027-03-06 16:00:00
O009538,C02123,P0041,1,2027-03-06 18:00:00
O009539,C01570,P0044,2,2027-03-06 20:00:00
O009540,C01895,P0035,1,2027-03-06 22:00:00
O009541,C02244,P0023,3,2027-03-07 00:00:00
O009542,C01867,P0058,4,2027-03-07 02:00:00
O009543,C00029,P0048,5,2027-03-07 04:00:00
O009544,C00706,P0087,1,2027-03-07 06:00:00
O009545,C01021,P0058,2,2027-03-07 08:00:00
O009546,C02064,P0057,2,2027-03-07 10:00:00
O009547,C01447,P0087,4,2027-03-07 12:00:00
O009548,C02853,P0039,5,2027-03-07 14:00:00
O009549,C02988,P0028,3,2027-03-07 16:00:00
O009550,C01660,P0064,5,2027-03-07 18:00:00
O009551,C00967,P0062,4,2027-03-07 20:00:00
O009552,C02277,P0083,5,2027-03-07 22:00:00
O009553,C02763,P0062,4,2027-03-08 00:00:00
O009554,C00573,P0094,5,2027-03-08 02:00:00
O009555,C01607,P0085,1,2027-03-08 04:00:00
O009556,C00615,P0088,2,2027-03-08 06:00:00
O009557,C00326,P0085,4,2027-03-08 08:00:00
O009558,C02923,P0026,4,2027-03-08 10:00:00
O009559,C00359,P0051,2,2027-03-08 12:00:00
O009560,C01811,P0050,3,2027-03-08 14:00:00
O009561,C02372,P0036,4,2027-03-08 16:00:00
O009562,C01722,P0026,1,2027-03-08 18:00:00
O009563,C01350,P0033,5,2027-03-08 20:00:00
O009564,C00165,P0100,1,2027-03-08 22:00:00
O009565,C01597,P0068,4,2027-03-09 00:00:00
O009566,C01628,P0073,3,2027-03-09 02:00:00
O009567,C02846,P0008,4,2027-03-09 04:00:00
O009568,C02503,P0066,3,2027-03-09 06:00:00
O009569,C01177,P0093,2,2027-03-09 08:00:00
O009570,C01151,P0023,5,2027-03-09 10:00:00
O009571,C00193,P0070,1,2027-03-09 12:00:00
O009572,C02675,P0055,3,2027-03-09 14:00:00
O009573,C02578,P0043,1,2027-03-09 16:00:00
O009574,C00092,P0100,2,2027-03-09 18:00:00
O009575,C00139,P0021,4,2027-03-09 20:00:00
O009576,C00481,P0022,3,2027-03-09 22:00:00
O009577,C02497,P0009,5,2027-03-10 00:00:00
O009578,C01357,P0034,3,2027-03-10 02:00:00
O009579,C02917,P0059,4,2027-03-10 04:00:00
O009580,C00340,P0026,4,2027-03-10 06:00:00
O009581,C01076,P0001,5,2027-03-10 08:00:00
O009582,C02514,P0100,5,2027-03-10 10:00:00
O009583,C02766,P0005,2,2027-03-10 12:00:00
O009584,C00799,P0041,1,2027-03-10 14:00:00
O009585,C00475,P0063,3,2027-03-10 16:00:00
O009586,C02449,P0022,2,2027-03-10 18:00:00
O009587,C01463,P0068,1,2027-03-10 20:00:00
O009588,C00605,P0048,2,2027-03-10 22:00:00
O009589,C02980,P0066,5,2027-03-11 00:00:00
O009590,C02970,P0016,5,2027-03-11 02:00:00
O009591,C00821,P0080,4,2027-03-11 04:00:00
O009592,C02705,P0053,3,2027-03-11 06:00:00
O009593,C00598,P0086,3,2027-03-11 08:00:00
O009594,C01533,P0065,3,2027-03-11 10:00:00
O009595,C00514,P0079,2,2027-03-11 12:00:00
O009596,C01527,P0064,2,2027-03-11 14:00:00
O009597,C01878,P0088,3,2027-03-11 16:00:00
O009598,C01700,P0068,4,2027-03-11 18:00:00
O009599,C01030,P0063,1,2027-03-11 20:00:00
O009600,C00500,P0062,2,2027-03-11 22:00:00
O009601,C01685,P0082,3,2027-03-12 00:00:00
O009602,C00717,P0081,5,2027-03-12 02:00:00
O009603,C01142,P0071,2,2027-03-12 04:00:00
O009604,C01509,P0045,1,2027-03-12 06:00:00
O009605,C02649,P0052,2,2027-03-12 08:00:00
O009606,C00666,P0074,1,2027-03-12 10:00:00
O009607,C02516,P0065,1,2027-03-12 12:00:00
O009608,C02209,P0002,2,2027-03-12 14:00:00
O009609,C02318,P0049,1,2027-03-12 16:00:00
O009610,C01080,P0022,2,2027-03-12 18:00:00
O009611,C00228,P0096,2,2027-03-12 20:00:00
O009612,C02897,P0029,4,2027-03-12 22:00:00
O009613,C00149,P0035,5,2027-03-13 00:00:00
O009614,C01070,P0081,1,2027-03-13 02:00:00
O009615,C01168,P0076,2,2027-03-13 04:00:00
O009616,C00632,P0024,1,2027-03-13 06:00:00
O009617,C01364,P0094,2,2027-03-13 08:00:00
O009618,C00413,P0030,2,2027-03-13 10:00:00
O009619,C01756,P0084,2,2027-03-13 12:00:00
O009620,C00520,P0042,5,2027-03-13 14:00:00
O009621,C01368,P0071,1,2027-03-13 16:00:00
O009622,C02435,P0050,5,2027-03-13 18:00:00
O009623,C02323,P0071,5,2027-03-13 20:00:00
O009624,C02401,P0060,5,2027-03-13 22:00:00
O009625,C01103,P0030,5,2027-03-14 00:00:00
O009626,C00598,P0012,4,2027-03-14 02:00:00
O009627,C01660,P0049,1,2027-03-14 04:00:00
O009628,C01686,P0095,1,2027-03-14 06:00:00
O009629,C02606,P0082,2,2027-03-14 08:00:00
O009630,C02161,P0046,1,2027-03-14 10:00:00
O009631,C02189,P0043,5,2027-03-14 12:00:00
O009632,C01925,P0002,3,2027-03-14 14:00:00
O009633,C00730,P0097,1,2027-03-14 16:00:00
O009634,C00589,P0075,3,2027-03-14 18:00:00
O009635,C02459,P0098,4,2027-03-14 20:00:00
O009636,C00377,P0080,2,2027-03-14 22:00:00
O009637,C01408,P0054,2,2027-03-15 00:00:00
O009638,C01870,P0035,2,2027-03-15 02:00:00
O009639,C00751,P0052,4,2027-03-15 04:00:00
O009640,C00627,P0033,5,2027-03-15 06:00:00
O009641,C01630,P0085,3,2027-03-15 08:00:00
O009642,C00995,P0084,1,2027-03-15 10:00:00
O009643,C01584,P0072,5,2027-03-15 12:00:00
O009644,C00703,P0051,2,2027-03-15 14:00:00
O009645,C02510,P0026,2,2027-03-15 16:00:00
O009646,C02060,P0097,5,2027-03-15 18:00:00
O009647,C01180,P0062,3,2027-03-15 20:00:00
O009648,C00477,P0061,5,2027-03-15 22:00:00
O009649,C02987,P0026,4,2027-03-16 00:00:00
O009650,C00401,P0037,2,2027-03-16 02:00:00
O009651,C02856,P0030,3,2027-03-16 04:00:00
O009652,C02225,P0095,1,2027-03-16 06:00:00
O009653,C00057,P0097,2,2027-03-16 08:00:00
O009654,C01876,P0011,5,2027-03-16 10:00:00
O009655,C00448,P0053,3,2027-03-16 12:00:00
O009656,C00203,P0041,2,2027-03-16 14:00:00
O009657,C01657,P0005,1,2027-03-16 16:00:00
O009658,C00738,P0066,1,2027-03-16 18:00:00
O009659,C00202,P0013,5,2027-03-16 20:00:00
O009660,C01354,P0063,4,2027-03-16 22:00:00
O009661,C02411,P0082,5,2027-03-17 00:00:00
O009662,C00892,P0090,3,2027-03-17 02:00:00
O009663,C02502,P0025,5,2027-03-17 04:00:00
O009664,C02404,P0044,3,2027-03-17 06:00:00
O009665,C00216,P0014,4,2027-03-17 08:00:00
O009666,C02603,P0069,5,2027-03-17 10:00:00
O009667,C02935,P0059,1,2027-03-17 12:00:00
O009668,C00023,P0056,3,2027-03-17 14:00:00
O009669,C02203,P0052,3,2027-03-17 16:00:00
O009670,C01210,P0066,1,2027-03-17 18:00:00
O009671,C02297,P0068,5,2027-03-17 20:00:00
O009672,C00749,P0012,4,2027-03-17 22:00:00
O009673,C00805,P0075,2,2027-03-18 00:00:00
O009674,C00134,P0068,5,2027-03-18 02:00:00
O009675,C00321,P0043,5,2027-03-18 04:00:00
O009676,C02438,P0073,3,2027-03-18 06:00:00
O009677,C00434,P0074,3,2027-03-18 08:00:00
O009678,C01046,P0091,4,2027-03-18 10:00:00
O009679,C00873,P0006,4,2027-03-18 12:00:00
O009680,C02906,P0015,4,2027-03-18 14:00:00
O009681,C02099,P0042,1,2027-03-18 16:00:00
O009682,C02224,P0031,2,2027-03-18 18:00:00
O009683,C02918,P0086,2,2027-03-18 20:00:00
O009684,C00253,P0053,4,2027-03-18 22:00:00
O009685,C00966,P0006,3,2027-03-19 00:00:00
O009686,C00739,P0033,2,2027-03-19 02:00:00
O009687,C01130,P0029,5,2027-03-19 04:00:00
O009688,C01340,P0021,1,2027-03-19 06:00:00
O009689,C00302,P0054,3,2027-03-19 08:00:00
O009690,C02596,P0056,1,2027-03-19 10:00:00
O009691,C01978,P0094,5,2027-03-19 12:00:00
O009692,C02764,P0021,2,2027-03-19 14:00:00
O009693,C02827,P0100,1,2027-03-19 16:00:00
O009694,C02316,P0055,1,2027-03-19 18:00:00
O009695,C00551,P0058,1,2027-03-19 20:00:00
O009696,C01479,P0064,5,2027-03-19 22:00:00
O009697,C01316,P0086,3,2027-03-20 00:00:00
O009698,C01588,P0046,3,2027-03-20 02:00:00
O009699,C01823,P0084,5,2027-03-20 04:00:00
O009700,C01825,P0022,1,2027-03-20 06:00:00
O009701,C01165,P0060,1,2027-03-20 08:00:00
O009702,C00314,P0011,4,2027-03-20 10:00:00
O009703,C00184,P0047,2,2027-03-20 12:00:00
O009704,C01688,P0031,2,2027-03-20 14:00:00
O009705,C00713,P0077,3,2027-03-20 16:00:00
O009706,C02176,P0018,5,2027-03-20 18:00:00
O009707,C01311,P0022,1,2027-03-20 20:00:00
O009708,C02748,P0056,2,2027-03-20 22:00:00
O009709,C02434,P0017,5,2027-03-21 00:00:00
O009710,C00271,P0038,5,2027-03-21 02:00:00
O009711,C01795,P0025,1,2027-03-21 04:00:00
O009712,C00811,P0032,5,2027-03-21 06:00:00
O009713,C02463,P0015,2,2027-03-21 08:00:00
O009714,C00198,P0013,4,2027-03-21 10:00:00
O009715,C01080,P0058,2,2027-03-21 12:00:00
O009716,C02879,P0090,4,2027-03-21 14:00:00
O009717,C01227,P0050,5,2027-03-21 16:00:00
O009718,C01645,P0011,2,2027-03-21 18:00:00
O009719,C00628,P0013,1,2027-03-21 20:00:00
O009720,C00604,P0097,5,2027-03-21 22:00:00
O009721,C01162,P0050,1,2027-03-22 00:00:00
O009722,C01446,P0038,4,2027-03-22 02:00:00
O009723,C01081,P0001,3,2027-03-22 04:00:00
O009724,C01586,P0039,3,2027-03-22 06:00:00
O009725,C02119,P0027,4,2027-03-22 08:00:00
O009726,C00911,P0036,3,2027-03-22 10:00:00
O009727,C00594,P0032,5,2027-03-22 12:00:00
O009728,C01396,P0041,5,2027-03-22 14:00:00
O009729,C00600,P0015,2,2027-03-22 16:00:00
O009730,C00514,P0031,5,2027-03-22 18:00:00
O009731,C01896,P0006,3,2027-03-22 20:00:00
O009732,C02132,P0089,1,2027-03-22 22:00:00
O009733,C01067,P0052,2,2027-03-23 00:00:00
O009734,C02887,P0082,1,2027-03-23 02:00:00
O009735,C01958,P0022,3,2027-03-23 04:00:00
O009736,C02654,P0031,1,2027-03-23 06:00:00
O009737,C00810,P0100,3,2027-03-23 08:00:00
O009738,C02181,P0073,5,2027-03-23 10:00:00
O009739,C01089,P0046,2,2027-03-23 12:00:00
O009740,C00290,P0067,4,2027-03-23 14:00:00
O009741,C02424,P0097,3,2027-03-23 16:00:00
O009742,C00769,P0091,5,2027-03-23 18:00:00
O009743,C02515,P0043,1,2027-03-23 20:00:00
O009744,C00471,P0001,5,2027-03-23 22:00:00
O009745,C02197,P0044,1,2027-03-24 00:00:00
O009746,C00088,P0057,1,2027-03-24 02:00:00
O009747,C02444,P0009,1,2027-03-24 04:00:00
O009748,C00790,P0005,1,2027-03-24 06:00:00
O009749,C01665,P0079,2,2027-03-24 08:00:00
O009750,C01310,P0009,1,2027-03-24 10:00:00
O009751,C00865,P0045,2,2027-03-24 12:00:00
O009752,C01294,P0092,4,2027-03-24 14:00:00
O009753,C00024,P0077,2,2027-03-24 16:00:00
O009754,C01887,P0024,1,2027-03-24 18:00:00
O009755,C00311,P0074,4,2027-03-24 20:00:00
O009756,C01485,P0042,5,2027-03-24 22:00:00
O009757,C01232,P0022,2,2027-03-25 00:00:00
O009758,C02712,P0060,5,2027-03-25 02:00:00
O009759,C02486,P0086,4,2027-03-25 04:00:00
O009760,C00706,P0037,2,2027-03-25 06:00:00
O009761,C01360,P0039,1,2027-03-25 08:00:00
O009762,C00422,P0084,2,2027-03-25 10:00:00
O009763,C01774,P0074,1,2027-03-25 12:00:00
O009764,C02369,P0074,3,2027-03-25 14:00:00
O009765,C02635,P0090,2,2027-03-25 16:00:00
O009766,C00947,P0089,2,2027-03-25 18:00:00
O009767,C01187,P0053,5,2027-03-25 20:00:00
O009768,C01835,P0028,5,2027-03-25 22:00:00
O009769,C01565,P0077,4,2027-03-26 00:00:00
O009770,C00849,P0015,1,2027-03-26 02:00:00
O009771,C01590,P0060,5,2027-03-26 04:00:00
O009772,C01319,P0060,4,2027-03-26 06:00:00
O009773,C02090,P0006,1,2027-03-26 08:00:00
O009774,C01948,P0052,1,2027-03-26 10:00:00
O009775,C01309,P0012,1,2027-03-26 12:00:00
O009776,C02987,P0019,3,2027-03-26 14:00:00
O009777,C00387,P0096,1,2027-03-26 16:00:00
O009778,C02036,P0075,4,2027-03-26 18:00:00
O009779,C01162,P0097,1,2027-03-26 20:00:00
O009780,C02026,P0002,1,2027-03-26 22:00:00
O009781,C02958,P0055,4,2027-03-27 00:00:00
O009782,C00716,P0015,2,2027-03-27 02:00:00
O009783,C02479,P0064,1,2027-03-27 04:00:00
O009784,C02602,P0100,4,2027-03-27 06:00:00
O009785,C02848,P0069,5,2027-03-27 08:00:00
O009786,C00426,P0015,4,2027-03-27 10:00:00
O009787,C01440,P0043,3,2027-03-27 12:00:00
O009788,C02074,P0074,5,2027-03-27 14:00:00
O009789,C00385,P0017,2,2027-03-27 16:00:00
O009790,C00056,P0098,2,2027-03-27 18:00:00
O009791,C02682,P0024,4,2027-03-27 20:00:00
O009792,C00106,P0074,4,2027-03-27 22:00:00
O009793,C02897,P0030,1,2027-03-28 00:00:00
O009794,C00670,P0067,1,2027-03-28 02:00:00
O009795,C00376,P0051,3,2027-03-28 04:00:00
O009796,C00743,P0060,1,2027-03-28 06:00:00
O009797,C00967,P0003,4,2027-03-28 08:00:00
O009798,C00308,P0005,4,2027-03-28 10:00:00
O009799,C02139,P0028,1,2027-03-28 12:00:00
O009800,C00802,P0078,3,2027-03-28 14:00:00
O009801,C00110,P0011,4,2027-03-28 16:00:00
O009802,C01665,P0072,3,2027-03-28 18:00:00
O009803,C02633,P0072,4,2027-03-28 20:00:00
O009804,C00340,P0076,3,2027-03-28 22:00:00
O009805,C01589,P0015,3,2027-03-29 00:00:00
O009806,C00979,P0083,3,2027-03-29 02:00:00
O009807,C02404,P0048,1,2027-03-29 04:00:00
O009808,C01916,P0046,2,2027-03-29 06:00:00
O009809,C00168,P0028,3,2027-03-29 08:00:00
O009810,C00557,P0007,3,2027-03-29 10:00:00
O009811,C00905,P0071,4,2027-03-29 12:00:00
O009812,C00105,P0094,2,2027-03-29 14:00:00
O009813,C02048,P0082,4,2027-03-29 16:00:00
O009814,C02198,P0088,4,2027-03-29 18:00:00
O009815,C00146,P0006,3,2027-03-29 20:00:00
O009816,C02764,P0058,5,2027-03-29 22:00:00
O009817,C00874,P0068,2,2027-03-30 00:00:00
O009818,C00299,P0055,4,2027-03-30 02:00:00
O009819,C01737,P0067,5,2027-03-30 04:00:00
O009820,C00646,P0049,5,2027-03-30 06:00:00
O009821,C02771,P0051,4,2027-03-30 08:00:00
O009822,C00638,P0059,3,2027-03-30 10:00:00
O009823,C02287,P0006,1,2027-03-30 12:00:00
O009824,C02512,P0090,4,2027-03-30 14:00:00
O009825,C02501,P0051,3,2027-03-30 16:00:00
O009826,C00784,P0038,2,2027-03-30 18:00:00
O009827,C00897,P0011,3,2027-03-30 20:00:00
O009828,C00371,P0052,5,2027-03-30 22:00:00
O009829,C00487,P0093,2,2027-03-31 00:00:00
O009830,C02038,P0020,2,2027-03-31 02:00:00
O009831,C02213,P0010,1,2027-03-31 04:00:00
O009832,C01361,P0026,1,2027-03-31 06:00:00
O009833,C00192,P0048,4,2027-03-31 08:00:00
O009834,C00730,P0091,3,2027-03-31 10:00:00
O009835,C02262,P0014,4,2027-03-31 12:00:00
O009836,C02622,P0100,1,2027-03-31 14:00:00
O009837,C00957,P0059,5,2027-03-31 16:00:00
O009838,C00381,P0012,1,2027-03-31 18:00:00
O009839,C02721,P0023,3,2027-03-31 20:00:00
O009840,C00798,P0085,5,2027-03-31 22:00:00
O009841,C00239,P0072,4,2027-04-01 00:00:00
O009842,C02748,P0039,4,2027-04-01 02:00:00
O009843,C01106,P0009,1,2027-04-01 04:00:00
O009844,C01387,P0088,1,2027-04-01 06:00:00
O009845,C02553,P0095,4,2027-04-01 08:00:00
O009846,C02250,P0025,4,2027-04-01 10:00:00
O009847,C02968,P0017,2,2027-04-01 12:00:00
O009848,C01528,P0042,3,2027-04-01 14:00:00
O009849,C01668,P0029,2,2027-04-01 16:00:00
O009850,C00037,P0060,2,2027-04-01 18:00:00
O009851,C02692,P0067,4,2027-04-01 20:00:00
O009852,C01997,P0085,3,2027-04-01 22:00:00
O009853,C01426,P0057,4,2027-04-02 00:00:00
O009854,C02813,P0072,2,2027-04-02 02:00:00
O009855,C02754,P0014,2,2027-04-02 04:00:00
O009856,C02593,P0039,4,2027-04-02 06:00:00
O009857,C01491,P0016,1,2027-04-02 08:00:00
O009858,C01225,P0018,1,2027-04-02 10:00:00
O009859,C02588,P0095,4,2027-04-02 12:00:00
O009860,C02023,P0075,5,2027-04-02 14:00:00
O009861,C02442,P0020,5,2027-04-02 16:00:00
O009862,C00833,P0046,1,2027-04-02 18:00:00
O009863,C00597,P0045,3,2027-04-02 20:00:00
O009864,C02441,P0004,2,2027-04-02 22:00:00
O009865,C00700,P0084,3,2027-04-03 00:00:00
O009866,C01647,P0095,1,2027-04-03 02:00:00
O009867,C02019,P0020,4,2027-04-03 04:00:00
O009868,C00441,P0011,5,2027-04-03 06:00:00
O009869,C01861,P0065,1,2027-04-03 08:00:00
O009870,C01641,P0018,3,2027-04-03 10:00:00
O009871,C01530,P0039,3,2027-04-03 12:00:00
O009872,C02966,P0044,1,2027-04-03 14:00:00
O009873,C02368,P0097,2,2027-04-03 16:00:00
O009874,C02601,P0100,3,2027-04-03 18:00:00
O009875,C01095,P0018,2,2027-04-03 20:00:00
O009876,C00568,P0047,2,2027-04-03 22:00:00
O009877,C02967,P0031,4,2027-04-04 00:00:00
O009878,C00236,P0099,1,2027-04-04 02:00:00
O009879,C01305,P0039,1,2027-04-04 04:00:00
O009880,C01186,P0038,2,2027-04-04 06:00:00
O009881,C01033,P0079,4,2027-04-04 08:00:00
O009882,C02108,P0047,3,2027-04-04 10:00:00
O009883,C02941,P0070,3,2027-04-04 12:00:00
O009884,C01841,P0008,1,2027-04-04 14:00:00
O009885,C00225,P0086,2,2027-04-04 16:00:00
O009886,C01843,P0065,4,2027-04-04 18:00:00
O009887,C02748,P0013,4,2027-04-04 20:00:00
O009888,C00582,P0055,3,2027-04-04 22:00:00
O009889,C00169,P0088,3,2027-04-05 00:00:00
O009890,C01466,P0085,5,2027-04-05 02:00:00
O009891,C00014,P0043,5,2027-04-05 04:00:00
O009892,C02212,P0004,2,2027-04-05 06:00:00
O009893,C01444,P0071,5,2027-04-05 08:00:00
O009894,C02805,P0060,4,2027-04-05 10:00:00
O009895,C01871,P0012,5,2027-04-05 12:00:00
O009896,C01544,P0059,1,2027-04-05 14:00:00
O009897,C01690,P0077,1,2027-04-05 16:00:00
O009898,C01572,P0054,3,2027-04-05 18:00:00
O009899,C01052,P0044,3,2027-04-05 20:00:00
O009900,C01732,P0016,2,2027-04-05 22:00:00
O009901,C00446,P0006,1,2027-04-06 00:00:00
O009902,C00716,P0014,2,2027-04-06 02:00:00
O009903,C00819,P0058,2,2027-04-06 04:00:00
O009904,C02152,P0031,5,2027-04-06 06:00:00
O009905,C02790,P0100,3,2027-04-06 08:00:00
O009906,C00426,P0041,2,2027-04-06 10:00:00
O009907,C01125,P0035,2,2027-04-06 12:00:00
O009908,C01565,P0010,3,2027-04-06 14:00:00
O009909,C02687,P0081,3,2027-04-06 16:00:00
O009910,C00850,P0030,1,2027-04-06 18:00:00
O009911,C01546,P0044,3,2027-04-06 20:00:00
O009912,C01130,P0055,5,2027-04-06 22:00:00
O009913,C01703,P0071,1,2027-04-07 00:00:00
O009914,C02002,P0018,2,2027-04-07 02:00:00
O009915,C02817,P0083,5,2027-04-07 04:00:00
O009916,C00277,P0079,5,2027-04-07 06:00:00
O009917,C01807,P0086,1,2027-04-07 08:00:00
O009918,C02948,P0039,2,2027-04-07 10:00:00
O009919,C02236,P0042,1,2027-04-07 12:00:00
O009920,C01940,P0054,4,2027-04-07 14:00:00
O009921,C02153,P0030,4,2027-04-07 16:00:00
O009922,C00546,P0020,1,2027-04-07 18:00:00
O009923,C02428,P0096,2,2027-04-07 20:00:00
O009924,C00110,P0042,2,2027-04-07 22:00:00
O009925,C00545,P0089,3,2027-04-08 00:00:00
O009926,C02402,P0087,5,2027-04-08 02:00:00
O009927,C00743,P0005,1,2027-04-08 04:00:00
O009928,C02365,P0050,5,2027-04-08 06:00:00
O009929,C01290,P0041,5,2027-04-08 08:00:00
O009930,C01876,P0094,4,2027-04-08 10:00:00
O009931,C01089,P0039,4,2027-04-08 12:00:00
O009932,C00333,P0057,1,2027-04-08 14:00:00
O009933,C01537,P0091,1,2027-04-08 16:00:00
O009934,C01157,P0057,2,2027-04-08 18:00:00
O009935,C00592,P0037,1,2027-04-08 20:00:00
O009936,C00783,P0007,2,2027-04-08 22:00:00
O009937,C00540,P0005,2,2027-04-09 00:00:00
O009938,C02783,P0079,1,2027-04-09 02:00:00
O009939,C01559,P0051,2,2027-04-09 04:00:00
O009940,C01520,P0008,5,2027-04-09 06:00:00
O009941,C02669,P0056,2,2027-04-09 08:00:00
O009942,C00619,P0073,5,2027-04-09 10:00:00
O009943,C02957,P0011,5,2027-04-09 12:00:00
O009944,C01834,P0022,5,2027-04-09 14:00:00
O009945,C00992,P0098,3,2027-04-09 16:00:00
O009946,C02147,P0099,3,2027-04-09 18:00:00
O009947,C02365,P0077,2,2027-04-09 20:00:00
O009948,C02171,P0011,1,2027-04-09 22:00:00
O009949,C02847,P0060,2,2027-04-10 00:00:00
O009950,C01617,P0096,3,2027-04-10 02:00:00
O009951,C01519,P0015,4,2027-04-10 04:00:00
O009952,C02505,P0038,4,2027-04-10 06:00:00
O009953,C00522,P0001,2,2027-04-10 08:00:00
O009954,C02568,P0046,3,2027-04-10 10:00:00
O009955,C00917,P0088,5,2027-04-10 12:00:00
O009956,C00717,P0043,3,2027-04-10 14:00:00
O009957,C02363,P0022,2,2027-04-10 16:00:00
O009958,C02757,P0003,3,2027-04-10 18:00:00
O009959,C02758,P0014,4,2027-04-10 20:00:00
O009960,C01937,P0002,5,2027-04-10 22:00:00
O009961,C00560,P0061,2,2027-04-11 00:00:00
O009962,C00969,P0032,2,2027-04-11 02:00:00
O009963,C02404,P0038,1,2027-04-11 04:00:00
O009964,C01078,P0097,5,2027-04-11 06:00:00
O009965,C00890,P0046,2,2027-04-11 08:00:00
O009966,C00793,P0042,3,2027-04-11 10:00:00
O009967,C02313,P0006,3,2027-04-11 12:00:00
O009968,C00982,P0041,3,2027-04-11 14:00:00
O009969,C00802,P0025,3,2027-04-11 16:00:00
O009970,C00043,P0098,2,2027-04-11 18:00:00
O009971,C01610,P0011,4,2027-04-11 20:00:00
O009972,C02910,P0041,5,2027-04-11 22:00:00
O009973,C01778,P0071,3,2027-04-12 00:00:00
O009974,C00350,P0057,2,2027-04-12 02:00:00
O009975,C01568,P0046,2,2027-04-12 04:00:00
O009976,C01130,P0086,3,2027-04-12 06:00:00
O009977,C02960,P0048,1,2027-04-12 08:00:00
O009978,C02049,P0063,2,2027-04-12 10:00:00
O009979,C01781,P0039,5,2027-04-12 12:00:00
O009980,C00584,P0010,5,2027-04-12 14:00:00
O009981,C00432,P0085,1,2027-04-12 16:00:00
O009982,C01933,P0070,2,2027-04-12 18:00:00
O009983,C02101,P0065,1,2027-04-12 20:00:00
O009984,C02988,P0098,2,2027-04-12 22:00:00
O009985,C02568,P0059,2,2027-04-13 00:00:00
O009986,C01349,P0078,1,2027-04-13 02:00:00
O009987,C02195,P0036,4,2027-04-13 04:00:00
O009988,C02031,P0027,3,2027-04-13 06:00:00
O009989,C01190,P0073,3,2027-04-13 08:00:00
O009990,C01163,P0055,3,2027-04-13 10:00:00
O009991,C02677,P0070,1,2027-04-13 12:00:00
O009992,C00299,P0095,2,2027-04-13 14:00:00
O009993,C01940,P0081,2,2027-04-13 16:00:00
O009994,C00789,P0053,5,2027-04-13 18:00:00
O009995,C00850,P0060,2,2027-04-13 20:00:00
O009996,C02226,P0061,4,2027-04-13 22:00:00
O009997,C02890,P0036,3,2027-04-14 00:00:00
O009998,C01378,P0085,4,2027-04-14 02:00:00
O009999,C01178,P0027,3,2027-04-14 04:00:00
O010000,C01950,P0041,1,2027-04-14 06:00:00
O010001,C00878,P0028,4,2027-04-14 08:00:00
O010002,C01139,P0016,2,2027-04-14 10:00:00
O010003,C01578,P0035,3,2027-04-14 12:00:00
O010004,C02807,P0036,5,2027-04-14 14:00:00
O010005,C02493,P0056,4,2027-04-14 16:00:00
O010006,C02756,P0099,1,2027-04-14 18:00:00
O010007,C02650,P0019,5,2027-04-14 20:00:00
O010008,C01647,P0057,1,2027-04-14 22:00:00
O010009,C01904,P0085,3,2027-04-15 00:00:00
O010010,C01383,P0033,4,2027-04-15 02:00:00
O010011,C00145,P0023,1,2027-04-15 04:00:00
O010012,C02323,P0063,5,2027-04-15 06:00:00
O010013,C02557,P0070,5,2027-04-15 08:00:00
O010014,C01203,P0096,2,2027-04-15 10:00:00
O010015,C02801,P0022,1,2027-04-15 12:00:00
O010016,C01862,P0067,4,2027-04-15 14:00:00
O010017,C01855,P0099,4,2027-04-15 16:00:00
O010018,C02525,P0080,2,2027-04-15 18:00:00
O010019,C01867,P0059,5,2027-04-15 20:00:00
O010020,C01099,P0025,1,2027-04-15 22:00:00
O010021,C01152,P0017,5,2027-04-16 00:00:00
O010022,C01735,P0039,1,2027-04-16 02:00:00
O010023,C02714,P0077,1,2027-04-16 04:00:00
O010024,C00568,P0092,1,2027-04-16 06:00:00
O010025,C01814,P0075,5,2027-04-16 08:00:00
O010026,C00531,P0074,5,2027-04-16 10:00:00
O010027,C02207,P0039,5,2027-04-16 12:00:00
O010028,C01562,P0024,3,2027-04-16 14:00:00
O010029,C00681,P0038,5,2027-04-16 16:00:00
O010030,C02071,P0088,2,2027-04-16 18:00:00
O010031,C01071,P0097,3,2027-04-16 20:00:00
O010032,C02573,P0081,1,2027-04-16 22:00:00
O010033,C00729,P0057,4,2027-04-17 00:00:00
O010034,C01730,P0044,3,2027-04-17 02:00:00
O010035,C02192,P0036,3,2027-04-17 04:00:00
O010036,C00668,P0099,1,2027-04-17 06:00:00
O010037,C01613,P0070,5,2027-04-17 08:00:00
O010038,C00681,P0080,5,2027-04-17 10:00:00
O010039,C00973,P0045,3,2027-04-17 12:00:00
O010040,C02847,P0092,5,2027-04-17 14:00:00
O010041,C02133,P0096,3,2027-04-17 16:00:00
O010042,C02464,P0026,4,2027-04-17 18:00:00
O010043,C02742,P0011,4,2027-04-17 20:00:00
O010044,C02530,P0052,1,2027-04-17 22:00:00
O010045,C02504,P0025,2,2027-04-18 00:00:00
O010046,C00827,P0031,2,2027-04-18 02:00:00
O010047,C00297,P0085,5,2027-04-18 04:00:00
O010048,C01254,P0045,2,2027-04-18 06:00:00
O010049,C02998,P0067,4,2027-04-18 08:00:00
O010050,C02728,P0076,1,2027-04-18 10:00:00
O010051,C02426,P0040,4,2027-04-18 12:00:00
O010052,C02469,P0046,3,2027-04-18 14:00:00
O010053,C02153,P0054,5,2027-04-18 16:00:00
O010054,C01729,P0041,5,2027-04-18 18:00:00
O010055,C02025,P0089,2,2027-04-18 20:00:00
O010056,C00330,P0081,3,2027-04-18 22:00:00
O010057,C02487,P0038,2,2027-04-19 00:00:00
O010058,C01156,P0100,2,2027-04-19 02:00:00
O010059,C01891,P0036,2,2027-04-19 04:00:00
O010060,C00382,P0083,3,2027-04-19 06:00:00
O010061,C02186,P0044,2,2027-04-19 08:00:00
O010062,C02991,P0057,5,2027-04-19 10:00:00
O010063,C00843,P0066,2,2027-04-19 12:00:00
O010064,C02318,P0081,3,2027-04-19 14:00:00
O010065,C00396,P0030,3,2027-04-19 16:00:00
O010066,C02961,P0010,4,2027-04-19 18:00:00
O010067,C02512,P0099,2,2027-04-19 20:00:00
O010068,C00450,P0061,3,2027-04-19 22:00:00
O010069,C01355,P0063,2,2027-04-20 00:00:00
O010070,C01987,P0036,1,2027-04-20 02:00:00
O010071,C01309,P0054,5,2027-04-20 04:00:00
O010072,C01298,P0097,5,2027-04-20 06:00:00
O010073,C02068,P0065,2,2027-04-20 08:00:00
O010074,C02287,P0082,5,2027-04-20 10:00:00
O010075,C01294,P0004,5,2027-04-20 12:00:00
O010076,C02466,P0055,1,2027-04-20 14:00:00
O010077,C01850,P0054,5,2027-04-20 16:00:00
O010078,C00186,P0091,5,2027-04-20 18:00:00
O010079,C01234,P0089,3,2027-04-20 20:00:00
O010080,C01438,P0064,5,2027-04-20 22:00:00
O010081,C00253,P0092,2,2027-04-21 00:00:00
O010082,C00019,P0022,5,2027-04-21 02:00:00
O010083,C02760,P0025,2,2027-04-21 04:00:00
O010084,C01160,P0081,5,2027-04-21 06:00:00
O010085,C00223,P0059,2,2027-04-21 08:00:00
O010086,C00003,P0057,5,2027-04-21 10:00:00
O010087,C01260,P0054,2,2027-04-21 12:00:00
O010088,C00854,P0044,5,2027-04-21 14:00:00
O010089,C01489,P0052,1,2027-04-21 16:00:00
O010090,C00228,P0076,3,2027-04-21 18:00:00
O010091,C02961,P0016,3,2027-04-21 20:00:00
O010092,C01678,P0016,3,2027-04-21 22:00:00
O010093,C00499,P0081,3,2027-04-22 00:00:00
O010094,C02569,P0055,1,2027-04-22 02:00:00
O010095,C02750,P0061,1,2027-04-22 04:00:00
O010096,C01886,P0095,5,2027-04-22 06:00:00
O010097,C02965,P0079,1,2027-04-22 08:00:00
O010098,C02016,P0077,3,2027-04-22 10:00:00
O010099,C01163,P0040,4,2027-04-22 12:00:00
O010100,C01300,P0091,5,2027-04-22 14:00:00
O010101,C02339,P0021,2,2027-04-22 16:00:00
O010102,C01077,P0066,3,2027-04-22 18:00:00
O010103,C00715,P0008,3,2027-04-22 20:00:00
O010104,C00948,P0071,3,2027-04-22 22:00:00
O010105,C02696,P0010,1,2027-04-23 00:00:00
O010106,C02732,P0057,2,2027-04-23 02:00:00
O010107,C00870,P0004,5,2027-04-23 04:00:00
O010108,C01071,P0043,3,2027-04-23 06:00:00
O010109,C00094,P0100,2,2027-04-23 08:00:00
O010110,C02988,P0099,4,2027-04-23 10:00:00
O010111,C00560,P0063,1,2027-04-23 12:00:00
O010112,C01776,P0043,3,2027-04-23 14:00:00
O010113,C02261,P0067,2,2027-04-23 16:00:00
O010114,C00436,P0082,2,2027-04-23 18:00:00
O010115,C00852,P0051,3,2027-04-23 20:00:00
O010116,C02556,P0056,2,2027-04-23 22:00:00
O010117,C02884,P0043,2,2027-04-24 00:00:00
O010118,C02699,P0024,5,2027-04-24 02:00:00
O010119,C00205,P0096,1,2027-04-24 04:00:00
O010120,C02429,P0034,5,2027-04-24 06:00:00
O010121,C01100,P0059,1,2027-04-24 08:00:00
O010122,C00077,P0002,1,2027-04-24 10:00:00
O010123,C00816,P0002,5,2027-04-24 12:00:00
O010124,C00768,P0010,3,2027-04-24 14:00:00
O010125,C02458,P0023,2,2027-04-24 16:00:00
O010126,C00106,P0015,4,2027-04-24 18:00:00
O010127,C02599,P0076,5,2027-04-24 20:00:00
O010128,C02874,P0017,5,2027-04-24 22:00:00
O010129,C02136,P0082,3,2027-04-25 00:00:00
O010130,C01747,P0014,2,2027-04-25 02:00:00
O010131,C02929,P0081,5,2027-04-25 04:00:00
O010132,C01466,P0079,4,2027-04-25 06:00:00
O010133,C02588,P0076,2,2027-04-25 08:00:00
O010134,C00245,P0016,5,2027-04-25 10:00:00
O010135,C02626,P0032,5,2027-04-25 12:00:00
O010136,C01406,P0023,1,2027-04-25 14:00:00
O010137,C00982,P0034,1,2027-04-25 16:00:00
O010138,C02765,P0098,5,2027-04-25 18:00:00
O010139,C01737,P0016,3,2027-04-25 20:00:00
O010140,C00142,P0034,1,2027-04-25 22:00:00
O010141,C00893,P0071,5,2027-04-26 00:00:00
O010142,C01392,P0033,2,2027-04-26 02:00:00
O010143,C02400,P0068,4,2027-04-26 04:00:00
O010144,C00545,P0043,1,2027-04-26 06:00:00
O010145,C02961,P0064,5,2027-04-26 08:00:00
O010146,C02200,P0071,1,2027-04-26 10:00:00
O010147,C01470,P0018,2,2027-04-26 12:00:00
O010148,C02701,P0068,3,2027-04-26 14:00:00
O010149,C00763,P0061,5,2027-04-26 16:00:00
O010150,C00624,P0075,2,2027-04-26 18:00:00
O010151,C00656,P0020,4,2027-04-26 20:00:00
O010152,C02498,P0011,5,2027-04-26 22:00:00
O010153,C02769,P0079,4,2027-04-27 00:00:00
O010154,C01248,P0046,3,2027-04-27 02:00:00
O010155,C00043,P0064,5,2027-04-27 04:00:00
O010156,C02312,P0081,5,2027-04-27 06:00:00
O010157,C01027,P0098,2,2027-04-27 08:00:00
O010158,C01661,P0076,1,2027-04-27 10:00:00
O010159,C01292,P0028,5,2027-04-27 12:00:00
O010160,C00596,P0048,3,2027-04-27 14:00:00
O010161,C01013,P0035,5,2027-04-27 16:00:00
O010162,C02225,P0008,5,2027-04-27 18:00:00
O010163,C02111,P0091,5,2027-04-27 20:00:00
O010164,C00958,P0022,5,2027-04-27 22:00:00
O010165,C00561,P0024,3,2027-04-28 00:00:00
O010166,C01331,P0066,2,2027-04-28 02:00:00
O010167,C01313,P0095,1,2027-04-28 04:00:00
O010168,C01822,P0086,3,2027-04-28 06:00:00
O010169,C01551,P0064,3,2027-04-28 08:00:00
O010170,C00850,P0065,4,2027-04-28 10:00:00
O010171,C01279,P0014,1,2027-04-28 12:00:00
O010172,C02652,P0025,2,2027-04-28 14:00:00
O010173,C01534,P0100,2,2027-04-28 16:00:00
O010174,C01815,P0100,4,2027-04-28 18:00:00
O010175,C01742,P0003,4,2027-04-28 20:00:00
O010176,C00606,P0005,3,2027-04-28 22:00:00
O010177,C02878,P0065,2,2027-04-29 00:00:00
O010178,C01487,P0054,2,2027-04-29 02:00:00
O010179,C01295,P0019,2,2027-04-29 04:00:00
O010180,C00746,P0097,3,2027-04-29 06:00:00
O010181,C00558,P0054,2,2027-04-29 08:00:00
O010182,C02112,P0094,5,2027-04-29 10:00:00
O010183,C00942,P0076,4,2027-04-29 12:00:00
O010184,C02297,P0010,4,2027-04-29 14:00:00
O010185,C01270,P0098,4,2027-04-29 16:00:00
O010186,C00940,P0016,4,2027-04-29 18:00:00
O010187,C01611,P0046,5,2027-04-29 20:00:00
O010188,C02205,P0029,1,2027-04-29 22:00:00
O010189,C02783,P0015,2,2027-04-30 00:00:00
O010190,C01726,P0048,4,2027-04-30 02:00:00
O010191,C00985,P0011,2,2027-04-30 04:00:00
O010192,C01588,P0034,2,2027-04-30 06:00:00
O010193,C01337,P0036,5,2027-04-30 08:00:00
O010194,C01875,P0030,2,2027-04-30 10:00:00
O010195,C00662,P0099,4,2027-04-30 12:00:00
O010196,C00033,P0073,2,2027-04-30 14:00:00
O010197,C01817,P0082,5,2027-04-30 16:00:00
O010198,C02606,P0019,4,2027-04-30 18:00:00
O010199,C02121,P0068,5,2027-04-30 20:00:00
O010200,C01890,P0070,3,2027-04-30 22:00:00
O010201,C02873,P0033,1,2027-05-01 00:00:00
O010202,C01157,P0096,2,2027-05-01 02:00:00
O010203,C00061,P0080,2,2027-05-01 04:00:00
O010204,C01544,P0075,2,2027-05-01 06:00:00
O010205,C00272,P0022,3,2027-05-01 08:00:00
O010206,C02294,P0036,1,2027-05-01 10:00:00
O010207,C01200,P0023,5,2027-05-01 12:00:00
O010208,C02676,P0063,3,2027-05-01 14:00:00
O010209,C01807,P0026,3,2027-05-01 16:00:00
O010210,C02753,P0060,4,2027-05-01 18:00:00
O010211,C02710,P0095,3,2027-05-01 20:00:00
O010212,C01155,P0093,3,2027-05-01 22:00:00
O010213,C01126,P0005,2,2027-05-02 00:00:00
O010214,C00310,P0054,4,2027-05-02 02:00:00
O010215,C01316,P0038,5,2027-05-02 04:00:00
O010216,C01746,P0062,1,2027-05-02 06:00:00
O010217,C02543,P0025,5,2027-05-02 08:00:00
O010218,C00338,P0098,4,2027-05-02 10:00:00
O010219,C02627,P0012,2,2027-05-02 12:00:00
O010220,C00010,P0022,1,2027-05-02 14:00:00
O010221,C00049,P0009,5,2027-05-02 16:00:00
O010222,C01511,P0084,1,2027-05-02 18:00:00
O010223,C02671,P0029,1,2027-05-02 20:00:00
O010224,C01345,P0044,1,2027-05-02 22:00:00
O010225,C00731,P0093,3,2027-05-03 00:00:00
O010226,C00795,P0027,4,2027-05-03 02:00:00
O010227,C01649,P0055,4,2027-05-03 04:00:00
O010228,C00133,P0081,2,2027-05-03 06:00:00
O010229,C02131,P0005,5,2027-05-03 08:00:00
O010230,C02105,P0052,2,2027-05-03 10:00:00
O010231,C00376,P0013,5,2027-05-03 12:00:00
O010232,C02397,P0042,1,2027-05-03 14:00:00
O010233,C00271,P0015,5,2027-05-03 16:00:00
O010234,C01507,P0079,5,2027-05-03 18:00:00
O010235,C02159,P0018,1,2027-05-03 20:00:00
O010236,C02917,P0050,2,2027-05-03 22:00:00
O010237,C02935,P0002,5,2027-05-04 00:00:00
O010238,C00076,P0087,2,2027-05-04 02:00:00
O010239,C01957,P0013,2,2027-05-04 04:00:00
O010240,C01667,P0068,4,2027-05-04 06:00:00
O010241,C00329,P0047,1,2027-05-04 08:00:00
O010242,C02170,P0089,1,2027-05-04 10:00:00
O010243,C00041,P0075,3,2027-05-04 12:00:00
O010244,C01191,P0050,2,2027-05-04 14:00:00
O010245,C02970,P0012,3,2027-05-04 16:00:00
O010246,C02690,P0013,1,2027-05-04 18:00:00
O010247,C02327,P0009,1,2027-05-04 20:00:00
O010248,C02811,P0059,3,2027-05-04 22:00:00
O010249,C02517,P0045,1,2027-05-05 00:00:00
O010250,C02057,P0070,1,2027-05-05 02:00:00
O010251,C00013,P0043,4,2027-05-05 04:00:00
O010252,C00924,P0074,5,2027-05-05 06:00:00
O010253,C02971,P0023,4,2027-05-05 08:00:00
O010254,C01843,P0079,5,2027-05-05 10:00:00
O010255,C01233,P0045,4,2027-05-05 12:00:00
O010256,C01215,P0023,4,2027-05-05 14:00:00
O010257,C00653,P0034,2,2027-05-05 16:00:00
O010258,C01704,P0016,3,2027-05-05 18:00:00
O010259,C00621,P0063,4,2027-05-05 20:00:00
O010260,C01963,P0051,2,2027-05-05 22:00:00
O010261,C01646,P0032,4,2027-05-06 00:00:00
O010262,C02244,P0038,3,2027-05-06 02:00:00
O010263,C00417,P0056,2,2027-05-06 04:00:00
O010264,C00664,P0069,5,2027-05-06 06:00:00
O010265,C01779,P0017,3,2027-05-06 08:00:00
O010266,C01380,P0086,1,2027-05-06 10:00:00
O010267,C00148,P0039,2,2027-05-06 12:00:00
O010268,C02046,P0041,1,2027-05-06 14:00:00
O010269,C01389,P0048,2,2027-05-06 16:00:00
O010270,C02412,P0082,5,2027-05-06 18:00:00
O010271,C01726,P0028,2,2027-05-06 20:00:00
O010272,C00402,P0077,4,2027-05-06 22:00:00
O010273,C02654,P0050,1,2027-05-07 00:00:00
O010274,C01516,P0001,1,2027-05-07 02:00:00
O010275,C02032,P0050,2,2027-05-07 04:00:00
O010276,C00229,P0019,4,2027-05-07 06:00:00
O010277,C01599,P0098,4,2027-05-07 08:00:00
O010278,C02585,P0059,2,2027-05-07 10:00:00
O010279,C00268,P0068,3,2027-05-07 12:00:00
O010280,C01429,P0067,5,2027-05-07 14:00:00
O010281,C01817,P0041,2,2027-05-07 16:00:00
O010282,C01035,P0010,4,2027-05-07 18:00:00
O010283,C01344,P0028,5,2027-05-07 20:00:00
O010284,C00126,P0034,2,2027-05-07 22:00:00
O010285,C02354,P0039,5,2027-05-08 00:00:00
O010286,C01726,P0083,3,2027-05-08 02:00:00
O010287,C01113,P0056,4,2027-05-08 04:00:00
O010288,C02676,P0052,3,2027-05-08 06:00:00
O010289,C01376,P0100,3,2027-05-08 08:00:00
O010290,C00689,P0003,4,2027-05-08 10:00:00
O010291,C01281,P0023,3,2027-05-08 12:00:00
O010292,C01233,P0017,2,2027-05-08 14:00:00
O010293,C00281,P0071,2,2027-05-08 16:00:00
O010294,C00443,P0026,5,2027-05-08 18:00:00
O010295,C01864,P0018,2,2027-05-08 20:00:00
O010296,C00837,P0046,2,2027-05-08 22:00:00
O010297,C00389,P0070,5,2027-05-09 00:00:00
O010298,C00617,P0031,1,2027-05-09 02:00:00
O010299,C00147,P0093,4,2027-05-09 04:00:00
O010300,C00521,P0009,2,2027-05-09 06:00:00
O010301,C00630,P0035,5,2027-05-09 08:00:00
O010302,C02482,P0081,3,2027-05-09 10:00:00
O010303,C02192,P0060,3,2027-05-09 12:00:00
O010304,C00289,P0076,2,2027-05-09 14:00:00
O010305,C01410,P0063,4,2027-05-09 16:00:00
O010306,C00014,P0100,5,2027-05-09 18:00:00
O010307,C00257,P0052,5,2027-05-09 20:00:00
O010308,C01722,P0048,5,2027-05-09 22:00:00
O010309,C01424,P0061,5,2027-05-10 00:00:00
O010310,C01231,P0024,5,2027-05-10 02:00:00
O010311,C00858,P0074,4,2027-05-10 04:00:00
O010312,C02991,P0058,5,2027-05-10 06:00:00
O010313,C01196,P0064,4,2027-05-10 08:00:00
O010314,C00464,P0030,4,2027-05-10 10:00:00
O010315,C00270,P0029,4,2027-05-10 12:00:00
O010316,C01245,P0010,3,2027-05-10 14:00:00
O010317,C02671,P0039,1,2027-05-10 16:00:00
O010318,C01207,P0055,2,2027-05-10 18:00:00
O010319,C00072,P0028,3,2027-05-10 20:00:00
O010320,C01307,P0018,1,2027-05-10 22:00:00
O010321,C02122,P0041,3,2027-05-11 00:00:00
O010322,C02403,P0081,4,2027-05-11 02:00:00
O010323,C01751,P0075,4,2027-05-11 04:00:00
O010324,C00497,P0065,5,2027-05-11 06:00:00
O010325,C00988,P0081,4,2027-05-11 08:00:00
O010326,C02628,P0100,3,2027-05-11 10:00:00
O010327,C00910,P0100,2,2027-05-11 12:00:00
O010328,C00373,P0046,4,2027-05-11 14:00:00
O010329,C00362,P0060,1,2027-05-11 16:00:00
O010330,C02141,P0009,3,2027-05-11 18:00:00
O010331,C01345,P0045,1,2027-05-11 20:00:00
O010332,C00324,P0060,5,2027-05-11 22:00:00
O010333,C02432,P0028,5,2027-05-12 00:00:00
O010334,C00575,P0097,2,2027-05-12 02:00:00
O010335,C00736,P0003,3,2027-05-12 04:00:00
O010336,C02785,P0051,2,2027-05-12 06:00:00
O010337,C02394,P0008,1,2027-05-12 08:00:00
O010338,C01216,P0070,2,2027-05-12 10:00:00
O010339,C01696,P0059,1,2027-05-12 12:00:00
O010340,C01908,P0061,2,2027-05-12 14:00:00
O010341,C00719,P0058,5,2027-05-12 16:00:00
O010342,C00781,P0070,3,2027-05-12 18:00:00
O010343,C01020,P0093,2,2027-05-12 20:00:00
O010344,C01404,P0012,1,2027-05-12 22:00:00
O010345,C01427,P0009,3,2027-05-13 00:00:00
O010346,C00664,P0049,5,2027-05-13 02:00:00
O010347,C01773,P0083,5,2027-05-13 04:00:00
O010348,C02648,P0017,4,2027-05-13 06:00:00
O010349,C00011,P0054,3,2027-05-13 08:00:00
O010350,C02235,P0044,2,2027-05-13 10:00:00
O010351,C02774,P0032,5,2027-05-13 12:00:00
O010352,C01039,P0035,2,2027-05-13 14:00:00
O010353,C02826,P0078,2,2027-05-13 16:00:00
O010354,C02459,P0049,1,2027-05-13 18:00:00
O010355,C00585,P0054,2,2027-05-13 20:00:00
O010356,C01076,P0016,4,2027-05-13 22:00:00
O010357,C02625,P0085,3,2027-05-14 00:00:00
O010358,C01375,P0012,3,2027-05-14 02:00:00
O010359,C01452,P0088,1,2027-05-14 04:00:00
O010360,C01855,P0098,4,2027-05-14 06:00:00
O010361,C01790,P0008,4,2027-05-14 08:00:00
O010362,C00743,P0021,3,2027-05-14 10:00:00
O010363,C01777,P0048,4,2027-05-14 12:00:00
O010364,C00204,P0008,5,2027-05-14 14:00:00
O010365,C01077,P0028,2,2027-05-14 16:00:00
O010366,C00974,P0080,2,2027-05-14 18:00:00
O010367,C02988,P0010,3,2027-05-14 20:00:00
O010368,C01399,P0052,3,2027-05-14 22:00:00
O010369,C01866,P0015,4,2027-05-15 00:00:00
O010370,C01300,P0004,1,2027-05-15 02:00:00
O010371,C01055,P0090,3,2027-05-15 04:00:00
O010372,C01159,P0079,3,2027-05-15 06:00:00
O010373,C00105,P0100,3,2027-05-15 08:00:00
O010374,C00253,P0096,4,2027-05-15 10:00:00
O010375,C00295,P0062,5,2027-05-15 12:00:00
O010376,C02716,P0004,3,2027-05-15 14:00:00
O010377,C01182,P0041,5,2027-05-15 16:00:00
O010378,C00549,P0073,4,2027-05-15 18:00:00
O010379,C02679,P0099,1,2027-05-15 20:00:00
O010380,C01778,P0055,2,2027-05-15 22:00:00
O010381,C00299,P0028,2,2027-05-16 00:00:00
O010382,C01749,P0047,2,2027-05-16 02:00:00
O010383,C01844,P0009,2,2027-05-16 04:00:00
O010384,C00101,P0002,4,2027-05-16 06:00:00
O010385,C02380,P0067,2,2027-05-16 08:00:00
O010386,C02884,P0048,4,2027-05-16 10:00:00
O010387,C01775,P0069,1,2027-05-16 12:00:00
O010388,C02441,P0074,3,2027-05-16 14:00:00
O010389,C00874,P0028,3,2027-05-16 16:00:00
O010390,C02429,P0079,3,2027-05-16 18:00:00
O010391,C00092,P0014,4,2027-05-16 20:00:00
O010392,C00447,P0046,4,2027-05-16 22:00:00
O010393,C00109,P0087,4,2027-05-17 00:00:00
O010394,C00317,P0013,1,2027-05-17 02:00:00
O010395,C01836,P0016,5,2027-05-17 04:00:00
O010396,C01944,P0094,4,2027-05-17 06:00:00
O010397,C01459,P0040,4,2027-05-17 08:00:00
O010398,C00442,P0072,3,2027-05-17 10:00:00
O010399,C02266,P0081,2,2027-05-17 12:00:00
O010400,C01246,P0030,2,2027-05-17 14:00:00
O010401,C02721,P0081,1,2027-05-17 16:00:00
O010402,C01552,P0099,2,2027-05-17 18:00:00
O010403,C00278,P0065,5,2027-05-17 20:00:00
O010404,C00569,P0058,3,2027-05-17 22:00:00
O010405,C01010,P0088,1,2027-05-18 00:00:00
O010406,C02923,P0048,2,2027-05-18 02:00:00
O010407,C02514,P0049,2,2027-05-18 04:00:00
O010408,C00839,P0089,3,2027-05-18 06:00:00
O010409,C02802,P0002,1,2027-05-18 08:00:00
O010410,C01608,P0089,3,2027-05-18 10:00:00
O010411,C02886,P0014,1,2027-05-18 12:00:00
O010412,C00030,P0097,2,2027-05-18 14:00:00
O010413,C02407,P0017,3,2027-05-18 16:00:00
O010414,C01943,P0031,3,2027-05-18 18:00:00
O010415,C02134,P0010,5,2027-05-18 20:00:00
O010416,C01258,P0070,3,2027-05-18 22:00:00
O010417,C02795,P0089,1,2027-05-19 00:00:00
O010418,C02361,P0037,5,2027-05-19 02:00:00
O010419,C00365,P0064,3,2027-05-19 04:00:00
O010420,C01801,P0030,3,2027-05-19 06:00:00
O010421,C01823,P0034,5,2027-05-19 08:00:00
O010422,C01863,P0018,2,2027-05-19 10:00:00
O010423,C00905,P0088,3,2027-05-19 12:00:00
O010424,C00698,P0063,4,2027-05-19 14:00:00
O010425,C02179,P0049,2,2027-05-19 16:00:00
O010426,C02851,P0056,3,2027-05-19 18:00:00
O010427,C02837,P0091,2,2027-05-19 20:00:00
O010428,C01856,P0058,1,2027-05-19 22:00:00
O010429,C00351,P0027,2,2027-05-20 00:00:00
O010430,C00180,P0055,5,2027-05-20 02:00:00
O010431,C01504,P0085,3,2027-05-20 04:00:00
O010432,C01187,P0019,2,2027-05-20 06:00:00
O010433,C01807,P0023,4,2027-05-20 08:00:00
O010434,C00774,P0047,1,2027-05-20 10:00:00
O010435,C00510,P0079,1,2027-05-20 12:00:00
O010436,C00365,P0066,2,2027-05-20 14:00:00
O010437,C00353,P0099,5,2027-05-20 16:00:00
O010438,C02848,P0051,1,2027-05-20 18:00:00
O010439,C01107,P0084,2,2027-05-20 20:00:00
O010440,C01249,P0028,2,2027-05-20 22:00:00
O010441,C00412,P0057,1,2027-05-21 00:00:00
O010442,C00735,P0058,2,2027-05-21 02:00:00
O010443,C00118,P0015,2,2027-05-21 04:00:00
O010444,C00482,P0016,4,2027-05-21 06:00:00
O010445,C00192,P0097,2,2027-05-21 08:00:00
O010446,C02639,P0047,2,2027-05-21 10:00:00
O010447,C02638,P0063,5,2027-05-21 12:00:00
O010448,C02707,P0012,1,2027-05-21 14:00:00
O010449,C00107,P0043,5,2027-05-21 16:00:00
O010450,C00382,P0084,3,2027-05-21 18:00:00
O010451,C00783,P0029,5,2027-05-21 20:00:00
O010452,C02438,P0049,3,2027-05-21 22:00:00
O010453,C00244,P0003,3,2027-05-22 00:00:00
O010454,C02633,P0069,5,2027-05-22 02:00:00
O010455,C02917,P0060,4,2027-05-22 04:00:00
O010456,C00468,P0066,5,2027-05-22 06:00:00
O010457,C00866,P0087,1,2027-05-22 08:00:00
O010458,C02982,P0090,5,2027-05-22 10:00:00
O010459,C01562,P0026,4,2027-05-22 12:00:00
O010460,C01234,P0071,5,2027-05-22 14:00:00
O010461,C00604,P0074,4,2027-05-22 16:00:00
O010462,C01661,P0069,1,2027-05-22 18:00:00
O010463,C01097,P0047,2,2027-05-22 20:00:00
O010464,C02016,P0076,4,2027-05-22 22:00:00
O010465,C01659,P0096,4,2027-05-23 00:00:00
O010466,C01734,P0042,4,2027-05-23 02:00:00
O010467,C01614,P0031,1,2027-05-23 04:00:00
O010468,C00860,P0022,3,2027-05-23 06:00:00
O010469,C01880,P0017,4,2027-05-23 08:00:00
O010470,C01277,P0084,1,2027-05-23 10:00:00
O010471,C00013,P0020,2,2027-05-23 12:00:00
O010472,C02347,P0008,4,2027-05-23 14:00:00
O010473,C01100,P0098,3,2027-05-23 16:00:00
O010474,C01075,P0049,1,2027-05-23 18:00:00
O010475,C00787,P0087,2,2027-05-23 20:00:00
O010476,C00149,P0038,3,2027-05-23 22:00:00
O010477,C01755,P0053,2,2027-05-24 00:00:00
O010478,C02170,P0028,3,2027-05-24 02:00:00
O010479,C01304,P0077,5,2027-05-24 04:00:00
O010480,C02586,P0029,5,2027-05-24 06:00:00
O010481,C01180,P0072,5,2027-05-24 08:00:00
O010482,C02424,P0011,2,2027-05-24 10:00:00
O010483,C00082,P0047,5,2027-05-24 12:00:00
O010484,C00492,P0045,1,2027-05-24 14:00:00
O010485,C02404,P0018,1,2027-05-24 16:00:00
O010486,C02026,P0050,5,2027-05-24 18:00:00
O010487,C00925,P0089,3,2027-05-24 20:00:00
O010488,C01297,P0049,3,2027-05-24 22:00:00
O010489,C01604,P0022,2,2027-05-25 00:00:00
O010490,C01597,P0045,3,2027-05-25 02:00:00
O010491,C00123,P0061,4,2027-05-25 04:00:00
O010492,C00708,P0099,3,2027-05-25 06:00:00
O010493,C02378,P0093,1,2027-05-25 08:00:00
O010494,C00991,P0021,3,2027-05-25 10:00:00
O010495,C02371,P0071,2,2027-05-25 12:00:00
O010496,C02818,P0061,3,2027-05-25 14:00:00
O010497,C02041,P0076,2,2027-05-25 16:00:00
O010498,C02481,P0036,4,2027-05-25 18:00:00
O010499,C00710,P0024,5,2027-05-25 20:00:00
O010500,C00794,P0032,4,2027-05-25 22:00:00
O010501,C00712,P0091,1,2027-05-26 00:00:00
O010502,C02587,P0096,4,2027-05-26 02:00:00
O010503,C02649,P0059,4,2027-05-26 04:00:00
O010504,C01718,P0096,1,2027-05-26 06:00:00
O010505,C00257,P0096,1,2027-05-26 08:00:00
O010506,C01213,P0090,5,2027-05-26 10:00:00
O010507,C00871,P0075,5,2027-05-26 12:00:00
O010508,C02947,P0082,3,2027-05-26 14:00:00
O010509,C01732,P0005,2,2027-05-26 16:00:00
O010510,C00809,P0016,1,2027-05-26 18:00:00
O010511,C02725,P0011,4,2027-05-26 20:00:00
O010512,C00271,P0035,4,2027-05-26 22:00:00
O010513,C01544,P0075,5,2027-05-27 00:00:00
O010514,C00550,P0042,2,2027-05-27 02:00:00
O010515,C01138,P0087,1,2027-05-27 04:00:00
O010516,C00568,P0098,5,2027-05-27 06:00:00
O010517,C00359,P0081,2,2027-05-27 08:00:00
O010518,C01674,P0010,1,2027-05-27 10:00:00
O010519,C01638,P0082,4,2027-05-27 12:00:00
O010520,C01358,P0008,4,2027-05-27 14:00:00
O010521,C01713,P0026,5,2027-05-27 16:00:00
O010522,C01363,P0003,2,2027-05-27 18:00:00
O010523,C00798,P0059,4,2027-05-27 20:00:00
O010524,C01285,P0088,2,2027-05-27 22:00:00
O010525,C00887,P0003,5,2027-05-28 00:00:00
O010526,C01759,P0038,3,2027-05-28 02:00:00
O010527,C01223,P0002,2,2027-05-28 04:00:00
O010528,C02259,P0099,2,2027-05-28 06:00:00
O010529,C00287,P0017,5,2027-05-28 08:00:00
O010530,C01716,P0073,3,2027-05-28 10:00:00
O010531,C01786,P0036,4,2027-05-28 12:00:00
O010532,C00743,P0086,1,2027-05-28 14:00:00
O010533,C01506,P0095,5,2027-05-28 16:00:00
O010534,C02041,P0098,1,2027-05-28 18:00:00
O010535,C01047,P0088,3,2027-05-28 20:00:00
O010536,C00296,P0073,3,2027-05-28 22:00:00
O010537,C02054,P0002,2,2027-05-29 00:00:00
O010538,C02598,P0085,1,2027-05-29 02:00:00
O010539,C00681,P0034,1,2027-05-29 04:00:00
O010540,C01892,P0027,3,2027-05-29 06:00:00
O010541,C00795,P0037,1,2027-05-29 08:00:00
O010542,C00203,P0071,4,2027-05-29 10:00:00
O010543,C00325,P0022,3,2027-05-29 12:00:00
O010544,C02873,P0068,2,2027-05-29 14:00:00
O010545,C02292,P0014,2,2027-05-29 16:00:00
O010546,C00327,P0098,2,2027-05-29 18:00:00
O010547,C00987,P0023,1,2027-05-29 20:00:00
O010548,C00761,P0044,3,2027-05-29 22:00:00
O010549,C01037,P0089,2,2027-05-30 00:00:00
O010550,C00907,P0065,3,2027-05-30 02:00:00
O010551,C01404,P0079,1,2027-05-30 04:00:00
O010552,C00365,P0096,4,2027-05-30 06:00:00
O010553,C01245,P0078,4,2027-05-30 08:00:00
O010554,C02121,P0061,4,2027-05-30 10:00:00
O010555,C01649,P0085,1,2027-05-30 12:00:00
O010556,C01070,P0055,2,2027-05-30 14:00:00
O010557,C00274,P0071,1,2027-05-30 16:00:00
O010558,C02256,P0100,3,2027-05-30 18:00:00
O010559,C01953,P0085,4,2027-05-30 20:00:00
O010560,C01885,P0050,3,2027-05-30 22:00:00
O010561,C00124,P0012,1,2027-05-31 00:00:00
O010562,C01353,P0079,5,2027-05-31 02:00:00
O010563,C02591,P0015,5,2027-05-31 04:00:00
O010564,C01692,P0017,1,2027-05-31 06:00:00
O010565,C02108,P0034,2,2027-05-31 08:00:00
O010566,C02947,P0035,3,2027-05-31 10:00:00
O010567,C02934,P0039,1,2027-05-31 12:00:00
O010568,C02830,P0078,1,2027-05-31 14:00:00
O010569,C00442,P0055,5,2027-05-31 16:00:00
O010570,C01241,P0059,4,2027-05-31 18:00:00
O010571,C00911,P0005,4,2027-05-31 20:00:00
O010572,C01026,P0030,2,2027-05-31 22:00:00
O010573,C01560,P0004,2,2027-06-01 00:00:00
O010574,C01742,P0015,2,2027-06-01 02:00:00
O010575,C02880,P0035,5,2027-06-01 04:00:00
O010576,C01735,P0074,1,2027-06-01 06:00:00
O010577,C00626,P0055,2,2027-06-01 08:00:00
O010578,C01691,P0066,5,2027-06-01 10:00:00
O010579,C00998,P0060,3,2027-06-01 12:00:00
O010580,C02782,P0024,1,2027-06-01 14:00:00
O010581,C00091,P0092,3,2027-06-01 16:00:00
O010582,C02215,P0022,4,2027-06-01 18:00:00
O010583,C00207,P0044,4,2027-06-01 20:00:00
O010584,C01089,P0032,1,2027-06-01 22:00:00
O010585,C01912,P0095,2,2027-06-02 00:00:00
O010586,C00516,P0083,1,2027-06-02 02:00:00
O010587,C01181,P0051,2,2027-06-02 04:00:00
O010588,C01793,P0085,4,2027-06-02 06:00:00
O010589,C02795,P0003,1,2027-06-02 08:00:00
O010590,C02354,P0070,1,2027-06-02 10:00:00
O010591,C01902,P0032,2,2027-06-02 12:00:00
O010592,C02006,P0002,4,2027-06-02 14:00:00
O010593,C00395,P0088,4,2027-06-02 16:00:00
O010594,C01098,P0059,2,2027-06-02 18:00:00
O010595,C00187,P0091,2,2027-06-02 20:00:00
O010596,C01598,P0073,2,2027-06-02 22:00:00
O010597,C01592,P0077,4,2027-06-03 00:00:00
O010598,C02671,P0014,4,2027-06-03 02:00:00
O010599,C00730,P0051,1,2027-06-03 04:00:00
O010600,C00240,P0011,4,2027-06-03 06:00:00
O010601,C02581,P0078,3,2027-06-03 08:00:00
O010602,C00141,P0080,3,2027-06-03 10:00:00
O010603,C00139,P0010,2,2027-06-03 12:00:00
O010604,C02507,P0084,2,2027-06-03 14:00:00
O010605,C00070,P0080,2,2027-06-03 16:00:00
O010606,C00385,P0058,1,2027-06-03 18:00:00
O010607,C00630,P0034,3,2027-06-03 20:00:00
O010608,C02246,P0080,3,2027-06-03 22:00:00
O010609,C00205,P0078,4,2027-06-04 00:00:00
O010610,C01750,P0053,3,2027-06-04 02:00:00
O010611,C00568,P0028,4,2027-06-04 04:00:00
O010612,C00982,P0018,1,2027-06-04 06:00:00
O010613,C00805,P0026,2,2027-06-04 08:00:00
O010614,C01711,P0007,2,2027-06-04 10:00:00
O010615,C02907,P0045,4,2027-06-04 12:00:00
O010616,C00882,P0098,5,2027-06-04 14:00:00
O010617,C02036,P0045,4,2027-06-04 16:00:00
O010618,C00974,P0071,1,2027-06-04 18:00:00
O010619,C00640,P0097,3,2027-06-04 20:00:00
O010620,C01455,P0035,4,2027-06-04 22:00:00
O010621,C00325,P0052,1,2027-06-05 00:00:00
O010622,C00442,P0021,2,2027-06-05 02:00:00
O010623,C00804,P0028,5,2027-06-05 04:00:00
O010624,C02336,P0096,5,2027-06-05 06:00:00
O010625,C00226,P0044,4,2027-06-05 08:00:00
O010626,C01088,P0080,3,2027-06-05 10:00:00
O010627,C00967,P0056,4,2027-06-05 12:00:00
O010628,C02986,P0010,5,2027-06-05 14:00:00
O010629,C00560,P0023,5,2027-06-05 16:00:00
O010630,C00714,P0048,2,2027-06-05 18:00:00
O010631,C00498,P0052,3,2027-06-05 20:00:00
O010632,C02897,P0015,3,2027-06-05 22:00:00
O010633,C02974,P0055,5,2027-06-06 00:00:00
O010634,C02108,P0043,5,2027-06-06 02:00:00
O010635,C00257,P0050,4,2027-06-06 04:00:00
O010636,C00577,P0006,4,2027-06-06 06:00:00
O010637,C02287,P0033,2,2027-06-06 08:00:00
O010638,C00038,P0062,5,2027-06-06 10:00:00
O010639,C02073,P0055,4,2027-06-06 12:00:00
O010640,C00410,P0039,2,2027-06-06 14:00:00
O010641,C00461,P0012,3,2027-06-06 16:00:00
O010642,C01441,P0100,5,2027-06-06 18:00:00
O010643,C02405,P0031,1,2027-06-06 20:00:00
O010644,C00383,P0074,5,2027-06-06 22:00:00
O010645,C01833,P0053,4,2027-06-07 00:00:00
O010646,C00569,P0034,5,2027-06-07 02:00:00
O010647,C01072,P0041,1,2027-06-07 04:00:00
O010648,C00433,P0010,5,2027-06-07 06:00:00
O010649,C00056,P0052,4,2027-06-07 08:00:00
O010650,C02625,P0075,3,2027-06-07 10:00:00
O010651,C02316,P0057,4,2027-06-07 12:00:00
O010652,C02117,P0078,2,2027-06-07 14:00:00
O010653,C01752,P0003,4,2027-06-07 16:00:00
O010654,C02048,P0057,2,2027-06-07 18:00:00
O010655,C00902,P0033,5,2027-06-07 20:00:00
O010656,C01625,P0007,2,2027-06-07 22:00:00
O010657,C02841,P0004,5,2027-06-08 00:00:00
O010658,C00257,P0039,2,2027-06-08 02:00:00
O010659,C00672,P0048,4,2027-06-08 04:00:00
O010660,C00490,P0074,1,2027-06-08 06:00:00
O010661,C02794,P0079,5,2027-06-08 08:00:00
O010662,C02097,P0016,2,2027-06-08 10:00:00
O010663,C01683,P0038,1,2027-06-08 12:00:00
O010664,C00316,P0004,2,2027-06-08 14:00:00
O010665,C02461,P0004,2,2027-06-08 16:00:00
O010666,C00434,P0100,2,2027-06-08 18:00:00
O010667,C01026,P0027,4,2027-06-08 20:00:00
O010668,C01976,P0086,2,2027-06-08 22:00:00
O010669,C01980,P0086,1,2027-06-09 00:00:00
O010670,C01390,P0017,2,2027-06-09 02:00:00
O010671,C00420,P0098,3,2027-06-09 04:00:00
O010672,C01597,P0096,5,2027-06-09 06:00:00
O010673,C01585,P0070,4,2027-06-09 08:00:00
O010674,C00844,P0054,3,2027-06-09 10:00:00
O010675,C01468,P0097,3,2027-06-09 12:00:00
O010676,C02964,P0008,1,2027-06-09 14:00:00
O010677,C00434,P0053,1,2027-06-09 16:00:00
O010678,C02691,P0100,4,2027-06-09 18:00:00
O010679,C01579,P0005,4,2027-06-09 20:00:00
O010680,C02105,P0069,5,2027-06-09 22:00:00
O010681,C00964,P0047,2,2027-06-10 00:00:00
O010682,C00977,P0074,4,2027-06-10 02:00:00
O010683,C00046,P0040,4,2027-06-10 04:00:00
O010684,C01194,P0007,2,2027-06-10 06:00:00
O010685,C00417,P0012,5,2027-06-10 08:00:00
O010686,C00848,P0094,1,2027-06-10 10:00:00
O010687,C02187,P0025,5,2027-06-10 12:00:00
O010688,C00247,P0028,2,2027-06-10 14:00:00
O010689,C00230,P0043,1,2027-06-10 16:00:00
O010690,C00792,P0077,1,2027-06-10 18:00:00
O010691,C00637,P0047,1,2027-06-10 20:00:00
O010692,C02422,P0049,5,2027-06-10 22:00:00
O010693,C00738,P0086,2,2027-06-11 00:00:00
O010694,C01089,P0054,5,2027-06-11 02:00:00
O010695,C00088,P0018,5,2027-06-11 04:00:00
O010696,C00713,P0027,3,2027-06-11 06:00:00
O010697,C01750,P0072,4,2027-06-11 08:00:00
O010698,C01228,P0006,5,2027-06-11 10:00:00
O010699,C01937,P0075,3,2027-06-11 12:00:00
O010700,C01406,P0093,2,2027-06-11 14:00:00
O010701,C00601,P0069,3,2027-06-11 16:00:00
O010702,C01500,P0071,5,2027-06-11 18:00:00
O010703,C02587,P0022,2,2027-06-11 20:00:00
O010704,C00214,P0059,3,2027-06-11 22:00:00
O010705,C02122,P0047,5,2027-06-12 00:00:00
O010706,C02109,P0068,2,2027-06-12 02:00:00
O010707,C00698,P0032,2,2027-06-12 04:00:00
O010708,C01243,P0083,4,2027-06-12 06:00:00
O010709,C02060,P0097,5,2027-06-12 08:00:00
O010710,C02862,P0001,4,2027-06-12 10:00:00
O010711,C02080,P0054,2,2027-06-12 12:00:00
O010712,C01184,P0046,2,2027-06-12 14:00:00
O010713,C01001,P0041,3,2027-06-12 16:00:00
O010714,C00237,P0041,4,2027-06-12 18:00:00
O010715,C01205,P0008,1,2027-06-12 20:00:00
O010716,C02606,P0032,5,2027-06-12 22:00:00
O010717,C01482,P0030,4,2027-06-13 00:00:00
O010718,C01104,P0046,2,2027-06-13 02:00:00
O010719,C00647,P0092,3,2027-06-13 04:00:00
O010720,C02868,P0052,5,2027-06-13 06:00:00
O010721,C00473,P0096,5,2027-06-13 08:00:00
O010722,C00112,P0089,3,2027-06-13 10:00:00
O010723,C01846,P0098,2,2027-06-13 12:00:00
O010724,C01655,P0061,1,2027-06-13 14:00:00
O010725,C00383,P0097,3,2027-06-13 16:00:00
O010726,C00017,P0013,1,2027-06-13 18:00:00
O010727,C00493,P0089,4,2027-06-13 20:00:00
O010728,C02974,P0040,5,2027-06-13 22:00:00
O010729,C01897,P0061,2,2027-06-14 00:00:00
O010730,C01510,P0044,1,2027-06-14 02:00:00
O010731,C00117,P0062,2,2027-06-14 04:00:00
O010732,C01579,P0044,4,2027-06-14 06:00:00
O010733,C00880,P0048,1,2027-06-14 08:00:00
O010734,C02163,P0074,2,2027-06-14 10:00:00
O010735,C01819,P0059,2,2027-06-14 12:00:00
O010736,C01573,P0057,4,2027-06-14 14:00:00
O010737,C02862,P0095,3,2027-06-14 16:00:00
O010738,C01649,P0011,4,2027-06-14 18:00:00
O010739,C00644,P0025,1,2027-06-14 20:00:00
O010740,C01360,P0061,1,2027-06-14 22:00:00
O010741,C00336,P0046,5,2027-06-15 00:00:00
O010742,C02970,P0054,2,2027-06-15 02:00:00
O010743,C00147,P0034,1,2027-06-15 04:00:00
O010744,C00122,P0084,3,2027-06-15 06:00:00
O010745,C00081,P0007,3,2027-06-15 08:00:00
O010746,C02733,P0097,4,2027-06-15 10:00:00
O010747,C02710,P0062,1,2027-06-15 12:00:00
O010748,C02423,P0057,1,2027-06-15 14:00:00
O010749,C02111,P0099,5,2027-06-15 16:00:00
O010750,C00504,P0093,5,2027-06-15 18:00:00
O010751,C00668,P0076,5,2027-06-15 20:00:00
O010752,C02497,P0005,1,2027-06-15 22:00:00
O010753,C02916,P0076,4,2027-06-16 00:00:00
O010754,C01445,P0093,4,2027-06-16 02:00:00
O010755,C01346,P0035,4,2027-06-16 04:00:00
O010756,C02728,P0084,4,2027-06-16 06:00:00
O010757,C01190,P0037,3,2027-06-16 08:00:00
O010758,C01621,P0060,1,2027-06-16 10:00:00
O010759,C01981,P0065,2,2027-06-16 12:00:00
O010760,C01673,P0016,1,2027-06-16 14:00:00
O010761,C02509,P0030,4,2027-06-16 16:00:00
O010762,C00459,P0073,3,2027-06-16 18:00:00
O010763,C01213,P0042,3,2027-06-16 20:00:00
O010764,C00464,P0061,1,2027-06-16 22:00:00
O010765,C00912,P0074,2,2027-06-17 00:00:00
O010766,C02427,P0077,4,2027-06-17 02:00:00
O010767,C01026,P0048,3,2027-06-17 04:00:00
O010768,C02412,P0062,4,2027-06-17 06:00:00
O010769,C00072,P0084,4,2027-06-17 08:00:00
O010770,C01451,P0093,4,2027-06-17 10:00:00
O010771,C02686,P0064,5,2027-06-17 12:00:00
O010772,C01194,P0057,4,2027-06-17 14:00:00
O010773,C01849,P0068,4,2027-06-17 16:00:00
O010774,C02385,P0046,2,2027-06-17 18:00:00
O010775,C02023,P0028,2,2027-06-17 20:00:00
O010776,C02243,P0077,5,2027-06-17 22:00:00
O010777,C01012,P0003,5,2027-06-18 00:00:00
O010778,C00653,P0037,4,2027-06-18 02:00:00
O010779,C01299,P0048,3,2027-06-18 04:00:00
O010780,C00007,P0019,3,2027-06-18 06:00:00
O010781,C00905,P0092,1,2027-06-18 08:00:00
O010782,C02029,P0083,3,2027-06-18 10:00:00
O010783,C02614,P0017,3,2027-06-18 12:00:00
O010784,C00616,P0082,2,2027-06-18 14:00:00
O010785,C01874,P0082,1,2027-06-18 16:00:00
O010786,C02621,P0087,1,2027-06-18 18:00:00
O010787,C02647,P0040,2,2027-06-18 20:00:00
O010788,C00770,P0050,3,2027-06-18 22:00:00
O010789,C02290,P0073,3,2027-06-19 00:00:00
O010790,C01567,P0029,1,2027-06-19 02:00:00
O010791,C01486,P0051,3,2027-06-19 04:00:00
O010792,C01441,P0042,1,2027-06-19 06:00:00
O010793,C00766,P0029,3,2027-06-19 08:00:00
O010794,C00384,P0066,4,2027-06-19 10:00:00
O010795,C02439,P0017,2,2027-06-19 12:00:00
O010796,C02944,P0031,5,2027-06-19 14:00:00
O010797,C00688,P0092,4,2027-06-19 16:00:00
O010798,C01150,P0052,3,2027-06-19 18:00:00
O010799,C00047,P0039,5,2027-06-19 20:00:00
O010800,C01973,P0060,4,2027-06-19 22:00:00
O010801,C02667,P0094,2,2027-06-20 00:00:00
O010802,C00464,P0099,5,2027-06-20 02:00:00
O010803,C01873,P0051,5,2027-06-20 04:00:00
O010804,C00123,P0084,2,2027-06-20 06:00:00
O010805,C02182,P0016,4,2027-06-20 08:00:00
O010806,C01643,P0098,5,2027-06-20 10:00:00
O010807,C00841,P0014,2,2027-06-20 12:00:00
O010808,C01586,P0090,4,2027-06-20 14:00:00
O010809,C02897,P0084,3,2027-06-20 16:00:00
O010810,C02655,P0042,1,2027-06-20 18:00:00
O010811,C01804,P0051,3,2027-06-20 20:00:00
O010812,C00023,P0024,3,2027-06-20 22:00:00
O010813,C00566,P0082,1,2027-06-21 00:00:00
O010814,C01910,P0043,3,2027-06-21 02:00:00
O010815,C02814,P0073,3,2027-06-21 04:00:00
O010816,C00965,P0019,2,2027-06-21 06:00:00
O010817,C02283,P0084,2,2027-06-21 08:00:00
O010818,C00996,P0061,4,2027-06-21 10:00:00
O010819,C01188,P0094,5,2027-06-21 12:00:00
O010820,C01795,P0063,4,2027-06-21 14:00:00
O010821,C00826,P0026,2,2027-06-21 16:00:00
O010822,C00216,P0095,2,2027-06-21 18:00:00
O010823,C00657,P0035,1,2027-06-21 20:00:00
O010824,C02983,P0067,1,2027-06-21 22:00:00
O010825,C01114,P0056,2,2027-06-22 00:00:00
O010826,C01988,P0040,3,2027-06-22 02:00:00
O010827,C00311,P0029,4,2027-06-22 04:00:00
O010828,C00557,P0006,2,2027-06-22 06:00:00
O010829,C02305,P0052,2,2027-06-22 08:00:00
O010830,C02581,P0001,1,2027-06-22 10:00:00
O010831,C01557,P0052,4,2027-06-22 12:00:00
O010832,C00052,P0024,4,2027-06-22 14:00:00
O010833,C01362,P0034,5,2027-06-22 16:00:00
O010834,C01195,P0007,2,2027-06-22 18:00:00
O010835,C01649,P0075,5,2027-06-22 20:00:00
O010836,C02348,P0011,1,2027-06-22 22:00:00
O010837,C00672,P0036,5,2027-06-23 00:00:00
O010838,C00778,P0020,3,2027-06-23 02:00:00
O010839,C00832,P0063,2,2027-06-23 04:00:00
O010840,C02280,P0080,2,2027-06-23 06:00:00
O010841,C01861,P0063,4,2027-06-23 08:00:00
O010842,C01530,P0069,5,2027-06-23 10:00:00
O010843,C02076,P0088,4,2027-06-23 12:00:00
O010844,C01973,P0030,5,2027-06-23 14:00:00
O010845,C01075,P0030,5,2027-06-23 16:00:00
O010846,C01717,P0097,1,2027-06-23 18:00:00
O010847,C01284,P0084,5,2027-06-23 20:00:00
O010848,C00591,P0022,4,2027-06-23 22:00:00
O010849,C02833,P0061,5,2027-06-24 00:00:00
O010850,C02668,P0021,5,2027-06-24 02:00:00
O010851,C01987,P0037,2,2027-06-24 04:00:00
O010852,C02634,P0027,2,2027-06-24 06:00:00
O010853,C01002,P0035,2,2027-06-24 08:00:00
O010854,C02232,P0038,3,2027-06-24 10:00:00
O010855,C01047,P0060,2,2027-06-24 12:00:00
O010856,C02177,P0070,3,2027-06-24 14:00:00
O010857,C02339,P0032,3,2027-06-24 16:00:00
O010858,C01856,P0080,4,2027-06-24 18:00:00
O010859,C00501,P0092,2,2027-06-24 20:00:00
O010860,C02234,P0080,5,2027-06-24 22:00:00
O010861,C00479,P0027,1,2027-06-25 00:00:00
O010862,C01595,P0003,5,2027-06-25 02:00:00
O010863,C02540,P0049,2,2027-06-25 04:00:00
O010864,C00513,P0085,5,2027-06-25 06:00:00
O010865,C02515,P0030,2,2027-06-25 08:00:00
O010866,C02333,P0022,2,2027-06-25 10:00:00
O010867,C00601,P0019,5,2027-06-25 12:00:00
O010868,C01441,P0031,3,2027-06-25 14:00:00
O010869,C01124,P0020,4,2027-06-25 16:00:00
O010870,C00189,P0019,4,2027-06-25 18:00:00
O010871,C00989,P0002,4,2027-06-25 20:00:00
O010872,C02938,P0040,4,2027-06-25 22:00:00
O010873,C01882,P0039,1,2027-06-26 00:00:00
O010874,C00388,P0091,2,2027-06-26 02:00:00
O010875,C02289,P0072,1,2027-06-26 04:00:00
O010876,C01806,P0054,4,2027-06-26 06:00:00
O010877,C02034,P0027,4,2027-06-26 08:00:00
O010878,C01755,P0079,5,2027-06-26 10:00:00
O010879,C02465,P0012,4,2027-06-26 12:00:00
O010880,C02224,P0078,2,2027-06-26 14:00:00
O010881,C00387,P0071,4,2027-06-26 16:00:00
O010882,C01495,P0017,4,2027-06-26 18:00:00
O010883,C00853,P0090,1,2027-06-26 20:00:00
O010884,C02711,P0084,2,2027-06-26 22:00:00
O010885,C00452,P0010,3,2027-06-27 00:00:00
O010886,C02325,P0019,5,2027-06-27 02:00:00
O010887,C01759,P0082,3,2027-06-27 04:00:00
O010888,C00213,P0030,1,2027-06-27 06:00:00
O010889,C00041,P0030,4,2027-06-27 08:00:00
O010890,C01146,P0025,5,2027-06-27 10:00:00
O010891,C02342,P0088,2,2027-06-27 12:00:00
O010892,C00600,P0074,5,2027-06-27 14:00:00
O010893,C02025,P0066,1,2027-06-27 16:00:00
O010894,C02589,P0096,4,2027-06-27 18:00:00
O010895,C02031,P0035,1,2027-06-27 20:00:00
O010896,C01783,P0051,2,2027-06-27 22:00:00
O010897,C01852,P0071,3,2027-06-28 00:00:00
O010898,C02499,P0071,4,2027-06-28 02:00:00
O010899,C01780,P0027,4,2027-06-28 04:00:00
O010900,C02838,P0010,1,2027-06-28 06:00:00
O010901,C02382,P0097,1,2027-06-28 08:00:00
O010902,C01905,P0043,1,2027-06-28 10:00:00
O010903,C02939,P0055,4,2027-06-28 12:00:00
O010904,C02092,P0071,1,2027-06-28 14:00:00
O010905,C00144,P0006,5,2027-06-28 16:00:00
O010906,C00333,P0006,5,2027-06-28 18:00:00
O010907,C00998,P0077,5,2027-06-28 20:00:00
O010908,C01420,P0048,4,2027-06-28 22:00:00
O010909,C00055,P0077,1,2027-06-29 00:00:00
O010910,C01331,P0002,2,2027-06-29 02:00:00
O010911,C02918,P0083,1,2027-06-29 04:00:00
O010912,C01447,P0051,4,2027-06-29 06:00:00
O010913,C01441,P0061,5,2027-06-29 08:00:00
O010914,C02845,P0019,4,2027-06-29 10:00:00
O010915,C02373,P0002,1,2027-06-29 12:00:00
O010916,C01734,P0051,4,2027-06-29 14:00:00
O010917,C01695,P0026,2,2027-06-29 16:00:00
O010918,C00080,P0070,4,2027-06-29 18:00:00
O010919,C00985,P0020,3,2027-06-29 20:00:00
O010920,C02606,P0023,4,2027-06-29 22:00:00
O010921,C00865,P0054,1,2027-06-30 00:00:00
O010922,C02765,P0015,3,2027-06-30 02:00:00
O010923,C01588,P0006,5,2027-06-30 04:00:00
O010924,C00472,P0092,1,2027-06-30 06:00:00
O010925,C02122,P0035,2,2027-06-30 08:00:00
O010926,C01577,P0075,4,2027-06-30 10:00:00
O010927,C01503,P0008,4,2027-06-30 12:00:00
O010928,C00589,P0057,1,2027-06-30 14:00:00
O010929,C01411,P0050,4,2027-06-30 16:00:00
O010930,C01906,P0049,4,2027-06-30 18:00:00
O010931,C00564,P0088,5,2027-06-30 20:00:00
O010932,C00467,P0021,4,2027-06-30 22:00:00
O010933,C00599,P0036,4,2027-07-01 00:00:00
O010934,C01645,P0071,5,2027-07-01 02:00:00
O010935,C00992,P0069,4,2027-07-01 04:00:00
O010936,C01933,P0058,5,2027-07-01 06:00:00
O010937,C02785,P0063,2,2027-07-01 08:00:00
O010938,C02296,P0093,4,2027-07-01 10:00:00
O010939,C01605,P0016,1,2027-07-01 12:00:00
O010940,C00067,P0006,3,2027-07-01 14:00:00
O010941,C02621,P0078,2,2027-07-01 16:00:00
O010942,C02751,P0052,4,2027-07-01 18:00:00
O010943,C00470,P0002,1,2027-07-01 20:00:00
O010944,C02541,P0089,3,2027-07-01 22:00:00
O010945,C01725,P0095,5,2027-07-02 00:00:00
O010946,C02711,P0077,4,2027-07-02 02:00:00
O010947,C02334,P0018,5,2027-07-02 04:00:00
O010948,C01632,P0081,2,2027-07-02 06:00:00
O010949,C02360,P0092,3,2027-07-02 08:00:00
O010950,C02357,P0076,3,2027-07-02 10:00:00
O010951,C00775,P0035,5,2027-07-02 12:00:00
O010952,C01137,P0086,5,2027-07-02 14:00:00
O010953,C02012,P0039,2,2027-07-02 16:00:00
O010954,C02504,P0001,1,2027-07-02 18:00:00
O010955,C01487,P0037,4,2027-07-02 20:00:00
O010956,C00132,P0021,1,2027-07-02 22:00:00
O010957,C00930,P0001,3,2027-07-03 00:00:00
O010958,C00929,P0004,4,2027-07-03 02:00:00
O010959,C02169,P0096,2,2027-07-03 04:00:00
O010960,C01221,P0058,1,2027-07-03 06:00:00
O010961,C01506,P0001,1,2027-07-03 08:00:00
O010962,C00634,P0013,4,2027-07-03 10:00:00
O010963,C02945,P0046,2,2027-07-03 12:00:00
O010964,C02820,P0047,2,2027-07-03 14:00:00
O010965,C01063,P0081,1,2027-07-03 16:00:00
O010966,C02614,P0076,1,2027-07-03 18:00:00
O010967,C02560,P0007,5,2027-07-03 20:00:00
O010968,C01185,P0051,4,2027-07-03 22:00:00
O010969,C00289,P0003,2,2027-07-04 00:00:00
O010970,C02248,P0050,3,2027-07-04 02:00:00
O010971,C01812,P0026,4,2027-07-04 04:00:00
O010972,C00528,P0031,5,2027-07-04 06:00:00
O010973,C00917,P0100,4,2027-07-04 08:00:00
O010974,C01709,P0062,1,2027-07-04 10:00:00
O010975,C01407,P0026,4,2027-07-04 12:00:00
O010976,C01242,P0067,4,2027-07-04 14:00:00
O010977,C01111,P0055,4,2027-07-04 16:00:00
O010978,C00799,P0028,3,2027-07-04 18:00:00
O010979,C01524,P0044,5,2027-07-04 20:00:00
O010980,C00012,P0081,4,2027-07-04 22:00:00
O010981,C00833,P0038,4,2027-07-05 00:00:00
O010982,C02889,P0030,3,2027-07-05 02:00:00
O010983,C02691,P0066,2,2027-07-05 04:00:00
O010984,C01242,P0008,4,2027-07-05 06:00:00
O010985,C01673,P0014,4,2027-07-05 08:00:00
O010986,C02154,P0099,2,2027-07-05 10:00:00
O010987,C00691,P0062,4,2027-07-05 12:00:00
O010988,C00528,P0075,4,2027-07-05 14:00:00
O010989,C01496,P0063,4,2027-07-05 16:00:00
O010990,C02894,P0079,5,2027-07-05 18:00:00
O010991,C00893,P0066,1,2027-07-05 20:00:00
O010992,C00387,P0096,5,2027-07-05 22:00:00
O010993,C01250,P0040,2,2027-07-06 00:00:00
O010994,C02529,P0013,5,2027-07-06 02:00:00
O010995,C01778,P0017,5,2027-07-06 04:00:00
O010996,C00408,P0015,3,2027-07-06 06:00:00
O010997,C01677,P0033,2,2027-07-06 08:00:00
O010998,C00898,P0016,2,2027-07-06 10:00:00
O010999,C00711,P0013,2,2027-07-06 12:00:00
O011000,C02687,P0086,5,2027-07-06 14:00:00
O011001,C01683,P0023,2,2027-07-06 16:00:00
O011002,C02863,P0036,3,2027-07-06 18:00:00
O011003,C00918,P0043,4,2027-07-06 20:00:00
O011004,C02251,P0050,5,2027-07-06 22:00:00
O011005,C00417,P0074,4,2027-07-07 00:00:00
O011006,C00416,P0081,4,2027-07-07 02:00:00
O011007,C01472,P0094,5,2027-07-07 04:00:00
O011008,C01536,P0013,5,2027-07-07 06:00:00
O011009,C00085,P0030,2,2027-07-07 08:00:00
O011010,C00167,P0057,3,2027-07-07 10:00:00
O011011,C02432,P0030,5,2027-07-07 12:00:00
O011012,C02516,P0071,4,2027-07-07 14:00:00
O011013,C01096,P0010,5,2027-07-07 16:00:00
O011014,C00810,P0099,3,2027-07-07 18:00:00
O011015,C01545,P0066,1,2027-07-07 20:00:00
O011016,C01817,P0094,4,2027-07-07 22:00:00
O011017,C02521,P0083,1,2027-07-08 00:00:00
O011018,C00993,P0039,1,2027-07-08 02:00:00
O011019,C01282,P0037,3,2027-07-08 04:00:00
O011020,C00275,P0003,5,2027-07-08 06:00:00
O011021,C01774,P0089,1,2027-07-08 08:00:00
O011022,C02538,P0034,2,2027-07-08 10:00:00
O011023,C01757,P0086,5,2027-07-08 12:00:00
O011024,C02374,P0038,4,2027-07-08 14:00:00
O011025,C02577,P0014,5,2027-07-08 16:00:00
O011026,C00892,P0064,3,2027-07-08 18:00:00
O011027,C00089,P0039,3,2027-07-08 20:00:00
O011028,C02534,P0054,4,2027-07-08 22:00:00
O011029,C00708,P0002,4,2027-07-09 00:00:00
O011030,C02398,P0096,4,2027-07-09 02:00:00
O011031,C00387,P0043,3,2027-07-09 04:00:00
O011032,C02135,P0053,5,2027-07-09 06:00:00
O011033,C02355,P0003,1,2027-07-09 08:00:00
O011034,C01874,P0041,1,2027-07-09 10:00:00
O011035,C01178,P0008,2,2027-07-09 12:00:00
O011036,C00440,P0090,3,2027-07-09 14:00:00
O011037,C02788,P0096,4,2027-07-09 16:00:00
O011038,C02312,P0075,5,2027-07-09 18:00:00
O011039,C00977,P0063,3,2027-07-09 20:00:00
O011040,C00735,P0065,2,2027-07-09 22:00:00
O011041,C02469,P0079,1,2027-07-10 00:00:00
O011042,C02541,P0004,5,2027-07-10 02:00:00
O011043,C00633,P0068,1,2027-07-10 04:00:00
O011044,C00993,P0092,5,2027-07-10 06:00:00
O011045,C02459,P0010,4,2027-07-10 08:00:00
O011046,C00173,P0075,5,2027-07-10 10:00:00
O011047,C00004,P0050,4,2027-07-10 12:00:00
O011048,C02902,P0023,3,2027-07-10 14:00:00
O011049,C01664,P0061,1,2027-07-10 16:00:00
O011050,C02016,P0047,5,2027-07-10 18:00:00
O011051,C01496,P0003,5,2027-07-10 20:00:00
O011052,C01061,P0017,2,2027-07-10 22:00:00
O011053,C02631,P0022,1,2027-07-11 00:00:00
O011054,C01055,P0091,3,2027-07-11 02:00:00
O011055,C00381,P0016,4,2027-07-11 04:00:00
O011056,C01292,P0080,3,2027-07-11 06:00:00
O011057,C02392,P0003,2,2027-07-11 08:00:00
O011058,C01593,P0052,3,2027-07-11 10:00:00
O011059,C00166,P0033,4,2027-07-11 12:00:00
O011060,C02748,P0042,1,2027-07-11 14:00:00
O011061,C02390,P0002,2,2027-07-11 16:00:00
O011062,C01043,P0039,5,2027-07-11 18:00:00
O011063,C01652,P0046,5,2027-07-11 20:00:00
O011064,C01208,P0048,1,2027-07-11 22:00:00
O011065,C00545,P0027,3,2027-07-12 00:00:00
O011066,C02240,P0015,5,2027-07-12 02:00:00
O011067,C02368,P0007,2,2027-07-12 04:00:00
O011068,C02628,P0057,4,2027-07-12 06:00:00
O011069,C02523,P0042,3,2027-07-12 08:00:00
O011070,C02685,P0009,4,2027-07-12 10:00:00
O011071,C02475,P0006,3,2027-07-12 12:00:00
O011072,C00097,P0057,2,2027-07-12 14:00:00
O011073,C02544,P0076,4,2027-07-12 16:00:00
O011074,C02709,P0030,2,2027-07-12 18:00:00
O011075,C01302,P0055,4,2027-07-12 20:00:00
O011076,C02057,P0084,3,2027-07-12 22:00:00
O011077,C00457,P0084,2,2027-07-13 00:00:00
O011078,C01819,P0054,3,2027-07-13 02:00:00
O011079,C00273,P0027,3,2027-07-13 04:00:00
O011080,C02988,P0084,4,2027-07-13 06:00:00
O011081,C01032,P0059,4,2027-07-13 08:00:00
O011082,C00208,P0007,2,2027-07-13 10:00:00
O011083,C01938,P0040,5,2027-07-13 12:00:00
O011084,C01661,P0094,1,2027-07-13 14:00:00
O011085,C01147,P0072,4,2027-07-13 16:00:00
O011086,C01057,P0002,3,2027-07-13 18:00:00
O011087,C01537,P0014,1,2027-07-13 20:00:00
O011088,C00204,P0010,2,2027-07-13 22:00:00
O011089,C02566,P0050,1,2027-07-14 00:00:00
O011090,C01833,P0018,1,2027-07-14 02:00:00
O011091,C02565,P0018,5,2027-07-14 04:00:00
O011092,C00443,P0016,5,2027-07-14 06:00:00
O011093,C00689,P0052,1,2027-07-14 08:00:00
O011094,C02898,P0069,5,2027-07-14 10:00:00
O011095,C00833,P0052,5,2027-07-14 12:00:00
O011096,C02387,P0031,1,2027-07-14 14:00:00
O011097,C01462,P0084,4,2027-07-14 16:00:00
O011098,C01160,P0023,5,2027-07-14 18:00:00
O011099,C00387,P0096,1,2027-07-14 20:00:00
O011100,C02042,P0042,4,2027-07-14 22:00:00
O011101,C02554,P0081,5,2027-07-15 00:00:00
O011102,C01349,P0062,1,2027-07-15 02:00:00
O011103,C01719,P0077,5,2027-07-15 04:00:00
O011104,C00680,P0050,4,2027-07-15 06:00:00
O011105,C00690,P0077,1,2027-07-15 08:00:00
O011106,C02933,P0081,4,2027-07-15 10:00:00
O011107,C01569,P0015,3,2027-07-15 12:00:00
O011108,C02671,P0090,2,2027-07-15 14:00:00
O011109,C01170,P0044,3,2027-07-15 16:00:00
O011110,C00893,P0092,5,2027-07-15 18:00:00
O011111,C00953,P0042,4,2027-07-15 20:00:00
O011112,C01255,P0045,1,2027-07-15 22:00:00
O011113,C00784,P0094,4,2027-07-16 00:00:00
O011114,C02047,P0035,5,2027-07-16 02:00:00
O011115,C01872,P0022,1,2027-07-16 04:00:00
O011116,C00495,P0074,3,2027-07-16 06:00:00
O011117,C00747,P0075,4,2027-07-16 08:00:00
O011118,C02485,P0038,2,2027-07-16 10:00:00
O011119,C01855,P0097,5,2027-07-16 12:00:00
O011120,C02393,P0070,5,2027-07-16 14:00:00
O011121,C02598,P0064,4,2027-07-16 16:00:00
O011122,C02868,P0007,3,2027-07-16 18:00:00
O011123,C02589,P0044,3,2027-07-16 20:00:00
O011124,C02192,P0076,2,2027-07-16 22:00:00
O011125,C02636,P0007,2,2027-07-17 00:00:00
O011126,C00657,P0066,4,2027-07-17 02:00:00
O011127,C01883,P0060,1,2027-07-17 04:00:00
O011128,C02393,P0001,3,2027-07-17 06:00:00
O011129,C02744,P0062,1,2027-07-17 08:00:00
O011130,C01797,P0087,1,2027-07-17 10:00:00
O011131,C00268,P0089,4,2027-07-17 12:00:00
O011132,C02217,P0018,2,2027-07-17 14:00:00
O011133,C01763,P0007,1,2027-07-17 16:00:00
O011134,C02081,P0054,4,2027-07-17 18:00:00
O011135,C00377,P0067,2,2027-07-17 20:00:00
O011136,C01586,P0093,1,2027-07-17 22:00:00
O011137,C01464,P0010,1,2027-07-18 00:00:00
O011138,C02441,P0061,2,2027-07-18 02:00:00
O011139,C00489,P0059,2,2027-07-18 04:00:00
O011140,C00722,P0059,5,2027-07-18 06:00:00
O011141,C00946,P0069,5,2027-07-18 08:00:00
O011142,C02087,P0063,4,2027-07-18 10:00:00
O011143,C01636,P0098,4,2027-07-18 12:00:00
O011144,C01041,P0008,3,2027-07-18 14:00:00
O011145,C02274,P0078,5,2027-07-18 16:00:00
O011146,C02115,P0055,2,2027-07-18 18:00:00
O011147,C01678,P0006,5,2027-07-18 20:00:00
O011148,C02883,P0001,4,2027-07-18 22:00:00
O011149,C00999,P0056,4,2027-07-19 00:00:00
O011150,C01778,P0097,4,2027-07-19 02:00:00
O011151,C02285,P0075,2,2027-07-19 04:00:00
O011152,C00957,P0088,1,2027-07-19 06:00:00
O011153,C02967,P0010,4,2027-07-19 08:00:00
O011154,C01590,P0023,5,2027-07-19 10:00:00
O011155,C01162,P0016,1,2027-07-19 12:00:00
O011156,C02521,P0016,5,2027-07-19 14:00:00
O011157,C01869,P0056,4,2027-07-19 16:00:00
O011158,C00553,P0095,2,2027-07-19 18:00:00
O011159,C01634,P0006,1,2027-07-19 20:00:00
O011160,C00695,P0030,1,2027-07-19 22:00:00
O011161,C00317,P0063,4,2027-07-20 00:00:00
O011162,C02646,P0001,4,2027-07-20 02:00:00
O011163,C00768,P0051,4,2027-07-20 04:00:00
O011164,C02934,P0089,3,2027-07-20 06:00:00
O011165,C02609,P0046,2,2027-07-20 08:00:00
O011166,C01972,P0021,2,2027-07-20 10:00:00
O011167,C02306,P0099,4,2027-07-20 12:00:00
O011168,C01504,P0038,3,2027-07-20 14:00:00
O011169,C02805,P0069,4,2027-07-20 16:00:00
O011170,C00123,P0063,4,2027-07-20 18:00:00
O011171,C02390,P0050,2,2027-07-20 20:00:00
O011172,C01869,P0012,3,2027-07-20 22:00:00
O011173,C01672,P0069,2,2027-07-21 00:00:00
O011174,C01083,P0073,4,2027-07-21 02:00:00
O011175,C01729,P0044,5,2027-07-21 04:00:00
O011176,C02308,P0052,1,2027-07-21 06:00:00
O011177,C01997,P0009,4,2027-07-21 08:00:00
O011178,C02143,P0099,3,2027-07-21 10:00:00
O011179,C01149,P0065,5,2027-07-21 12:00:00
O011180,C02089,P0010,3,2027-07-21 14:00:00
O011181,C01915,P0046,4,2027-07-21 16:00:00
O011182,C00254,P0100,4,2027-07-21 18:00:00
O011183,C00007,P0058,1,2027-07-21 20:00:00
O011184,C02776,P0037,3,2027-07-21 22:00:00
O011185,C02117,P0052,5,2027-07-22 00:00:00
O011186,C00542,P0099,1,2027-07-22 02:00:00
O011187,C00089,P0081,3,2027-07-22 04:00:00
O011188,C01939,P0013,4,2027-07-22 06:00:00
O011189,C00213,P0006,1,2027-07-22 08:00:00
O011190,C02882,P0058,4,2027-07-22 10:00:00
O011191,C00266,P0048,2,2027-07-22 12:00:00
O011192,C02960,P0032,2,2027-07-22 14:00:00
O011193,C02341,P0011,1,2027-07-22 16:00:00
O011194,C01231,P0081,1,2027-07-22 18:00:00
O011195,C02381,P0005,3,2027-07-22 20:00:00
O011196,C01005,P0006,5,2027-07-22 22:00:00
O011197,C02095,P0074,5,2027-07-23 00:00:00
O011198,C00622,P0097,2,2027-07-23 02:00:00
O011199,C00427,P0094,2,2027-07-23 04:00:00
O011200,C00210,P0021,2,2027-07-23 06:00:00
O011201,C00888,P0042,4,2027-07-23 08:00:00
O011202,C01444,P0081,5,2027-07-23 10:00:00
O011203,C00154,P0027,1,2027-07-23 12:00:00
O011204,C00415,P0003,2,2027-07-23 14:00:00
O011205,C01181,P0060,3,2027-07-23 16:00:00
O011206,C01285,P0093,1,2027-07-23 18:00:00
O011207,C00769,P0066,1,2027-07-23 20:00:00
O011208,C00983,P0093,1,2027-07-23 22:00:00
O011209,C01512,P0049,5,2027-07-24 00:00:00
O011210,C00579,P0100,2,2027-07-24 02:00:00
O011211,C02788,P0034,3,2027-07-24 04:00:00
O011212,C02211,P0037,4,2027-07-24 06:00:00
O011213,C01039,P0042,3,2027-07-24 08:00:00
O011214,C02243,P0065,3,2027-07-24 10:00:00
O011215,C00542,P0060,3,2027-07-24 12:00:00
O011216,C00359,P0090,4,2027-07-24 14:00:00
O011217,C00850,P0001,3,2027-07-24 16:00:00
O011218,C00427,P0059,3,2027-07-24 18:00:00
O011219,C02545,P0004,2,2027-07-24 20:00:00
O011220,C02876,P0014,2,2027-07-24 22:00:00
O011221,C00486,P0018,2,2027-07-25 00:00:00
O011222,C01832,P0034,1,2027-07-25 02:00:00
O011223,C01473,P0001,3,2027-07-25 04:00:00
O011224,C01437,P0053,5,2027-07-25 06:00:00
O011225,C00330,P0022,5,2027-07-25 08:00:00
O011226,C01756,P0080,5,2027-07-25 10:00:00
O011227,C02937,P0061,4,2027-07-25 12:00:00
O011228,C01171,P0022,2,2027-07-25 14:00:00
O011229,C00259,P0050,2,2027-07-25 16:00:00
O011230,C02340,P0016,2,2027-07-25 18:00:00
O011231,C00143,P0028,4,2027-07-25 20:00:00
O011232,C02017,P0092,3,2027-07-25 22:00:00
O011233,C02795,P0086,1,2027-07-26 00:00:00
O011234,C00627,P0070,2,2027-07-26 02:00:00
O011235,C01389,P0089,3,2027-07-26 04:00:00
O011236,C00090,P0042,5,2027-07-26 06:00:00
O011237,C00720,P0066,1,2027-07-26 08:00:00
O011238,C00481,P0071,5,2027-07-26 10:00:00
O011239,C02132,P0081,3,2027-07-26 12:00:00
O011240,C01101,P0035,3,2027-07-26 14:00:00
O011241,C00673,P0020,5,2027-07-26 16:00:00
O011242,C00517,P0002,1,2027-07-26 18:00:00
O011243,C02533,P0007,5,2027-07-26 20:00:00
O011244,C01614,P0096,5,2027-07-26 22:00:00
O011245,C00782,P0049,5,2027-07-27 00:00:00
O011246,C02152,P0083,1,2027-07-27 02:00:00
O011247,C02036,P0076,4,2027-07-27 04:00:00
O011248,C02387,P0009,1,2027-07-27 06:00:00
O011249,C00687,P0027,5,2027-07-27 08:00:00
O011250,C01590,P0078,2,2027-07-27 10:00:00
O011251,C00900,P0002,2,2027-07-27 12:00:00
O011252,C01502,P0085,3,2027-07-27 14:00:00
O011253,C02655,P0068,4,2027-07-27 16:00:00
O011254,C00223,P0060,3,2027-07-27 18:00:00
O011255,C01077,P0085,3,2027-07-27 20:00:00
O011256,C01101,P0086,2,2027-07-27 22:00:00
O011257,C01742,P0049,1,2027-07-28 00:00:00
O011258,C00503,P0002,3,2027-07-28 02:00:00
O011259,C01340,P0017,3,2027-07-28 04:00:00
O011260,C02870,P0083,4,2027-07-28 06:00:00
O011261,C00624,P0088,2,2027-07-28 08:00:00
O011262,C01887,P0020,1,2027-07-28 10:00:00
O011263,C02213,P0076,4,2027-07-28 12:00:00
O011264,C01051,P0089,1,2027-07-28 14:00:00
O011265,C01094,P0087,1,2027-07-28 16:00:00
O011266,C01986,P0098,3,2027-07-28 18:00:00
O011267,C01389,P0032,4,2027-07-28 20:00:00
O011268,C01330,P0051,3,2027-07-28 22:00:00
O011269,C01148,P0088,5,2027-07-29 00:00:00
O011270,C00019,P0042,1,2027-07-29 02:00:00
O011271,C01281,P0063,4,2027-07-29 04:00:00
O011272,C01046,P0089,2,2027-07-29 06:00:00
O011273,C00989,P0061,3,2027-07-29 08:00:00
O011274,C02498,P0062,5,2027-07-29 10:00:00
O011275,C02600,P0003,5,2027-07-29 12:00:00
O011276,C01574,P0089,5,2027-07-29 14:00:00
O011277,C01072,P0092,3,2027-07-29 16:00:00
O011278,C02743,P0076,2,2027-07-29 18:00:00
O011279,C02635,P0026,4,2027-07-29 20:00:00
O011280,C02769,P0048,1,2027-07-29 22:00:00
O011281,C01207,P0008,2,2027-07-30 00:00:00
O011282,C01459,P0005,3,2027-07-30 02:00:00
O011283,C02155,P0011,4,2027-07-30 04:00:00
O011284,C01212,P0042,1,2027-07-30 06:00:00
O011285,C00776,P0099,4,2027-07-30 08:00:00
O011286,C01860,P0091,1,2027-07-30 10:00:00
O011287,C01867,P0041,1,2027-07-30 12:00:00
O011288,C01161,P0019,5,2027-07-30 14:00:00
O011289,C01882,P0048,3,2027-07-30 16:00:00
O011290,C02946,P0053,2,2027-07-30 18:00:00
O011291,C02384,P0055,5,2027-07-30 20:00:00
O011292,C02655,P0061,5,2027-07-30 22:00:00
O011293,C02886,P0032,4,2027-07-31 00:00:00
O011294,C01781,P0046,1,2027-07-31 02:00:00
O011295,C00602,P0092,1,2027-07-31 04:00:00
O011296,C01595,P0036,4,2027-07-31 06:00:00
O011297,C02451,P0018,3,2027-07-31 08:00:00
O011298,C00540,P0074,1,2027-07-31 10:00:00
O011299,C01096,P0096,5,2027-07-31 12:00:00
O011300,C01806,P0018,5,2027-07-31 14:00:00
O011301,C00024,P0012,1,2027-07-31 16:00:00
O011302,C00624,P0072,1,2027-07-31 18:00:00
O011303,C01836,P0097,3,2027-07-31 20:00:00
O011304,C01080,P0046,1,2027-07-31 22:00:00
O011305,C00986,P0055,3,2027-08-01 00:00:00
O011306,C00223,P0038,5,2027-08-01 02:00:00
O011307,C00179,P0078,3,2027-08-01 04:00:00
O011308,C02848,P0002,1,2027-08-01 06:00:00
O011309,C02482,P0009,2,2027-08-01 08:00:00
O011310,C01961,P0005,1,2027-08-01 10:00:00
O011311,C01474,P0098,2,2027-08-01 12:00:00
O011312,C00793,P0019,5,2027-08-01 14:00:00
O011313,C00884,P0071,4,2027-08-01 16:00:00
O011314,C02540,P0039,5,2027-08-01 18:00:00
O011315,C01213,P0042,5,2027-08-01 20:00:00
O011316,C01602,P0017,5,2027-08-01 22:00:00
O011317,C00810,P0063,3,2027-08-02 00:00:00
O011318,C00961,P0090,5,2027-08-02 02:00:00
O011319,C00420,P0046,4,2027-08-02 04:00:00
O011320,C02697,P0091,1,2027-08-02 06:00:00
O011321,C01188,P0092,2,2027-08-02 08:00:00
O011322,C01279,P0020,5,2027-08-02 10:00:00
O011323,C02524,P0070,2,2027-08-02 12:00:00
O011324,C01441,P0008,5,2027-08-02 14:00:00
O011325,C02218,P0096,3,2027-08-02 16:00:00
O011326,C01341,P0019,2,2027-08-02 18:00:00
O011327,C02222,P0032,5,2027-08-02 20:00:00
O011328,C02518,P0019,5,2027-08-02 22:00:00
O011329,C02393,P0024,4,2027-08-03 00:00:00
O011330,C02493,P0024,4,2027-08-03 02:00:00
O011331,C01042,P0056,4,2027-08-03 04:00:00
O011332,C01094,P0081,3,2027-08-03 06:00:00
O011333,C01362,P0018,2,2027-08-03 08:00:00
O011334,C02676,P0012,3,2027-08-03 10:00:00
O011335,C00592,P0041,1,2027-08-03 12:00:00
O011336,C00527,P0087,5,2027-08-03 14:00:00
O011337,C02504,P0048,5,2027-08-03 16:00:00
O011338,C01293,P0082,5,2027-08-03 18:00:00
O011339,C01655,P0064,4,2027-08-03 20:00:00
O011340,C00811,P0016,5,2027-08-03 22:00:00
O011341,C00188,P0080,4,2027-08-04 00:00:00
O011342,C01593,P0100,1,2027-08-04 02:00:00
O011343,C02759,P0023,3,2027-08-04 04:00:00
O011344,C00529,P0086,3,2027-08-04 06:00:00
O011345,C00434,P0039,3,2027-08-04 08:00:00
O011346,C02336,P0033,4,2027-08-04 10:00:00
O011347,C01942,P0024,2,2027-08-04 12:00:00
O011348,C02547,P0061,2,2027-08-04 14:00:00
O011349,C01805,P0055,1,2027-08-04 16:00:00
O011350,C00303,P0061,2,2027-08-04 18:00:00
O011351,C00087,P0084,1,2027-08-04 20:00:00
O011352,C02878,P0097,5,2027-08-04 22:00:00
O011353,C00438,P0095,3,2027-08-05 00:00:00
O011354,C02589,P0040,4,2027-08-05 02:00:00
O011355,C01046,P0058,1,2027-08-05 04:00:00
O011356,C00833,P0072,4,2027-08-05 06:00:00
O011357,C00797,P0074,4,2027-08-05 08:00:00
O011358,C00560,P0001,3,2027-08-05 10:00:00
O011359,C00762,P0085,5,2027-08-05 12:00:00
O011360,C01699,P0025,5,2027-08-05 14:00:00
O011361,C02515,P0096,2,2027-08-05 16:00:00
O011362,C01125,P0053,5,2027-08-05 18:00:00
O011363,C02723,P0061,3,2027-08-05 20:00:00
O011364,C00685,P0046,4,2027-08-05 22:00:00
O011365,C01165,P0074,1,2027-08-06 00:00:00
O011366,C00138,P0060,1,2027-08-06 02:00:00
O011367,C00578,P0051,5,2027-08-06 04:00:00
O011368,C00710,P0073,2,2027-08-06 06:00:00
O011369,C00228,P0084,1,2027-08-06 08:00:00
O011370,C02329,P0048,2,2027-08-06 10:00:00
O011371,C02732,P0084,1,2027-08-06 12:00:00
O011372,C00828,P0040,2,2027-08-06 14:00:00
O011373,C00431,P0007,2,2027-08-06 16:00:00
O011374,C01064,P0075,4,2027-08-06 18:00:00
O011375,C01710,P0085,3,2027-08-06 20:00:00
O011376,C01687,P0019,1,2027-08-06 22:00:00
O011377,C01235,P0015,5,2027-08-07 00:00:00
O011378,C00302,P0070,3,2027-08-07 02:00:00
O011379,C01110,P0061,4,2027-08-07 04:00:00
O011380,C01421,P0056,4,2027-08-07 06:00:00
O011381,C00533,P0010,4,2027-08-07 08:00:00
O011382,C00769,P0046,5,2027-08-07 10:00:00
O011383,C01939,P0080,1,2027-08-07 12:00:00
O011384,C01405,P0075,1,2027-08-07 14:00:00
O011385,C00444,P0057,2,2027-08-07 16:00:00
O011386,C00260,P0035,2,2027-08-07 18:00:00
O011387,C01539,P0072,2,2027-08-07 20:00:00
O011388,C01332,P0092,5,2027-08-07 22:00:00
O011389,C02787,P0003,3,2027-08-08 00:00:00
O011390,C02844,P0066,1,2027-08-08 02:00:00
O011391,C00070,P0053,2,2027-08-08 04:00:00
O011392,C01478,P0078,5,2027-08-08 06:00:00
O011393,C01463,P0052,5,2027-08-08 08:00:00
O011394,C01849,P0093,2,2027-08-08 10:00:00
O011395,C00481,P0053,4,2027-08-08 12:00:00
O011396,C01168,P0054,4,2027-08-08 14:00:00
O011397,C02072,P0047,4,2027-08-08 16:00:00
O011398,C02794,P0003,2,2027-08-08 18:00:00
O011399,C02893,P0065,5,2027-08-08 20:00:00
O011400,C01199,P0015,5,2027-08-08 22:00:00
O011401,C02373,P0084,1,2027-08-09 00:00:00
O011402,C01893,P0086,4,2027-08-09 02:00:00
O011403,C01695,P0034,2,2027-08-09 04:00:00
O011404,C01884,P0050,1,2027-08-09 06:00:00
O011405,C01372,P0033,5,2027-08-09 08:00:00
O011406,C00798,P0073,1,2027-08-09 10:00:00
O011407,C00018,P0003,4,2027-08-09 12:00:00
O011408,C00044,P0002,3,2027-08-09 14:00:00
O011409,C00155,P0004,4,2027-08-09 16:00:00
O011410,C00867,P0016,4,2027-08-09 18:00:00
O011411,C02970,P0054,2,2027-08-09 20:00:00
O011412,C00743,P0033,3,2027-08-09 22:00:00
O011413,C01852,P0009,3,2027-08-10 00:00:00
O011414,C01426,P0057,3,2027-08-10 02:00:00
O011415,C00225,P0040,5,2027-08-10 04:00:00
O011416,C00217,P0052,1,2027-08-10 06:00:00
O011417,C00031,P0082,5,2027-08-10 08:00:00
O011418,C01893,P0016,3,2027-08-10 10:00:00
O011419,C01083,P0008,2,2027-08-10 12:00:00
O011420,C01916,P0087,4,2027-08-10 14:00:00
O011421,C00898,P0060,4,2027-08-10 16:00:00
O011422,C02983,P0036,5,2027-08-10 18:00:00
O011423,C00445,P0003,5,2027-08-10 20:00:00
O011424,C01259,P0015,2,2027-08-10 22:00:00
O011425,C01131,P0097,4,2027-08-11 00:00:00
O011426,C01215,P0082,5,2027-08-11 02:00:00
O011427,C02016,P0023,1,2027-08-11 04:00:00
O011428,C02578,P0003,5,2027-08-11 06:00:00
O011429,C01937,P0030,5,2027-08-11 08:00:00
O011430,C00738,P0045,3,2027-08-11 10:00:00
O011431,C01703,P0017,1,2027-08-11 12:00:00
O011432,C00874,P0058,1,2027-08-11 14:00:00
O011433,C00566,P0058,2,2027-08-11 16:00:00
O011434,C02019,P0096,3,2027-08-11 18:00:00
O011435,C01886,P0057,1,2027-08-11 20:00:00
O011436,C02124,P0007,3,2027-08-11 22:00:00
O011437,C00547,P0039,3,2027-08-12 00:00:00
O011438,C02315,P0078,4,2027-08-12 02:00:00
O011439,C00317,P0058,1,2027-08-12 04:00:00
O011440,C01860,P0056,4,2027-08-12 06:00:00
O011441,C00025,P0015,5,2027-08-12 08:00:00
O011442,C00160,P0044,5,2027-08-12 10:00:00
O011443,C02644,P0012,4,2027-08-12 12:00:00
O011444,C01138,P0008,5,2027-08-12 14:00:00
O011445,C00900,P0080,4,2027-08-12 16:00:00
O011446,C02550,P0041,2,2027-08-12 18:00:00
O011447,C01190,P0034,3,2027-08-12 20:00:00
O011448,C00703,P0046,2,2027-08-12 22:00:00
O011449,C00001,P0088,1,2027-08-13 00:00:00
O011450,C01923,P0029,2,2027-08-13 02:00:00
O011451,C02789,P0016,2,2027-08-13 04:00:00
O011452,C02368,P0005,5,2027-08-13 06:00:00
O011453,C01425,P0005,4,2027-08-13 08:00:00
O011454,C00382,P0030,1,2027-08-13 10:00:00
O011455,C01742,P0050,5,2027-08-13 12:00:00
O011456,C01827,P0005,1,2027-08-13 14:00:00
O011457,C01274,P0013,3,2027-08-13 16:00:00
O011458,C01549,P0099,4,2027-08-13 18:00:00
O011459,C01579,P0049,5,2027-08-13 20:00:00
O011460,C00898,P0089,2,2027-08-13 22:00:00
O011461,C00717,P0050,3,2027-08-14 00:00:00
O011462,C02355,P0014,2,2027-08-14 02:00:00
O011463,C00391,P0046,1,2027-08-14 04:00:00
O011464,C01700,P0090,3,2027-08-14 06:00:00
O011465,C02346,P0082,5,2027-08-14 08:00:00
O011466,C00233,P0084,2,2027-08-14 10:00:00
O011467,C01927,P0034,2,2027-08-14 12:00:00
O011468,C02319,P0071,1,2027-08-14 14:00:00
O011469,C01320,P0047,1,2027-08-14 16:00:00
O011470,C02725,P0060,4,2027-08-14 18:00:00
O011471,C00706,P0074,4,2027-08-14 20:00:00
O011472,C00234,P0079,1,2027-08-14 22:00:00
O011473,C01392,P0081,4,2027-08-15 00:00:00
O011474,C02893,P0011,2,2027-08-15 02:00:00
O011475,C01256,P0098,1,2027-08-15 04:00:00
O011476,C01897,P0091,3,2027-08-15 06:00:00
O011477,C02539,P0085,1,2027-08-15 08:00:00
O011478,C02551,P0095,5,2027-08-15 10:00:00
O011479,C00890,P0050,5,2027-08-15 12:00:00
O011480,C00592,P0004,1,2027-08-15 14:00:00
O011481,C00746,P0041,3,2027-08-15 16:00:00
O011482,C01720,P0059,1,2027-08-15 18:00:00
O011483,C00428,P0060,3,2027-08-15 20:00:00
O011484,C02745,P0081,2,2027-08-15 22:00:00
O011485,C02694,P0062,2,2027-08-16 00:00:00
O011486,C00732,P0084,3,2027-08-16 02:00:00
O011487,C00800,P0025,4,2027-08-16 04:00:00
O011488,C02412,P0087,2,2027-08-16 06:00:00
O011489,C00202,P0079,5,2027-08-16 08:00:00
O011490,C02930,P0033,1,2027-08-16 10:00:00
O011491,C02194,P0019,4,2027-08-16 12:00:00
O011492,C00836,P0057,5,2027-08-16 14:00:00
O011493,C02687,P0015,1,2027-08-16 16:00:00
O011494,C00135,P0041,5,2027-08-16 18:00:00
O011495,C02674,P0069,4,2027-08-16 20:00:00
O011496,C01288,P0080,3,2027-08-16 22:00:00
O011497,C02112,P0060,1,2027-08-17 00:00:00
O011498,C02539,P0096,5,2027-08-17 02:00:00
O011499,C00041,P0022,5,2027-08-17 04:00:00
O011500,C00913,P0043,4,2027-08-17 06:00:00
O011501,C01730,P0032,4,2027-08-17 08:00:00
O011502,C00975,P0013,4,2027-08-17 10:00:00
O011503,C01134,P0038,3,2027-08-17 12:00:00
O011504,C02416,P0026,2,2027-08-17 14:00:00
O011505,C01460,P0081,5,2027-08-17 16:00:00
O011506,C02966,P0005,3,2027-08-17 18:00:00
O011507,C02041,P0049,5,2027-08-17 20:00:00
O011508,C00244,P0097,3,2027-08-17 22:00:00
O011509,C02950,P0091,1,2027-08-18 00:00:00
O011510,C00166,P0005,2,2027-08-18 02:00:00
O011511,C01050,P0071,5,2027-08-18 04:00:00
O011512,C01498,P0048,4,2027-08-18 06:00:00
O011513,C00728,P0018,2,2027-08-18 08:00:00
O011514,C01116,P0095,5,2027-08-18 10:00:00
O011515,C00483,P0006,1,2027-08-18 12:00:00
O011516,C02591,P0066,5,2027-08-18 14:00:00
O011517,C02979,P0077,5,2027-08-18 16:00:00
O011518,C02448,P0042,5,2027-08-18 18:00:00
O011519,C01231,P0052,2,2027-08-18 20:00:00
O011520,C02667,P0011,5,2027-08-18 22:00:00
O011521,C02927,P0026,4,2027-08-19 00:00:00
O011522,C02149,P0021,3,2027-08-19 02:00:00
O011523,C00880,P0066,4,2027-08-19 04:00:00
O011524,C00830,P0040,1,2027-08-19 06:00:00
O011525,C02025,P0056,2,2027-08-19 08:00:00
O011526,C00759,P0051,3,2027-08-19 10:00:00
O011527,C00163,P0020,2,2027-08-19 12:00:00
O011528,C01197,P0081,2,2027-08-19 14:00:00
O011529,C02550,P0080,5,2027-08-19 16:00:00
O011530,C02595,P0057,4,2027-08-19 18:00:00
O011531,C01308,P0005,3,2027-08-19 20:00:00
O011532,C02429,P0014,5,2027-08-19 22:00:00
O011533,C02918,P0024,3,2027-08-20 00:00:00
O011534,C02953,P0068,4,2027-08-20 02:00:00
O011535,C01996,P0052,5,2027-08-20 04:00:00
O011536,C01935,P0048,3,2027-08-20 06:00:00
O011537,C01557,P0088,5,2027-08-20 08:00:00
O011538,C02657,P0047,2,2027-08-20 10:00:00
O011539,C00307,P0060,1,2027-08-20 12:00:00
O011540,C01363,P0073,3,2027-08-20 14:00:00
O011541,C02103,P0003,4,2027-08-20 16:00:00
O011542,C00333,P0009,3,2027-08-20 18:00:00
O011543,C02175,P0082,1,2027-08-20 20:00:00
O011544,C02753,P0100,3,2027-08-20 22:00:00
O011545,C00243,P0083,3,2027-08-21 00:00:00
O011546,C01885,P0024,3,2027-08-21 02:00:00
O011547,C02648,P0004,4,2027-08-21 04:00:00
O011548,C01433,P0009,1,2027-08-21 06:00:00
O011549,C02551,P0097,1,2027-08-21 08:00:00
O011550,C02652,P0001,4,2027-08-21 10:00:00
O011551,C00303,P0035,3,2027-08-21 12:00:00
O011552,C00235,P0074,3,2027-08-21 14:00:00
O011553,C02187,P0012,1,2027-08-21 16:00:00
O011554,C00195,P0018,3,2027-08-21 18:00:00
O011555,C01551,P0078,2,2027-08-21 20:00:00
O011556,C01793,P0010,3,2027-08-21 22:00:00
O011557,C00647,P0074,3,2027-08-22 00:00:00
O011558,C02049,P0018,5,2027-08-22 02:00:00
O011559,C00561,P0024,1,2027-08-22 04:00:00
O011560,C01120,P0001,1,2027-08-22 06:00:00
O011561,C00713,P0094,2,2027-08-22 08:00:00
O011562,C00413,P0079,2,2027-08-22 10:00:00
O011563,C00538,P0072,2,2027-08-22 12:00:00
O011564,C01879,P0099,1,2027-08-22 14:00:00
O011565,C02477,P0082,5,2027-08-22 16:00:00
O011566,C00235,P0016,5,2027-08-22 18:00:00
O011567,C02397,P0085,4,2027-08-22 20:00:00
O011568,C01780,P0015,1,2027-08-22 22:00:00
O011569,C01894,P0062,4,2027-08-23 00:00:00
O011570,C01505,P0005,3,2027-08-23 02:00:00
O011571,C01863,P0045,2,2027-08-23 04:00:00
O011572,C02444,P0052,4,2027-08-23 06:00:00
O011573,C01375,P0071,4,2027-08-23 08:00:00
O011574,C00416,P0007,1,2027-08-23 10:00:00
O011575,C01910,P0027,2,2027-08-23 12:00:00
O011576,C00916,P0089,2,2027-08-23 14:00:00
O011577,C00081,P0086,5,2027-08-23 16:00:00
O011578,C02084,P0013,4,2027-08-23 18:00:00
O011579,C01091,P0017,5,2027-08-23 20:00:00
O011580,C02689,P0044,4,2027-08-23 22:00:00
O011581,C02930,P0013,1,2027-08-24 00:00:00
O011582,C01691,P0090,1,2027-08-24 02:00:00
O011583,C00757,P0073,3,2027-08-24 04:00:00
O011584,C02671,P0005,4,2027-08-24 06:00:00
O011585,C00468,P0033,4,2027-08-24 08:00:00
O011586,C01166,P0004,2,2027-08-24 10:00:00
O011587,C02404,P0092,2,2027-08-24 12:00:00
O011588,C02757,P0026,5,2027-08-24 14:00:00
O011589,C01495,P0068,3,2027-08-24 16:00:00
O011590,C01645,P0016,1,2027-08-24 18:00:00
O011591,C01020,P0022,4,2027-08-24 20:00:00
O011592,C01615,P0036,5,2027-08-24 22:00:00
O011593,C00902,P0058,3,2027-08-25 00:00:00
O011594,C00673,P0055,2,2027-08-25 02:00:00
O011595,C00439,P0035,3,2027-08-25 04:00:00
O011596,C02579,P0025,5,2027-08-25 06:00:00
O011597,C00127,P0072,1,2027-08-25 08:00:00
O011598,C02253,P0081,2,2027-08-25 10:00:00
O011599,C02077,P0061,2,2027-08-25 12:00:00
O011600,C00445,P0018,1,2027-08-25 14:00:00
O011601,C00966,P0058,2,2027-08-25 16:00:00
O011602,C00464,P0076,5,2027-08-25 18:00:00
O011603,C02199,P0057,2,2027-08-25 20:00:00
O011604,C02288,P0097,4,2027-08-25 22:00:00
O011605,C02314,P0087,3,2027-08-26 00:00:00
O011606,C00913,P0063,5,2027-08-26 02:00:00
O011607,C00497,P0012,1,2027-08-26 04:00:00
O011608,C01464,P0011,5,2027-08-26 06:00:00
O011609,C01772,P0013,4,2027-08-26 08:00:00
O011610,C02733,P0035,2,2027-08-26 10:00:00
O011611,C00158,P0027,2,2027-08-26 12:00:00
O011612,C00172,P0089,5,2027-08-26 14:00:00
O011613,C00494,P0067,2,2027-08-26 16:00:00
O011614,C00970,P0089,2,2027-08-26 18:00:00
O011615,C01335,P0045,4,2027-08-26 20:00:00
O011616,C01427,P0074,1,2027-08-26 22:00:00
O011617,C01693,P0081,3,2027-08-27 00:00:00
O011618,C01794,P0067,5,2027-08-27 02:00:00
O011619,C02724,P0022,1,2027-08-27 04:00:00
O011620,C00659,P0078,3,2027-08-27 06:00:00
O011621,C02951,P0091,1,2027-08-27 08:00:00
O011622,C00666,P0042,5,2027-08-27 10:00:00
O011623,C00367,P0020,4,2027-08-27 12:00:00
O011624,C00550,P0048,4,2027-08-27 14:00:00
O011625,C00643,P0018,4,2027-08-27 16:00:00
O011626,C01894,P0077,1,2027-08-27 18:00:00
O011627,C00255,P0070,5,2027-08-27 20:00:00
O011628,C00208,P0074,2,2027-08-27 22:00:00
O011629,C02498,P0093,2,2027-08-28 00:00:00
O011630,C00095,P0006,4,2027-08-28 02:00:00
O011631,C01884,P0039,1,2027-08-28 04:00:00
O011632,C02887,P0011,2,2027-08-28 06:00:00
O011633,C00478,P0025,1,2027-08-28 08:00:00
O011634,C02731,P0094,5,2027-08-28 10:00:00
O011635,C00762,P0055,4,2027-08-28 12:00:00
O011636,C00190,P0084,3,2027-08-28 14:00:00
O011637,C02759,P0058,4,2027-08-28 16:00:00
O011638,C01508,P0037,3,2027-08-28 18:00:00
O011639,C01757,P0016,2,2027-08-28 20:00:00
O011640,C01560,P0095,3,2027-08-28 22:00:00
O011641,C00756,P0093,1,2027-08-29 00:00:00
O011642,C01447,P0070,3,2027-08-29 02:00:00
O011643,C00836,P0093,2,2027-08-29 04:00:00
O011644,C01664,P0096,2,2027-08-29 06:00:00
O011645,C01629,P0073,4,2027-08-29 08:00:00
O011646,C01836,P0037,2,2027-08-29 10:00:00
O011647,C00133,P0053,1,2027-08-29 12:00:00
O011648,C00055,P0087,3,2027-08-29 14:00:00
O011649,C00510,P0016,5,2027-08-29 16:00:00
O011650,C00670,P0018,2,2027-08-29 18:00:00
O011651,C02458,P0019,3,2027-08-29 20:00:00
O011652,C01690,P0044,4,2027-08-29 22:00:00
O011653,C01317,P0002,5,2027-08-30 00:00:00
O011654,C00734,P0058,4,2027-08-30 02:00:00
O011655,C01694,P0010,1,2027-08-30 04:00:00
O011656,C00259,P0076,4,2027-08-30 06:00:00
O011657,C01146,P0046,3,2027-08-30 08:00:00
O011658,C00299,P0082,5,2027-08-30 10:00:00
O011659,C00561,P0019,4,2027-08-30 12:00:00
O011660,C01913,P0038,4,2027-08-30 14:00:00
O011661,C01865,P0037,1,2027-08-30 16:00:00
O011662,C00297,P0091,3,2027-08-30 18:00:00
O011663,C02410,P0078,4,2027-08-30 20:00:00
O011664,C02637,P0045,3,2027-08-30 22:00:00
O011665,C01462,P0034,2,2027-08-31 00:00:00
O011666,C02175,P0002,1,2027-08-31 02:00:00
O011667,C00197,P0044,1,2027-08-31 04:00:00
O011668,C02269,P0097,1,2027-08-31 06:00:00
O011669,C00995,P0083,3,2027-08-31 08:00:00
O011670,C02139,P0027,4,2027-08-31 10:00:00
O011671,C02459,P0048,4,2027-08-31 12:00:00
O011672,C00008,P0094,3,2027-08-31 14:00:00
O011673,C02592,P0007,3,2027-08-31 16:00:00
O011674,C02516,P0027,2,2027-08-31 18:00:00
O011675,C00320,P0085,5,2027-08-31 20:00:00
O011676,C01418,P0071,5,2027-08-31 22:00:00
O011677,C02317,P0089,1,2027-09-01 00:00:00
O011678,C01699,P0018,4,2027-09-01 02:00:00
O011679,C02109,P0033,1,2027-09-01 04:00:00
O011680,C01462,P0033,4,2027-09-01 06:00:00
O011681,C01288,P0096,4,2027-09-01 08:00:00
O011682,C02845,P0025,2,2027-09-01 10:00:00
O011683,C01119,P0014,3,2027-09-01 12:00:00
O011684,C00553,P0038,3,2027-09-01 14:00:00
O011685,C02974,P0038,3,2027-09-01 16:00:00
O011686,C00661,P0004,5,2027-09-01 18:00:00
O011687,C00716,P0062,3,2027-09-01 20:00:00
O011688,C02827,P0082,5,2027-09-01 22:00:00
O011689,C02242,P0010,1,2027-09-02 00:00:00
O011690,C02530,P0035,5,2027-09-02 02:00:00
O011691,C01459,P0099,4,2027-09-02 04:00:00
O011692,C00855,P0023,2,2027-09-02 06:00:00
O011693,C02546,P0089,2,2027-09-02 08:00:00
O011694,C02260,P0065,4,2027-09-02 10:00:00
O011695,C00665,P0082,1,2027-09-02 12:00:00
O011696,C02718,P0079,2,2027-09-02 14:00:00
O011697,C01898,P0025,4,2027-09-02 16:00:00
O011698,C01675,P0096,2,2027-09-02 18:00:00
O011699,C02269,P0053,5,2027-09-02 20:00:00
O011700,C00273,P0084,2,2027-09-02 22:00:00
O011701,C01178,P0017,5,2027-09-03 00:00:00
O011702,C01273,P0057,5,2027-09-03 02:00:00
O011703,C00279,P0075,2,2027-09-03 04:00:00
O011704,C00816,P0077,2,2027-09-03 06:00:00
O011705,C00276,P0089,5,2027-09-03 08:00:00
O011706,C01005,P0020,2,2027-09-03 10:00:00
O011707,C02562,P0025,1,2027-09-03 12:00:00
O011708,C00923,P0042,3,2027-09-03 14:00:00
O011709,C00642,P0045,3,2027-09-03 16:00:00
O011710,C00505,P0031,4,2027-09-03 18:00:00
O011711,C02638,P0065,3,2027-09-03 20:00:00
O011712,C00772,P0052,1,2027-09-03 22:00:00
O011713,C01265,P0080,3,2027-09-04 00:00:00
O011714,C02788,P0092,3,2027-09-04 02:00:00
O011715,C02723,P0021,1,2027-09-04 04:00:00
O011716,C01260,P0030,5,2027-09-04 06:00:00
O011717,C01014,P0003,3,2027-09-04 08:00:00
O011718,C00128,P0098,4,2027-09-04 10:00:00
O011719,C02551,P0070,3,2027-09-04 12:00:00
O011720,C01224,P0043,3,2027-09-04 14:00:00
O011721,C02950,P0029,1,2027-09-04 16:00:00
O011722,C02591,P0003,1,2027-09-04 18:00:00
O011723,C01526,P0058,4,2027-09-04 20:00:00
O011724,C01674,P0033,2,2027-09-04 22:00:00
O011725,C00492,P0075,1,2027-09-05 00:00:00
O011726,C01258,P0045,2,2027-09-05 02:00:00
O011727,C02762,P0069,4,2027-09-05 04:00:00
O011728,C02839,P0032,3,2027-09-05 06:00:00
O011729,C01667,P0082,3,2027-09-05 08:00:00
O011730,C00416,P0084,2,2027-09-05 10:00:00
O011731,C02196,P0052,4,2027-09-05 12:00:00
O011732,C00970,P0064,4,2027-09-05 14:00:00
O011733,C02077,P0040,1,2027-09-05 16:00:00
O011734,C01385,P0092,2,2027-09-05 18:00:00
O011735,C00308,P0013,1,2027-09-05 20:00:00
O011736,C02210,P0090,2,2027-09-05 22:00:00
O011737,C02917,P0080,1,2027-09-06 00:00:00
O011738,C02900,P0089,1,2027-09-06 02:00:00
O011739,C00061,P0074,4,2027-09-06 04:00:00
O011740,C02173,P0029,4,2027-09-06 06:00:00
O011741,C01480,P0063,3,2027-09-06 08:00:00
O011742,C02886,P0084,3,2027-09-06 10:00:00
O011743,C01931,P0026,4,2027-09-06 12:00:00
O011744,C02514,P0096,4,2027-09-06 14:00:00
O011745,C02291,P0059,1,2027-09-06 16:00:00
O011746,C01514,P0049,3,2027-09-06 18:00:00
O011747,C00473,P0053,4,2027-09-06 20:00:00
O011748,C00959,P0088,2,2027-09-06 22:00:00
O011749,C00533,P0031,2,2027-09-07 00:00:00
O011750,C00494,P0012,3,2027-09-07 02:00:00
O011751,C02947,P0058,2,2027-09-07 04:00:00
O011752,C00082,P0036,1,2027-09-07 06:00:00
O011753,C02904,P0010,3,2027-09-07 08:00:00
O011754,C00879,P0006,4,2027-09-07 10:00:00
O011755,C01546,P0007,2,2027-09-07 12:00:00
O011756,C02971,P0031,1,2027-09-07 14:00:00
O011757,C00012,P0091,4,2027-09-07 16:00:00
O011758,C01287,P0072,5,2027-09-07 18:00:00
O011759,C00449,P0003,1,2027-09-07 20:00:00
O011760,C00762,P0047,2,2027-09-07 22:00:00
O011761,C00026,P0085,1,2027-09-08 00:00:00
O011762,C01807,P0001,5,2027-09-08 02:00:00
O011763,C02556,P0045,5,2027-09-08 04:00:00
O011764,C01569,P0054,1,2027-09-08 06:00:00
O011765,C00062,P0050,4,2027-09-08 08:00:00
O011766,C00229,P0079,4,2027-09-08 10:00:00
O011767,C01839,P0007,5,2027-09-08 12:00:00
O011768,C00607,P0063,3,2027-09-08 14:00:00
O011769,C01059,P0015,3,2027-09-08 16:00:00
O011770,C01729,P0089,4,2027-09-08 18:00:00
O011771,C01480,P0067,3,2027-09-08 20:00:00
O011772,C02939,P0030,4,2027-09-08 22:00:00
O011773,C01526,P0078,2,2027-09-09 00:00:00
O011774,C00761,P0068,4,2027-09-09 02:00:00
O011775,C00595,P0036,2,2027-09-09 04:00:00
O011776,C01593,P0067,5,2027-09-09 06:00:00
O011777,C01056,P0005,3,2027-09-09 08:00:00
O011778,C01855,P0025,5,2027-09-09 10:00:00
O011779,C02049,P0095,1,2027-09-09 12:00:00
O011780,C01459,P0011,1,2027-09-09 14:00:00
O011781,C01862,P0072,5,2027-09-09 16:00:00
O011782,C01160,P0090,4,2027-09-09 18:00:00
O011783,C01220,P0066,4,2027-09-09 20:00:00
O011784,C00133,P0028,3,2027-09-09 22:00:00
O011785,C00086,P0060,5,2027-09-10 00:00:00
O011786,C01500,P0010,1,2027-09-10 02:00:00
O011787,C01831,P0050,5,2027-09-10 04:00:00
O011788,C01204,P0039,5,2027-09-10 06:00:00
O011789,C02564,P0037,3,2027-09-10 08:00:00
O011790,C00175,P0063,4,2027-09-10 10:00:00
O011791,C02811,P0061,1,2027-09-10 12:00:00
O011792,C01976,P0085,3,2027-09-10 14:00:00
O011793,C00578,P0092,1,2027-09-10 16:00:00
O011794,C01799,P0038,1,2027-09-10 18:00:00
O011795,C02097,P0033,4,2027-09-10 20:00:00
O011796,C02576,P0075,4,2027-09-10 22:00:00
O011797,C00145,P0045,3,2027-09-11 00:00:00
O011798,C00762,P0044,2,2027-09-11 02:00:00
O011799,C01378,P0001,3,2027-09-11 04:00:00
O011800,C01826,P0053,3,2027-09-11 06:00:00
O011801,C00929,P0047,2,2027-09-11 08:00:00
O011802,C00794,P0033,1,2027-09-11 10:00:00
O011803,C01602,P0067,5,2027-09-11 12:00:00
O011804,C01661,P0090,2,2027-09-11 14:00:00
O011805,C00319,P0015,5,2027-09-11 16:00:00
O011806,C01111,P0014,1,2027-09-11 18:00:00
O011807,C01577,P0023,2,2027-09-11 20:00:00
O011808,C00698,P0054,4,2027-09-11 22:00:00
O011809,C00847,P0008,3,2027-09-12 00:00:00
O011810,C01802,P0054,2,2027-09-12 02:00:00
O011811,C00783,P0036,2,2027-09-12 04:00:00
O011812,C02090,P0084,1,2027-09-12 06:00:00
O011813,C01117,P0052,4,2027-09-12 08:00:00
O011814,C01751,P0006,2,2027-09-12 10:00:00
O011815,C02577,P0097,4,2027-09-12 12:00:00
O011816,C01650,P0028,5,2027-09-12 14:00:00
O011817,C00292,P0050,2,2027-09-12 16:00:00
O011818,C00969,P0038,4,2027-09-12 18:00:00
O011819,C01488,P0030,3,2027-09-12 20:00:00
O011820,C01843,P0081,1,2027-09-12 22:00:00
O011821,C00097,P0073,4,2027-09-13 00:00:00
O011822,C01119,P0092,1,2027-09-13 02:00:00
O011823,C00074,P0054,2,2027-09-13 04:00:00
O011824,C01360,P0071,2,2027-09-13 06:00:00
O011825,C01092,P0046,5,2027-09-13 08:00:00
O011826,C00758,P0028,1,2027-09-13 10:00:00
O011827,C01942,P0017,3,2027-09-13 12:00:00
O011828,C00208,P0048,3,2027-09-13 14:00:00
O011829,C01245,P0044,4,2027-09-13 16:00:00
O011830,C01286,P0060,3,2027-09-13 18:00:00
O011831,C00410,P0060,1,2027-09-13 20:00:00
O011832,C02379,P0005,2,2027-09-13 22:00:00
O011833,C02392,P0069,1,2027-09-14 00:00:00
O011834,C00771,P0078,1,2027-09-14 02:00:00
O011835,C01844,P0070,2,2027-09-14 04:00:00
O011836,C00074,P0007,1,2027-09-14 06:00:00
O011837,C01661,P0053,3,2027-09-14 08:00:00
O011838,C00254,P0017,4,2027-09-14 10:00:00
O011839,C00820,P0059,4,2027-09-14 12:00:00
O011840,C00986,P0009,1,2027-09-14 14:00:00
O011841,C00332,P0095,2,2027-09-14 16:00:00
O011842,C01422,P0022,5,2027-09-14 18:00:00
O011843,C02795,P0045,1,2027-09-14 20:00:00
O011844,C00836,P0073,1,2027-09-14 22:00:00
O011845,C01692,P0059,5,2027-09-15 00:00:00
O011846,C00455,P0080,4,2027-09-15 02:00:00
O011847,C01930,P0100,4,2027-09-15 04:00:00
O011848,C01139,P0098,5,2027-09-15 06:00:00
O011849,C00313,P0013,2,2027-09-15 08:00:00
O011850,C01018,P0083,1,2027-09-15 10:00:00
O011851,C00228,P0012,3,2027-09-15 12:00:00
O011852,C02882,P0036,4,2027-09-15 14:00:00
O011853,C00858,P0010,4,2027-09-15 16:00:00
O011854,C01269,P0016,4,2027-09-15 18:00:00
O011855,C02866,P0092,2,2027-09-15 20:00:00
O011856,C01018,P0019,5,2027-09-15 22:00:00
O011857,C02576,P0006,2,2027-09-16 00:00:00
O011858,C00950,P0004,4,2027-09-16 02:00:00
O011859,C00427,P0030,1,2027-09-16 04:00:00
O011860,C02090,P0095,4,2027-09-16 06:00:00
O011861,C00465,P0046,1,2027-09-16 08:00:00
O011862,C01646,P0027,1,2027-09-16 10:00:00
O011863,C00278,P0045,4,2027-09-16 12:00:00
O011864,C02884,P0085,4,2027-09-16 14:00:00
O011865,C00019,P0037,1,2027-09-16 16:00:00
O011866,C00066,P0009,2,2027-09-16 18:00:00
O011867,C00167,P0061,2,2027-09-16 20:00:00
O011868,C01609,P0035,2,2027-09-16 22:00:00
O011869,C00403,P0047,3,2027-09-17 00:00:00
O011870,C00409,P0021,1,2027-09-17 02:00:00
O011871,C02160,P0017,3,2027-09-17 04:00:00
O011872,C00597,P0055,3,2027-09-17 06:00:00
O011873,C02699,P0088,1,2027-09-17 08:00:00
O011874,C01063,P0095,3,2027-09-17 10:00:00
O011875,C02153,P0006,1,2027-09-17 12:00:00
O011876,C00324,P0035,5,2027-09-17 14:00:00
O011877,C01983,P0050,5,2027-09-17 16:00:00
O011878,C01438,P0037,1,2027-09-17 18:00:00
O011879,C00429,P0013,1,2027-09-17 20:00:00
O011880,C02683,P0025,1,2027-09-17 22:00:00
O011881,C02778,P0096,2,2027-09-18 00:00:00
O011882,C02937,P0001,1,2027-09-18 02:00:00
O011883,C01085,P0049,4,2027-09-18 04:00:00
O011884,C01636,P0035,5,2027-09-18 06:00:00
O011885,C01378,P0083,5,2027-09-18 08:00:00
O011886,C00393,P0053,1,2027-09-18 10:00:00
O011887,C02252,P0052,5,2027-09-18 12:00:00
O011888,C02306,P0054,1,2027-09-18 14:00:00
O011889,C02534,P0076,1,2027-09-18 16:00:00
O011890,C01541,P0047,5,2027-09-18 18:00:00
O011891,C00446,P0043,5,2027-09-18 20:00:00
O011892,C01204,P0020,4,2027-09-18 22:00:00
O011893,C01024,P0033,3,2027-09-19 00:00:00
O011894,C00342,P0093,4,2027-09-19 02:00:00
O011895,C00133,P0016,4,2027-09-19 04:00:00
O011896,C02491,P0078,5,2027-09-19 06:00:00
O011897,C01860,P0007,4,2027-09-19 08:00:00
O011898,C02301,P0070,5,2027-09-19 10:00:00
O011899,C00265,P0021,2,2027-09-19 12:00:00
O011900,C00093,P0036,1,2027-09-19 14:00:00
O011901,C01686,P0086,3,2027-09-19 16:00:00
O011902,C01435,P0054,2,2027-09-19 18:00:00
O011903,C02186,P0019,1,2027-09-19 20:00:00
O011904,C01232,P0025,1,2027-09-19 22:00:00
O011905,C01002,P0067,3,2027-09-20 00:00:00
O011906,C01661,P0100,4,2027-09-20 02:00:00
O011907,C01597,P0053,1,2027-09-20 04:00:00
O011908,C02355,P0098,3,2027-09-20 06:00:00
O011909,C00266,P0075,5,2027-09-20 08:00:00
O011910,C00646,P0048,1,2027-09-20 10:00:00
O011911,C02366,P0042,1,2027-09-20 12:00:00
O011912,C01137,P0047,4,2027-09-20 14:00:00
O011913,C02949,P0091,4,2027-09-20 16:00:00
O011914,C01402,P0042,5,2027-09-20 18:00:00
O011915,C00454,P0002,1,2027-09-20 20:00:00
O011916,C02239,P0006,4,2027-09-20 22:00:00
O011917,C01915,P0046,3,2027-09-21 00:00:00
O011918,C01464,P0066,1,2027-09-21 02:00:00
O011919,C01211,P0081,3,2027-09-21 04:00:00
O011920,C00831,P0040,2,2027-09-21 06:00:00
O011921,C01391,P0058,5,2027-09-21 08:00:00
O011922,C01113,P0078,4,2027-09-21 10:00:00
O011923,C02235,P0074,2,2027-09-21 12:00:00
O011924,C02867,P0033,4,2027-09-21 14:00:00
O011925,C01970,P0062,2,2027-09-21 16:00:00
O011926,C02180,P0012,4,2027-09-21 18:00:00
O011927,C00872,P0096,5,2027-09-21 20:00:00
O011928,C00635,P0049,1,2027-09-21 22:00:00
O011929,C01400,P0088,3,2027-09-22 00:00:00
O011930,C00691,P0078,2,2027-09-22 02:00:00
O011931,C02740,P0005,3,2027-09-22 04:00:00
O011932,C01866,P0051,3,2027-09-22 06:00:00
O011933,C01058,P0069,4,2027-09-22 08:00:00
O011934,C01956,P0032,1,2027-09-22 10:00:00
O011935,C00582,P0049,4,2027-09-22 12:00:00
O011936,C02219,P0097,3,2027-09-22 14:00:00
O011937,C01390,P0060,5,2027-09-22 16:00:00
O011938,C00784,P0046,1,2027-09-22 18:00:00
O011939,C00181,P0068,1,2027-09-22 20:00:00
O011940,C00019,P0094,3,2027-09-22 22:00:00
O011941,C01250,P0041,4,2027-09-23 00:00:00
O011942,C02929,P0081,5,2027-09-23 02:00:00
O011943,C01617,P0067,2,2027-09-23 04:00:00
O011944,C02223,P0013,4,2027-09-23 06:00:00
O011945,C01246,P0100,1,2027-09-23 08:00:00
O011946,C01639,P0018,4,2027-09-23 10:00:00
O011947,C00054,P0087,2,2027-09-23 12:00:00
O011948,C02743,P0099,5,2027-09-23 14:00:00
O011949,C02911,P0097,5,2027-09-23 16:00:00
O011950,C01427,P0051,2,2027-09-23 18:00:00
O011951,C02397,P0036,2,2027-09-23 20:00:00
O011952,C00443,P0081,3,2027-09-23 22:00:00
O011953,C02881,P0034,1,2027-09-24 00:00:00
O011954,C00580,P0012,3,2027-09-24 02:00:00
O011955,C00282,P0005,4,2027-09-24 04:00:00
O011956,C02408,P0048,2,2027-09-24 06:00:00
O011957,C02963,P0091,3,2027-09-24 08:00:00
O011958,C00823,P0040,1,2027-09-24 10:00:00
O011959,C02940,P0013,1,2027-09-24 12:00:00
O011960,C01670,P0026,2,2027-09-24 14:00:00
O011961,C00641,P0014,3,2027-09-24 16:00:00
O011962,C01032,P0096,5,2027-09-24 18:00:00
O011963,C02017,P0011,2,2027-09-24 20:00:00
O011964,C00563,P0038,4,2027-09-24 22:00:00
O011965,C02539,P0080,3,2027-09-25 00:00:00
O011966,C00341,P0057,3,2027-09-25 02:00:00
O011967,C00472,P0022,2,2027-09-25 04:00:00
O011968,C01711,P0016,3,2027-09-25 06:00:00
O011969,C02297,P0077,3,2027-09-25 08:00:00
O011970,C00235,P0076,4,2027-09-25 10:00:00
O011971,C01107,P0082,4,2027-09-25 12:00:00
O011972,C01117,P0029,5,2027-09-25 14:00:00
O011973,C01909,P0082,4,2027-09-25 16:00:00
O011974,C01418,P0002,5,2027-09-25 18:00:00
O011975,C00824,P0054,4,2027-09-25 20:00:00
O011976,C01292,P0002,5,2027-09-25 22:00:00
O011977,C00632,P0003,4,2027-09-26 00:00:00
O011978,C00529,P0093,4,2027-09-26 02:00:00
O011979,C01981,P0056,2,2027-09-26 04:00:00
O011980,C02170,P0072,4,2027-09-26 06:00:00
O011981,C02940,P0011,5,2027-09-26 08:00:00
O011982,C02058,P0076,2,2027-09-26 10:00:00
O011983,C01340,P0032,5,2027-09-26 12:00:00
O011984,C02886,P0004,4,2027-09-26 14:00:00
O011985,C01297,P0009,4,2027-09-26 16:00:00
O011986,C01330,P0088,5,2027-09-26 18:00:00
O011987,C01234,P0056,3,2027-09-26 20:00:00
O011988,C01982,P0016,2,2027-09-26 22:00:00
O011989,C01754,P0081,2,2027-09-27 00:00:00
O011990,C02801,P0086,4,2027-09-27 02:00:00
O011991,C02934,P0071,2,2027-09-27 04:00:00
O011992,C02512,P0010,5,2027-09-27 06:00:00
O011993,C02760,P0093,4,2027-09-27 08:00:00
O011994,C02776,P0036,2,2027-09-27 10:00:00
O011995,C02765,P0024,1,2027-09-27 12:00:00
O011996,C01949,P0064,2,2027-09-27 14:00:00
O011997,C02128,P0056,5,2027-09-27 16:00:00
O011998,C02528,P0078,2,2027-09-27 18:00:00
O011999,C00902,P0078,3,2027-09-27 20:00:00
O012000,C00891,P0089,3,2027-09-27 22:00:00
O012001,C01571,P0022,4,2027-09-28 00:00:00
O012002,C01825,P0052,3,2027-09-28 02:00:00
O012003,C02066,P0050,5,2027-09-28 04:00:00
O012004,C01189,P0047,1,2027-09-28 06:00:00
O012005,C01549,P0023,1,2027-09-28 08:00:00
O012006,C00202,P0096,4,2027-09-28 10:00:00
O012007,C00741,P0090,4,2027-09-28 12:00:00
O012008,C01370,P0091,3,2027-09-28 14:00:00
O012009,C01390,P0076,5,2027-09-28 16:00:00
O012010,C02001,P0083,3,2027-09-28 18:00:00
O012011,C01472,P0019,5,2027-09-28 20:00:00
O012012,C01537,P0052,5,2027-09-28 22:00:00
O012013,C00319,P0034,1,2027-09-29 00:00:00
O012014,C02265,P0096,5,2027-09-29 02:00:00
O012015,C01058,P0029,2,2027-09-29 04:00:00
O012016,C01895,P0061,5,2027-09-29 06:00:00
O012017,C02314,P0085,1,2027-09-29 08:00:00
O012018,C00724,P0035,3,2027-09-29 10:00:00
O012019,C02823,P0005,5,2027-09-29 12:00:00
O012020,C01701,P0076,2,2027-09-29 14:00:00
O012021,C00413,P0007,4,2027-09-29 16:00:00
O012022,C01276,P0041,3,2027-09-29 18:00:00
O012023,C00401,P0002,4,2027-09-29 20:00:00
O012024,C01840,P0089,2,2027-09-29 22:00:00
O012025,C00724,P0010,1,2027-09-30 00:00:00
O012026,C02330,P0044,1,2027-09-30 02:00:00
O012027,C01136,P0070,3,2027-09-30 04:00:00
O012028,C02771,P0091,5,2027-09-30 06:00:00
O012029,C00751,P0035,5,2027-09-30 08:00:00
O012030,C00268,P0062,4,2027-09-30 10:00:00
O012031,C02346,P0074,1,2027-09-30 12:00:00
O012032,C01341,P0073,5,2027-09-30 14:00:00
O012033,C00570,P0020,5,2027-09-30 16:00:00
O012034,C02557,P0035,1,2027-09-30 18:00:00
O012035,C01974,P0037,1,2027-09-30 20:00:00
O012036,C00546,P0072,2,2027-09-30 22:00:00
O012037,C02823,P0054,4,2027-10-01 00:00:00
O012038,C00365,P0095,1,2027-10-01 02:00:00
O012039,C00547,P0080,2,2027-10-01 04:00:00
O012040,C00271,P0028,1,2027-10-01 06:00:00
O012041,C00739,P0070,3,2027-10-01 08:00:00
O012042,C02585,P0032,3,2027-10-01 10:00:00
O012043,C01258,P0092,3,2027-10-01 12:00:00
O012044,C00059,P0011,1,2027-10-01 14:00:00
O012045,C01275,P0042,5,2027-10-01 16:00:00
O012046,C01871,P0023,5,2027-10-01 18:00:00
O012047,C00086,P0030,3,2027-10-01 20:00:00
O012048,C00763,P0009,4,2027-10-01 22:00:00
O012049,C00390,P0092,2,2027-10-02 00:00:00
O012050,C01204,P0088,3,2027-10-02 02:00:00
O012051,C00719,P0059,2,2027-10-02 04:00:00
O012052,C02904,P0028,2,2027-10-02 06:00:00
O012053,C00149,P0088,3,2027-10-02 08:00:00
O012054,C00583,P0079,5,2027-10-02 10:00:00
O012055,C00121,P0033,4,2027-10-02 12:00:00
O012056,C02813,P0047,3,2027-10-02 14:00:00
O012057,C02653,P0098,2,2027-10-02 16:00:00
O012058,C02304,P0022,1,2027-10-02 18:00:00
O012059,C00766,P0029,1,2027-10-02 20:00:00
O012060,C02912,P0034,2,2027-10-02 22:00:00
O012061,C00800,P0042,3,2027-10-03 00:00:00
O012062,C02107,P0052,5,2027-10-03 02:00:00
O012063,C01022,P0047,3,2027-10-03 04:00:00
O012064,C01470,P0074,4,2027-10-03 06:00:00
O012065,C02436,P0051,1,2027-10-03 08:00:00
O012066,C01110,P0045,2,2027-10-03 10:00:00
O012067,C02834,P0094,5,2027-10-03 12:00:00
O012068,C01251,P0075,3,2027-10-03 14:00:00
O012069,C02641,P0034,4,2027-10-03 16:00:00
O012070,C01650,P0021,3,2027-10-03 18:00:00
O012071,C01816,P0013,4,2027-10-03 20:00:00
O012072,C01346,P0054,3,2027-10-03 22:00:00
O012073,C02957,P0025,5,2027-10-04 00:00:00
O012074,C01342,P0021,5,2027-10-04 02:00:00
O012075,C02614,P0001,2,2027-10-04 04:00:00
O012076,C02447,P0058,5,2027-10-04 06:00:00
O012077,C01733,P0069,4,2027-10-04 08:00:00
O012078,C00899,P0086,2,2027-10-04 10:00:00
O012079,C02341,P0071,5,2027-10-04 12:00:00
O012080,C00485,P0013,1,2027-10-04 14:00:00
O012081,C00803,P0052,4,2027-10-04 16:00:00
O012082,C01716,P0023,2,2027-10-04 18:00:00
O012083,C01916,P0021,4,2027-10-04 20:00:00
O012084,C01758,P0006,2,2027-10-04 22:00:00
O012085,C01810,P0020,4,2027-10-05 00:00:00
O012086,C02938,P0076,1,2027-10-05 02:00:00
O012087,C02292,P0040,5,2027-10-05 04:00:00
O012088,C01444,P0009,3,2027-10-05 06:00:00
O012089,C01953,P0050,3,2027-10-05 08:00:00
O012090,C02864,P0028,3,2027-10-05 10:00:00
O012091,C02321,P0011,2,2027-10-05 12:00:00
O012092,C01671,P0096,5,2027-10-05 14:00:00
O012093,C01849,P0075,2,2027-10-05 16:00:00
O012094,C00520,P0088,2,2027-10-05 18:00:00
O012095,C01152,P0056,2,2027-10-05 20:00:00
O012096,C01397,P0079,2,2027-10-05 22:00:00
O012097,C02616,P0035,5,2027-10-06 00:00:00
O012098,C02686,P0081,3,2027-10-06 02:00:00
O012099,C02207,P0025,4,2027-10-06 04:00:00
O012100,C00652,P0099,2,2027-10-06 06:00:00
O012101,C02224,P0019,5,2027-10-06 08:00:00
O012102,C01951,P0031,1,2027-10-06 10:00:00
O012103,C02668,P0081,4,2027-10-06 12:00:00
O012104,C00211,P0050,2,2027-10-06 14:00:00
O012105,C02495,P0087,2,2027-10-06 16:00:00
O012106,C00586,P0063,4,2027-10-06 18:00:00
O012107,C00167,P0047,4,2027-10-06 20:00:00
O012108,C02508,P0001,2,2027-10-06 22:00:00
O012109,C02964,P0058,5,2027-10-07 00:00:00
O012110,C01257,P0010,1,2027-10-07 02:00:00
O012111,C01206,P0008,5,2027-10-07 04:00:00
O012112,C01739,P0026,3,2027-10-07 06:00:00
O012113,C01053,P0034,3,2027-10-07 08:00:00
O012114,C00714,P0019,3,2027-10-07 10:00:00
O012115,C02889,P0078,2,2027-10-07 12:00:00
O012116,C02916,P0072,1,2027-10-07 14:00:00
O012117,C00688,P0001,1,2027-10-07 16:00:00
O012118,C00330,P0048,2,2027-10-07 18:00:00
O012119,C01747,P0025,2,2027-10-07 20:00:00
O012120,C01208,P0024,2,2027-10-07 22:00:00
O012121,C02143,P0047,1,2027-10-08 00:00:00
O012122,C00785,P0084,2,2027-10-08 02:00:00
O012123,C02697,P0094,4,2027-10-08 04:00:00
O012124,C02401,P0069,4,2027-10-08 06:00:00
O012125,C02978,P0067,4,2027-10-08 08:00:00
O012126,C00941,P0032,2,2027-10-08 10:00:00
O012127,C01289,P0017,4,2027-10-08 12:00:00
O012128,C01680,P0061,2,2027-10-08 14:00:00
O012129,C02694,P0069,4,2027-10-08 16:00:00
O012130,C00626,P0011,2,2027-10-08 18:00:00
O012131,C00139,P0038,5,2027-10-08 20:00:00
O012132,C02764,P0068,3,2027-10-08 22:00:00
O012133,C00762,P0019,5,2027-10-09 00:00:00
O012134,C01834,P0087,3,2027-10-09 02:00:00
O012135,C02303,P0017,3,2027-10-09 04:00:00
O012136,C01556,P0013,4,2027-10-09 06:00:00
O012137,C00676,P0091,3,2027-10-09 08:00:00
O012138,C00092,P0001,3,2027-10-09 10:00:00
O012139,C01093,P0002,5,2027-10-09 12:00:00
O012140,C00037,P0082,3,2027-10-09 14:00:00
O012141,C01788,P0100,2,2027-10-09 16:00:00
O012142,C02188,P0097,2,2027-10-09 18:00:00
O012143,C02915,P0100,4,2027-10-09 20:00:00
O012144,C02728,P0066,5,2027-10-09 22:00:00
O012145,C01202,P0068,1,2027-10-10 00:00:00
O012146,C01837,P0016,5,2027-10-10 02:00:00
O012147,C01895,P0004,1,2027-10-10 04:00:00
O012148,C00137,P0057,3,2027-10-10 06:00:00
O012149,C02238,P0073,1,2027-10-10 08:00:00
O012150,C01664,P0085,3,2027-10-10 10:00:00
O012151,C02390,P0023,5,2027-10-10 12:00:00
O012152,C01583,P0002,5,2027-10-10 14:00:00
O012153,C00972,P0067,4,2027-10-10 16:00:00
O012154,C00662,P0087,4,2027-10-10 18:00:00
O012155,C02291,P0026,3,2027-10-10 20:00:00
O012156,C01811,P0007,3,2027-10-10 22:00:00
O012157,C00415,P0100,2,2027-10-11 00:00:00
O012158,C02755,P0044,2,2027-10-11 02:00:00
O012159,C00343,P0033,2,2027-10-11 04:00:00
O012160,C02730,P0064,5,2027-10-11 06:00:00
O012161,C02701,P0036,1,2027-10-11 08:00:00
O012162,C00146,P0004,3,2027-10-11 10:00:00
O012163,C00323,P0023,4,2027-10-11 12:00:00
O012164,C02170,P0025,3,2027-10-11 14:00:00
O012165,C01276,P0090,1,2027-10-11 16:00:00
O012166,C01879,P0092,3,2027-10-11 18:00:00
O012167,C02359,P0092,4,2027-10-11 20:00:00
O012168,C00601,P0085,4,2027-10-11 22:00:00
O012169,C00475,P0074,1,2027-10-12 00:00:00
O012170,C02618,P0027,4,2027-10-12 02:00:00
O012171,C01516,P0051,5,2027-10-12 04:00:00
O012172,C00575,P0079,4,2027-10-12 06:00:00
O012173,C00347,P0081,1,2027-10-12 08:00:00
O012174,C02868,P0099,1,2027-10-12 10:00:00
O012175,C01511,P0069,3,2027-10-12 12:00:00
O012176,C00382,P0080,4,2027-10-12 14:00:00
O012177,C01304,P0023,4,2027-10-12 16:00:00
O012178,C00072,P0009,1,2027-10-12 18:00:00
O012179,C02569,P0033,3,2027-10-12 20:00:00
O012180,C02981,P0035,3,2027-10-12 22:00:00
O012181,C01118,P0050,5,2027-10-13 00:00:00
O012182,C01397,P0024,5,2027-10-13 02:00:00
O012183,C02387,P0088,1,2027-10-13 04:00:00
O012184,C01360,P0024,3,2027-10-13 06:00:00
O012185,C00664,P0019,3,2027-10-13 08:00:00
O012186,C01516,P0039,5,2027-10-13 10:00:00
O012187,C01892,P0061,5,2027-10-13 12:00:00
O012188,C00040,P0025,1,2027-10-13 14:00:00
O012189,C01383,P0095,3,2027-10-13 16:00:00
O012190,C02031,P0025,1,2027-10-13 18:00:00
O012191,C02622,P0027,5,2027-10-13 20:00:00
O012192,C01278,P0032,4,2027-10-13 22:00:00
O012193,C00966,P0011,5,2027-10-14 00:00:00
O012194,C02629,P0069,3,2027-10-14 02:00:00
O012195,C01901,P0033,1,2027-10-14 04:00:00
O012196,C02218,P0019,3,2027-10-14 06:00:00
O012197,C00701,P0016,5,2027-10-14 08:00:00
O012198,C00511,P0099,5,2027-10-14 10:00:00
O012199,C01284,P0011,2,2027-10-14 12:00:00
O012200,C00584,P0075,5,2027-10-14 14:00:00
O012201,C00984,P0074,3,2027-10-14 16:00:00
O012202,C00459,P0098,1,2027-10-14 18:00:00
O012203,C02577,P0069,1,2027-10-14 20:00:00
O012204,C01906,P0087,2,2027-10-14 22:00:00
O012205,C02389,P0055,3,2027-10-15 00:00:00
O012206,C02105,P0025,5,2027-10-15 02:00:00
O012207,C02266,P0093,4,2027-10-15 04:00:00
O012208,C02667,P0077,1,2027-10-15 06:00:00
O012209,C00816,P0096,3,2027-10-15 08:00:00
O012210,C02779,P0034,2,2027-10-15 10:00:00
O012211,C02512,P0012,4,2027-10-15 12:00:00
O012212,C00247,P0088,3,2027-10-15 14:00:00
O012213,C00730,P0021,5,2027-10-15 16:00:00
O012214,C02421,P0029,1,2027-10-15 18:00:00
O012215,C00417,P0051,5,2027-10-15 20:00:00
O012216,C01055,P0023,2,2027-10-15 22:00:00
O012217,C00368,P0033,1,2027-10-16 00:00:00
O012218,C02607,P0008,4,2027-10-16 02:00:00
O012219,C00108,P0042,1,2027-10-16 04:00:00
O012220,C02632,P0077,5,2027-10-16 06:00:00
O012221,C00839,P0069,3,2027-10-16 08:00:00
O012222,C00418,P0041,3,2027-10-16 10:00:00
O012223,C01644,P0074,3,2027-10-16 12:00:00
O012224,C00821,P0063,2,2027-10-16 14:00:00
O012225,C01422,P0014,2,2027-10-16 16:00:00
O012226,C00683,P0088,3,2027-10-16 18:00:00
O012227,C00256,P0062,4,2027-10-16 20:00:00
O012228,C02828,P0075,5,2027-10-16 22:00:00
O012229,C00838,P0046,4,2027-10-17 00:00:00
O012230,C02963,P0067,3,2027-10-17 02:00:00
O012231,C02283,P0093,5,2027-10-17 04:00:00
O012232,C00553,P0053,2,2027-10-17 06:00:00
O012233,C00181,P0052,1,2027-10-17 08:00:00
O012234,C00157,P0094,1,2027-10-17 10:00:00
O012235,C01478,P0007,5,2027-10-17 12:00:00
O012236,C00571,P0081,4,2027-10-17 14:00:00
O012237,C00857,P0084,5,2027-10-17 16:00:00
O012238,C01785,P0054,4,2027-10-17 18:00:00
O012239,C01728,P0011,4,2027-10-17 20:00:00
O012240,C01048,P0025,1,2027-10-17 22:00:00
O012241,C01497,P0059,2,2027-10-18 00:00:00
O012242,C01424,P0088,3,2027-10-18 02:00:00
O012243,C02996,P0066,2,2027-10-18 04:00:00
O012244,C00592,P0027,3,2027-10-18 06:00:00
O012245,C02182,P0083,1,2027-10-18 08:00:00
O012246,C00421,P0058,3,2027-10-18 10:00:00
O012247,C02261,P0093,4,2027-10-18 12:00:00
O012248,C02948,P0011,5,2027-10-18 14:00:00
O012249,C02530,P0055,3,2027-10-18 16:00:00
O012250,C00348,P0019,2,2027-10-18 18:00:00
O012251,C00166,P0092,1,2027-10-18 20:00:00
O012252,C00937,P0039,1,2027-10-18 22:00:00
O012253,C00348,P0085,5,2027-10-19 00:00:00
O012254,C02897,P0090,4,2027-10-19 02:00:00
O012255,C00398,P0086,4,2027-10-19 04:00:00
O012256,C00583,P0070,1,2027-10-19 06:00:00
O012257,C02774,P0011,4,2027-10-19 08:00:00
O012258,C01601,P0014,5,2027-10-19 10:00:00
O012259,C00308,P0060,1,2027-10-19 12:00:00
O012260,C02846,P0036,4,2027-10-19 14:00:00
O012261,C02767,P0041,3,2027-10-19 16:00:00
O012262,C02514,P0002,3,2027-10-19 18:00:00
O012263,C00099,P0057,4,2027-10-19 20:00:00
O012264,C01266,P0060,3,2027-10-19 22:00:00
O012265,C00158,P0020,5,2027-10-20 00:00:00
O012266,C02658,P0022,2,2027-10-20 02:00:00
O012267,C00554,P0004,5,2027-10-20 04:00:00
O012268,C00651,P0056,5,2027-10-20 06:00:00
O012269,C02968,P0093,4,2027-10-20 08:00:00
O012270,C02275,P0058,5,2027-10-20 10:00:00
O012271,C02471,P0088,4,2027-10-20 12:00:00
O012272,C02291,P0065,1,2027-10-20 14:00:00
O012273,C02578,P0088,4,2027-10-20 16:00:00
O012274,C01069,P0058,4,2027-10-20 18:00:00
O012275,C01496,P0030,1,2027-10-20 20:00:00
O012276,C02419,P0076,2,2027-10-20 22:00:00
O012277,C01879,P0019,1,2027-10-21 00:00:00
O012278,C02700,P0062,4,2027-10-21 02:00:00
O012279,C02737,P0068,3,2027-10-21 04:00:00
O012280,C00734,P0079,4,2027-10-21 06:00:00
O012281,C01951,P0084,1,2027-10-21 08:00:00
O012282,C00092,P0044,4,2027-10-21 10:00:00
O012283,C02220,P0084,1,2027-10-21 12:00:00
O012284,C01628,P0061,5,2027-10-21 14:00:00
O012285,C01216,P0021,2,2027-10-21 16:00:00
O012286,C01101,P0010,2,2027-10-21 18:00:00
O012287,C01305,P0030,1,2027-10-21 20:00:00
O012288,C01388,P0024,2,2027-10-21 22:00:00
O012289,C00179,P0048,3,2027-10-22 00:00:00
O012290,C02286,P0055,3,2027-10-22 02:00:00
O012291,C02925,P0052,2,2027-10-22 04:00:00
O012292,C02950,P0038,1,2027-10-22 06:00:00
O012293,C00280,P0067,3,2027-10-22 08:00:00
O012294,C01043,P0093,2,2027-10-22 10:00:00
O012295,C01619,P0008,4,2027-10-22 12:00:00
O012296,C02788,P0029,3,2027-10-22 14:00:00
O012297,C00371,P0010,5,2027-10-22 16:00:00
O012298,C01801,P0069,3,2027-10-22 18:00:00
O012299,C02918,P0075,2,2027-10-22 20:00:00
O012300,C01704,P0068,2,2027-10-22 22:00:00
O012301,C02269,P0049,2,2027-10-23 00:00:00
O012302,C02968,P0058,1,2027-10-23 02:00:00
O012303,C00304,P0035,1,2027-10-23 04:00:00
O012304,C01349,P0050,4,2027-10-23 06:00:00
O012305,C01461,P0040,4,2027-10-23 08:00:00
O012306,C02486,P0012,3,2027-10-23 10:00:00
O012307,C01194,P0085,2,2027-10-23 12:00:00
O012308,C02423,P0016,4,2027-10-23 14:00:00
O012309,C02429,P0078,2,2027-10-23 16:00:00
O012310,C02062,P0085,3,2027-10-23 18:00:00
O012311,C02791,P0048,1,2027-10-23 20:00:00
O012312,C00669,P0091,4,2027-10-23 22:00:00
O012313,C00500,P0100,5,2027-10-24 00:00:00
O012314,C01415,P0001,5,2027-10-24 02:00:00
O012315,C01573,P0065,5,2027-10-24 04:00:00
O012316,C02613,P0022,5,2027-10-24 06:00:00
O012317,C00530,P0015,5,2027-10-24 08:00:00
O012318,C02007,P0084,5,2027-10-24 10:00:00
O012319,C02540,P0067,5,2027-10-24 12:00:00
O012320,C01220,P0014,4,2027-10-24 14:00:00
O012321,C00755,P0073,5,2027-10-24 16:00:00
O012322,C02348,P0019,5,2027-10-24 18:00:00
O012323,C00815,P0040,3,2027-10-24 20:00:00
O012324,C02595,P0098,4,2027-10-24 22:00:00
O012325,C00727,P0004,3,2027-10-25 00:00:00
O012326,C00731,P0033,2,2027-10-25 02:00:00
O012327,C00828,P0043,5,2027-10-25 04:00:00
O012328,C02650,P0037,1,2027-10-25 06:00:00
O012329,C01332,P0066,5,2027-10-25 08:00:00
O012330,C02047,P0027,5,2027-10-25 10:00:00
O012331,C02816,P0045,3,2027-10-25 12:00:00
O012332,C00875,P0081,2,2027-10-25 14:00:00
O012333,C02985,P0050,3,2027-10-25 16:00:00
O012334,C02179,P0095,4,2027-10-25 18:00:00
O012335,C02004,P0063,2,2027-10-25 20:00:00
O012336,C01678,P0006,2,2027-10-25 22:00:00
O012337,C00608,P0095,2,2027-10-26 00:00:00
O012338,C02074,P0067,3,2027-10-26 02:00:00
O012339,C01478,P0067,5,2027-10-26 04:00:00
O012340,C00635,P0097,5,2027-10-26 06:00:00
O012341,C01210,P0059,5,2027-10-26 08:00:00
O012342,C00484,P0013,5,2027-10-26 10:00:00
O012343,C02728,P0021,5,2027-10-26 12:00:00
O012344,C01075,P0064,4,2027-10-26 14:00:00
O012345,C01915,P0037,1,2027-10-26 16:00:00
O012346,C02053,P0080,2,2027-10-26 18:00:00
O012347,C00589,P0085,1,2027-10-26 20:00:00
O012348,C02256,P0048,4,2027-10-26 22:00:00
O012349,C02305,P0056,5,2027-10-27 00:00:00
O012350,C01229,P0044,4,2027-10-27 02:00:00
O012351,C01974,P0013,4,2027-10-27 04:00:00
O012352,C02059,P0004,1,2027-10-27 06:00:00
O012353,C00949,P0095,2,2027-10-27 08:00:00
O012354,C02056,P0073,3,2027-10-27 10:00:00
O012355,C02984,P0033,3,2027-10-27 12:00:00
O012356,C02080,P0037,2,2027-10-27 14:00:00
O012357,C02008,P0053,5,2027-10-27 16:00:00
O012358,C02588,P0024,4,2027-10-27 18:00:00
O012359,C01742,P0089,5,2027-10-27 20:00:00
O012360,C00387,P0051,4,2027-10-27 22:00:00
O012361,C01252,P0041,3,2027-10-28 00:00:00
O012362,C02688,P0029,2,2027-10-28 02:00:00
O012363,C01791,P0059,1,2027-10-28 04:00:00
O012364,C01499,P0040,1,2027-10-28 06:00:00
O012365,C00207,P0051,2,2027-10-28 08:00:00
O012366,C01819,P0050,3,2027-10-28 10:00:00
O012367,C01781,P0036,4,2027-10-28 12:00:00
O012368,C02605,P0079,1,2027-10-28 14:00:00
O012369,C02396,P0060,3,2027-10-28 16:00:00
O012370,C00793,P0018,2,2027-10-28 18:00:00
O012371,C02282,P0020,5,2027-10-28 20:00:00
O012372,C01725,P0005,3,2027-10-28 22:00:00
O012373,C01006,P0018,3,2027-10-29 00:00:00
O012374,C02785,P0040,5,2027-10-29 02:00:00
O012375,C00942,P0001,3,2027-10-29 04:00:00
O012376,C01166,P0019,1,2027-10-29 06:00:00
O012377,C02224,P0087,1,2027-10-29 08:00:00
O012378,C01678,P0026,1,2027-10-29 10:00:00
O012379,C00449,P0029,3,2027-10-29 12:00:00
O012380,C00592,P0059,3,2027-10-29 14:00:00
O012381,C00082,P0063,3,2027-10-29 16:00:00
O012382,C02183,P0098,2,2027-10-29 18:00:00
O012383,C02904,P0083,5,2027-10-29 20:00:00
O012384,C01407,P0062,3,2027-10-29 22:00:00
O012385,C01481,P0048,5,2027-10-30 00:00:00
O012386,C02488,P0062,4,2027-10-30 02:00:00
O012387,C01080,P0018,1,2027-10-30 04:00:00
O012388,C02745,P0066,2,2027-10-30 06:00:00
O012389,C00419,P0027,5,2027-10-30 08:00:00
O012390,C00088,P0006,1,2027-10-30 10:00:00
O012391,C02704,P0070,2,2027-10-30 12:00:00
O012392,C00215,P0059,1,2027-10-30 14:00:00
O012393,C01759,P0006,3,2027-10-30 16:00:00
O012394,C02600,P0031,3,2027-10-30 18:00:00
O012395,C01521,P0094,1,2027-10-30 20:00:00
O012396,C01718,P0056,2,2027-10-30 22:00:00
O012397,C02551,P0054,1,2027-10-31 00:00:00
O012398,C02747,P0085,4,2027-10-31 02:00:00
O012399,C02293,P0041,2,2027-10-31 04:00:00
O012400,C01502,P0018,2,2027-10-31 06:00:00
O012401,C00309,P0087,1,2027-10-31 08:00:00
O012402,C00231,P0023,5,2027-10-31 10:00:00
O012403,C00155,P0092,1,2027-10-31 12:00:00
O012404,C01199,P0036,5,2027-10-31 14:00:00
O012405,C02896,P0025,2,2027-10-31 16:00:00
O012406,C00115,P0007,3,2027-10-31 18:00:00
O012407,C01414,P0082,3,2027-10-31 20:00:00
O012408,C00311,P0020,1,2027-10-31 22:00:00
O012409,C00993,P0005,5,2027-11-01 00:00:00
O012410,C02348,P0018,1,2027-11-01 02:00:00
O012411,C01042,P0033,4,2027-11-01 04:00:00
O012412,C02832,P0079,1,2027-11-01 06:00:00
O012413,C00012,P0035,1,2027-11-01 08:00:00
O012414,C01428,P0065,1,2027-11-01 10:00:00
O012415,C02280,P0063,1,2027-11-01 12:00:00
O012416,C02014,P0085,5,2027-11-01 14:00:00
O012417,C00730,P0072,5,2027-11-01 16:00:00
O012418,C01302,P0071,5,2027-11-01 18:00:00
O012419,C01377,P0041,4,2027-11-01 20:00:00
O012420,C02037,P0050,4,2027-11-01 22:00:00
O012421,C02351,P0030,1,2027-11-02 00:00:00
O012422,C00541,P0038,5,2027-11-02 02:00:00
O012423,C02518,P0035,4,2027-11-02 04:00:00
O012424,C02861,P0066,3,2027-11-02 06:00:00
O012425,C00077,P0046,1,2027-11-02 08:00:00
O012426,C00024,P0008,2,2027-11-02 10:00:00
O012427,C01039,P0068,5,2027-11-02 12:00:00
O012428,C00676,P0037,1,2027-11-02 14:00:00
O012429,C02573,P0085,1,2027-11-02 16:00:00
O012430,C02395,P0013,2,2027-11-02 18:00:00
O012431,C00172,P0073,3,2027-11-02 20:00:00
O012432,C01893,P0045,4,2027-11-02 22:00:00
O012433,C02760,P0029,4,2027-11-03 00:00:00
O012434,C00489,P0041,2,2027-11-03 02:00:00
O012435,C01486,P0056,2,2027-11-03 04:00:00
O012436,C02426,P0088,4,2027-11-03 06:00:00
O012437,C02420,P0016,3,2027-11-03 08:00:00
O012438,C00757,P0012,3,2027-11-03 10:00:00
O012439,C02525,P0066,1,2027-11-03 12:00:00
O012440,C02430,P0062,2,2027-11-03 14:00:00
O012441,C00155,P0019,2,2027-11-03 16:00:00
O012442,C00257,P0030,2,2027-11-03 18:00:00
O012443,C01780,P0016,4,2027-11-03 20:00:00
O012444,C00674,P0088,4,2027-11-03 22:00:00
O012445,C02116,P0013,4,2027-11-04 00:00:00
O012446,C02392,P0069,3,2027-11-04 02:00:00
O012447,C00673,P0023,4,2027-11-04 04:00:00
O012448,C02439,P0062,1,2027-11-04 06:00:00
O012449,C01473,P0031,4,2027-11-04 08:00:00
O012450,C00259,P0053,3,2027-11-04 10:00:00
O012451,C00307,P0017,2,2027-11-04 12:00:00
O012452,C01119,P0049,1,2027-11-04 14:00:00
O012453,C02998,P0049,3,2027-11-04 16:00:00
O012454,C00246,P0067,5,2027-11-04 18:00:00
O012455,C02781,P0026,2,2027-11-04 20:00:00
O012456,C01659,P0013,4,2027-11-04 22:00:00
O012457,C00187,P0038,3,2027-11-05 00:00:00
O012458,C01798,P0022,5,2027-11-05 02:00:00
O012459,C00925,P0085,3,2027-11-05 04:00:00
O012460,C00785,P0029,4,2027-11-05 06:00:00
O012461,C01596,P0045,3,2027-11-05 08:00:00
O012462,C02456,P0046,5,2027-11-05 10:00:00
O012463,C01361,P0039,3,2027-11-05 12:00:00
O012464,C00341,P0069,1,2027-11-05 14:00:00
O012465,C00563,P0078,1,2027-11-05 16:00:00
O012466,C00651,P0082,4,2027-11-05 18:00:00
O012467,C03000,P0068,5,2027-11-05 20:00:00
O012468,C01194,P0097,5,2027-11-05 22:00:00
O012469,C00069,P0039,5,2027-11-06 00:00:00
O012470,C01584,P0020,5,2027-11-06 02:00:00
O012471,C02429,P0077,5,2027-11-06 04:00:00
O012472,C02105,P0100,2,2027-11-06 06:00:00
O012473,C01301,P0068,3,2027-11-06 08:00:00
O012474,C02898,P0035,5,2027-11-06 10:00:00
O012475,C01123,P0008,1,2027-11-06 12:00:00
O012476,C00916,P0052,3,2027-11-06 14:00:00
O012477,C02373,P0040,4,2027-11-06 16:00:00
O012478,C00461,P0036,4,2027-11-06 18:00:00
O012479,C02227,P0006,5,2027-11-06 20:00:00
O012480,C00844,P0086,2,2027-11-06 22:00:00
O012481,C00574,P0070,2,2027-11-07 00:00:00
O012482,C00119,P0100,3,2027-11-07 02:00:00
O012483,C02597,P0073,2,2027-11-07 04:00:00
O012484,C00646,P0016,4,2027-11-07 06:00:00
O012485,C01479,P0046,5,2027-11-07 08:00:00
O012486,C02074,P0059,1,2027-11-07 10:00:00
O012487,C01514,P0038,4,2027-11-07 12:00:00
O012488,C02032,P0097,4,2027-11-07 14:00:00
O012489,C01032,P0018,3,2027-11-07 16:00:00
O012490,C00969,P0012,2,2027-11-07 18:00:00
O012491,C02011,P0054,1,2027-11-07 20:00:00
O012492,C01540,P0091,1,2027-11-07 22:00:00
O012493,C02581,P0047,2,2027-11-08 00:00:00
O012494,C02197,P0001,5,2027-11-08 02:00:00
O012495,C01512,P0015,2,2027-11-08 04:00:00
O012496,C01049,P0091,5,2027-11-08 06:00:00
O012497,C00655,P0080,1,2027-11-08 08:00:00
O012498,C01955,P0021,3,2027-11-08 10:00:00
O012499,C02993,P0001,4,2027-11-08 12:00:00
O012500,C00555,P0093,1,2027-11-08 14:00:00
O012501,C00425,P0067,1,2027-11-08 16:00:00
O012502,C00293,P0012,1,2027-11-08 18:00:00
O012503,C01209,P0028,4,2027-11-08 20:00:00
O012504,C02602,P0039,5,2027-11-08 22:00:00
O012505,C00431,P0037,3,2027-11-09 00:00:00
O012506,C02652,P0095,3,2027-11-09 02:00:00
O012507,C00317,P0060,3,2027-11-09 04:00:00
O012508,C00398,P0031,5,2027-11-09 06:00:00
O012509,C01348,P0058,2,2027-11-09 08:00:00
O012510,C01589,P0097,2,2027-11-09 10:00:00
O012511,C00596,P0097,3,2027-11-09 12:00:00
O012512,C02594,P0011,1,2027-11-09 14:00:00
O012513,C02124,P0029,1,2027-11-09 16:00:00
O012514,C02913,P0089,4,2027-11-09 18:00:00
O012515,C01944,P0013,2,2027-11-09 20:00:00
O012516,C00916,P0051,1,2027-11-09 22:00:00
O012517,C02757,P0054,3,2027-11-10 00:00:00
O012518,C02534,P0019,4,2027-11-10 02:00:00
O012519,C02795,P0058,2,2027-11-10 04:00:00
O012520,C01256,P0036,4,2027-11-10 06:00:00
O012521,C02598,P0028,1,2027-11-10 08:00:00
O012522,C00976,P0068,3,2027-11-10 10:00:00
O012523,C01076,P0003,3,2027-11-10 12:00:00
O012524,C02990,P0089,3,2027-11-10 14:00:00
O012525,C02967,P0041,1,2027-11-10 16:00:00
O012526,C01245,P0035,5,2027-11-10 18:00:00
O012527,C01452,P0093,3,2027-11-10 20:00:00
O012528,C01167,P0093,5,2027-11-10 22:00:00
O012529,C02029,P0076,3,2027-11-11 00:00:00
O012530,C00363,P0099,5,2027-11-11 02:00:00
O012531,C02430,P0084,2,2027-11-11 04:00:00
O012532,C02319,P0081,2,2027-11-11 06:00:00
O012533,C02346,P0076,3,2027-11-11 08:00:00
O012534,C00234,P0050,4,2027-11-11 10:00:00
O012535,C02623,P0100,4,2027-11-11 12:00:00
O012536,C01732,P0074,1,2027-11-11 14:00:00
O012537,C00027,P0082,2,2027-11-11 16:00:00
O012538,C01495,P0030,2,2027-11-11 18:00:00
O012539,C00093,P0072,4,2027-11-11 20:00:00
O012540,C02665,P0077,3,2027-11-11 22:00:00
O012541,C00309,P0095,1,2027-11-12 00:00:00
O012542,C00052,P0070,2,2027-11-12 02:00:00
O012543,C00319,P0054,1,2027-11-12 04:00:00
O012544,C01993,P0071,2,2027-11-12 06:00:00
O012545,C00181,P0085,5,2027-11-12 08:00:00
O012546,C01593,P0051,5,2027-11-12 10:00:00
O012547,C02923,P0028,1,2027-11-12 12:00:00
O012548,C00647,P0064,4,2027-11-12 14:00:00
O012549,C01962,P0085,4,2027-11-12 16:00:00
O012550,C01284,P0021,2,2027-11-12 18:00:00
O012551,C02245,P0088,5,2027-11-12 20:00:00
O012552,C02693,P0027,5,2027-11-12 22:00:00
O012553,C02303,P0027,1,2027-11-13 00:00:00
O012554,C02025,P0077,1,2027-11-13 02:00:00
O012555,C02780,P0050,4,2027-11-13 04:00:00
O012556,C00336,P0029,4,2027-11-13 06:00:00
O012557,C01577,P0039,4,2027-11-13 08:00:00
O012558,C01526,P0057,3,2027-11-13 10:00:00
O012559,C00990,P0092,5,2027-11-13 12:00:00
O012560,C02948,P0037,5,2027-11-13 14:00:00
O012561,C01279,P0093,1,2027-11-13 16:00:00
O012562,C00514,P0064,5,2027-11-13 18:00:00
O012563,C02030,P0048,1,2027-11-13 20:00:00
O012564,C00242,P0022,3,2027-11-13 22:00:00
O012565,C02197,P0100,4,2027-11-14 00:00:00
O012566,C01734,P0030,3,2027-11-14 02:00:00
O012567,C02805,P0028,4,2027-11-14 04:00:00
O012568,C02668,P0023,4,2027-11-14 06:00:00
O012569,C02501,P0097,1,2027-11-14 08:00:00
O012570,C02260,P0004,4,2027-11-14 10:00:00
O012571,C00668,P0003,3,2027-11-14 12:00:00
O012572,C00594,P0061,2,2027-11-14 14:00:00
O012573,C02179,P0096,1,2027-11-14 16:00:00
O012574,C02660,P0004,4,2027-11-14 18:00:00
O012575,C00256,P0065,4,2027-11-14 20:00:00
O012576,C01503,P0012,5,2027-11-14 22:00:00
O012577,C00561,P0013,1,2027-11-15 00:00:00
O012578,C02111,P0034,1,2027-11-15 02:00:00
O012579,C01335,P0059,3,2027-11-15 04:00:00
O012580,C00407,P0093,2,2027-11-15 06:00:00
O012581,C02850,P0073,3,2027-11-15 08:00:00
O012582,C01861,P0031,3,2027-11-15 10:00:00
O012583,C02063,P0071,3,2027-11-15 12:00:00
O012584,C01711,P0013,2,2027-11-15 14:00:00
O012585,C00259,P0054,3,2027-11-15 16:00:00
O012586,C00723,P0002,1,2027-11-15 18:00:00
O012587,C01283,P0033,2,2027-11-15 20:00:00
O012588,C00614,P0050,4,2027-11-15 22:00:00
O012589,C01695,P0007,5,2027-11-16 00:00:00
O012590,C01979,P0018,5,2027-11-16 02:00:00
O012591,C00813,P0051,1,2027-11-16 04:00:00
O012592,C01787,P0008,5,2027-11-16 06:00:00
O012593,C00331,P0055,5,2027-11-16 08:00:00
O012594,C02213,P0076,5,2027-11-16 10:00:00
O012595,C01217,P0043,4,2027-11-16 12:00:00
O012596,C01545,P0059,5,2027-11-16 14:00:00
O012597,C01398,P0030,3,2027-11-16 16:00:00
O012598,C00387,P0059,1,2027-11-16 18:00:00
O012599,C01519,P0009,1,2027-11-16 20:00:00
O012600,C01818,P0092,1,2027-11-16 22:00:00
O012601,C01818,P0068,4,2027-11-17 00:00:00
O012602,C01815,P0039,4,2027-11-17 02:00:00
O012603,C02376,P0081,5,2027-11-17 04:00:00
O012604,C01516,P0011,3,2027-11-17 06:00:00
O012605,C01241,P0002,5,2027-11-17 08:00:00
O012606,C00320,P0023,1,2027-11-17 10:00:00
O012607,C00399,P0063,3,2027-11-17 12:00:00
O012608,C01915,P0022,1,2027-11-17 14:00:00
O012609,C00105,P0061,3,2027-11-17 16:00:00
O012610,C00696,P0026,2,2027-11-17 18:00:00
O012611,C00330,P0012,4,2027-11-17 20:00:00
O012612,C00660,P0032,4,2027-11-17 22:00:00
O012613,C02647,P0009,1,2027-11-18 00:00:00
O012614,C00821,P0069,1,2027-11-18 02:00:00
O012615,C01973,P0090,2,2027-11-18 04:00:00
O012616,C02689,P0071,5,2027-11-18 06:00:00
O012617,C01794,P0093,3,2027-11-18 08:00:00
O012618,C02362,P0033,2,2027-11-18 10:00:00
O012619,C00462,P0024,2,2027-11-18 12:00:00
O012620,C01608,P0089,1,2027-11-18 14:00:00
O012621,C02534,P0095,1,2027-11-18 16:00:00
O012622,C01676,P0093,5,2027-11-18 18:00:00
O012623,C02458,P0069,5,2027-11-18 20:00:00
O012624,C02075,P0038,1,2027-11-18 22:00:00
O012625,C00271,P0011,4,2027-11-19 00:00:00
O012626,C02734,P0032,5,2027-11-19 02:00:00
O012627,C02549,P0064,2,2027-11-19 04:00:00
O012628,C00385,P0072,1,2027-11-19 06:00:00
O012629,C00060,P0020,3,2027-11-19 08:00:00
O012630,C01131,P0034,3,2027-11-19 10:00:00
O012631,C00220,P0042,4,2027-11-19 12:00:00
O012632,C01465,P0008,1,2027-11-19 14:00:00
O012633,C02819,P0066,2,2027-11-19 16:00:00
O012634,C01907,P0021,4,2027-11-19 18:00:00
O012635,C02612,P0079,2,2027-11-19 20:00:00
O012636,C01596,P0070,3,2027-11-19 22:00:00
O012637,C02594,P0005,2,2027-11-20 00:00:00
O012638,C00096,P0067,3,2027-11-20 02:00:00
O012639,C00989,P0043,5,2027-11-20 04:00:00
O012640,C01113,P0016,3,2027-11-20 06:00:00
O012641,C02876,P0099,3,2027-11-20 08:00:00
O012642,C01946,P0073,4,2027-11-20 10:00:00
O012643,C02279,P0035,4,2027-11-20 12:00:00
O012644,C00968,P0083,1,2027-11-20 14:00:00
O012645,C02323,P0043,1,2027-11-20 16:00:00
O012646,C00246,P0098,3,2027-11-20 18:00:00
O012647,C02159,P0039,5,2027-11-20 20:00:00
O012648,C00234,P0010,1,2027-11-20 22:00:00
O012649,C02465,P0074,3,2027-11-21 00:00:00
O012650,C02726,P0020,4,2027-11-21 02:00:00
O012651,C01152,P0001,1,2027-11-21 04:00:00
O012652,C01261,P0006,1,2027-11-21 06:00:00
O012653,C00803,P0053,3,2027-11-21 08:00:00
O012654,C02667,P0046,3,2027-11-21 10:00:00
O012655,C02755,P0066,2,2027-11-21 12:00:00
O012656,C02899,P0038,2,2027-11-21 14:00:00
O012657,C01418,P0033,5,2027-11-21 16:00:00
O012658,C02523,P0067,1,2027-11-21 18:00:00
O012659,C00655,P0100,2,2027-11-21 20:00:00
O012660,C02443,P0077,3,2027-11-21 22:00:00
O012661,C00111,P0035,1,2027-11-22 00:00:00
O012662,C00090,P0079,2,2027-11-22 02:00:00
O012663,C00763,P0045,5,2027-11-22 04:00:00
O012664,C01304,P0022,5,2027-11-22 06:00:00
O012665,C01357,P0068,5,2027-11-22 08:00:00
O012666,C02180,P0017,5,2027-11-22 10:00:00
O012667,C01037,P0005,3,2027-11-22 12:00:00
O012668,C02505,P0085,5,2027-11-22 14:00:00
O012669,C01465,P0057,4,2027-11-22 16:00:00
O012670,C00098,P0088,5,2027-11-22 18:00:00
O012671,C01144,P0095,2,2027-11-22 20:00:00
O012672,C00293,P0040,1,2027-11-22 22:00:00
O012673,C01840,P0030,2,2027-11-23 00:00:00
O012674,C01735,P0042,1,2027-11-23 02:00:00
O012675,C01025,P0007,3,2027-11-23 04:00:00
O012676,C02620,P0071,1,2027-11-23 06:00:00
O012677,C02298,P0091,4,2027-11-23 08:00:00
O012678,C00652,P0088,5,2027-11-23 10:00:00
O012679,C02197,P0019,2,2027-11-23 12:00:00
O012680,C02092,P0041,1,2027-11-23 14:00:00
O012681,C01907,P0034,2,2027-11-23 16:00:00
O012682,C01722,P0022,5,2027-11-23 18:00:00
O012683,C01068,P0052,3,2027-11-23 20:00:00
O012684,C02210,P0091,5,2027-11-23 22:00:00
O012685,C01817,P0006,3,2027-11-24 00:00:00
O012686,C00253,P0074,2,2027-11-24 02:00:00
O012687,C00132,P0095,3,2027-11-24 04:00:00
O012688,C01908,P0025,3,2027-11-24 06:00:00
O012689,C01911,P0066,3,2027-11-24 08:00:00
O012690,C02522,P0010,3,2027-11-24 10:00:00
O012691,C01680,P0074,3,2027-11-24 12:00:00
O012692,C01133,P0026,1,2027-11-24 14:00:00
O012693,C02754,P0005,3,2027-11-24 16:00:00
O012694,C01059,P0086,3,2027-11-24 18:00:00
O012695,C01926,P0068,5,2027-11-24 20:00:00
O012696,C02323,P0098,5,2027-11-24 22:00:00
O012697,C00187,P0071,5,2027-11-25 00:00:00
O012698,C00949,P0050,3,2027-11-25 02:00:00
O012699,C02291,P0017,5,2027-11-25 04:00:00
O012700,C00264,P0011,1,2027-11-25 06:00:00
O012701,C01998,P0053,2,2027-11-25 08:00:00
O012702,C00522,P0050,5,2027-11-25 10:00:00
O012703,C01565,P0008,5,2027-11-25 12:00:00
O012704,C00783,P0092,1,2027-11-25 14:00:00
O012705,C00535,P0097,4,2027-11-25 16:00:00
O012706,C00210,P0062,4,2027-11-25 18:00:00
O012707,C02094,P0089,1,2027-11-25 20:00:00
O012708,C01564,P0085,5,2027-11-25 22:00:00
O012709,C00026,P0076,2,2027-11-26 00:00:00
O012710,C00175,P0090,5,2027-11-26 02:00:00
O012711,C01540,P0029,1,2027-11-26 04:00:00
O012712,C01335,P0099,1,2027-11-26 06:00:00
O012713,C00322,P0044,3,2027-11-26 08:00:00
O012714,C01603,P0045,1,2027-11-26 10:00:00
O012715,C01159,P0029,3,2027-11-26 12:00:00
O012716,C00055,P0088,1,2027-11-26 14:00:00
O012717,C01567,P0059,3,2027-11-26 16:00:00
O012718,C01610,P0015,3,2027-11-26 18:00:00
O012719,C01873,P0070,5,2027-11-26 20:00:00
O012720,C02716,P0096,3,2027-11-26 22:00:00
O012721,C02195,P0044,4,2027-11-27 00:00:00
O012722,C01509,P0098,1,2027-11-27 02:00:00
O012723,C02647,P0036,2,2027-11-27 04:00:00
O012724,C02068,P0084,1,2027-11-27 06:00:00
O012725,C00333,P0057,5,2027-11-27 08:00:00
O012726,C01579,P0064,5,2027-11-27 10:00:00
O012727,C00907,P0076,3,2027-11-27 12:00:00
O012728,C02992,P0099,5,2027-11-27 14:00:00
O012729,C00911,P0038,5,2027-11-27 16:00:00
O012730,C00401,P0017,1,2027-11-27 18:00:00
O012731,C00950,P0027,4,2027-11-27 20:00:00
O012732,C01330,P0017,4,2027-11-27 22:00:00
O012733,C02076,P0063,3,2027-11-28 00:00:00
O012734,C02515,P0011,5,2027-11-28 02:00:00
O012735,C01911,P0064,5,2027-11-28 04:00:00
O012736,C00101,P0039,4,2027-11-28 06:00:00
O012737,C00551,P0002,3,2027-11-28 08:00:00
O012738,C02850,P0066,5,2027-11-28 10:00:00
O012739,C02401,P0054,3,2027-11-28 12:00:00
O012740,C01706,P0029,1,2027-11-28 14:00:00
O012741,C02344,P0045,5,2027-11-28 16:00:00
O012742,C00353,P0088,5,2027-11-28 18:00:00
O012743,C02956,P0088,5,2027-11-28 20:00:00
O012744,C01019,P0080,4,2027-11-28 22:00:00
O012745,C01180,P0031,4,2027-11-29 00:00:00
O012746,C01098,P0049,5,2027-11-29 02:00:00
O012747,C02503,P0009,5,2027-11-29 04:00:00
O012748,C02760,P0027,1,2027-11-29 06:00:00
O012749,C00980,P0056,1,2027-11-29 08:00:00
O012750,C01356,P0078,3,2027-11-29 10:00:00
O012751,C00739,P0045,3,2027-11-29 12:00:00
O012752,C00977,P0089,4,2027-11-29 14:00:00
O012753,C01372,P0043,2,2027-11-29 16:00:00
O012754,C02281,P0022,1,2027-11-29 18:00:00
O012755,C01802,P0099,3,2027-11-29 20:00:00
O012756,C02150,P0033,1,2027-11-29 22:00:00
O012757,C00953,P0027,1,2027-11-30 00:00:00
O012758,C00481,P0040,2,2027-11-30 02:00:00
O012759,C01238,P0026,1,2027-11-30 04:00:00
O012760,C00108,P0083,2,2027-11-30 06:00:00
O012761,C00973,P0045,2,2027-11-30 08:00:00
O012762,C01627,P0045,1,2027-11-30 10:00:00
O012763,C00704,P0026,1,2027-11-30 12:00:00
O012764,C02383,P0070,3,2027-11-30 14:00:00
O012765,C02134,P0067,1,2027-11-30 16:00:00
O012766,C02782,P0006,1,2027-11-30 18:00:00
O012767,C00875,P0028,1,2027-11-30 20:00:00
O012768,C01448,P0067,3,2027-11-30 22:00:00
O012769,C02412,P0013,2,2027-12-01 00:00:00
O012770,C02108,P0063,3,2027-12-01 02:00:00
O012771,C01274,P0013,1,2027-12-01 04:00:00
O012772,C00560,P0077,5,2027-12-01 06:00:00
O012773,C00117,P0001,1,2027-12-01 08:00:00
O012774,C00874,P0040,3,2027-12-01 10:00:00
O012775,C02963,P0037,3,2027-12-01 12:00:00
O012776,C00968,P0031,4,2027-12-01 14:00:00
O012777,C01569,P0017,5,2027-12-01 16:00:00
O012778,C00044,P0009,3,2027-12-01 18:00:00
O012779,C00509,P0064,2,2027-12-01 20:00:00
O012780,C02012,P0057,1,2027-12-01 22:00:00
O012781,C01189,P0013,2,2027-12-02 00:00:00
O012782,C01316,P0037,3,2027-12-02 02:00:00
O012783,C00849,P0014,3,2027-12-02 04:00:00
O012784,C01880,P0075,2,2027-12-02 06:00:00
O012785,C00917,P0025,2,2027-12-02 08:00:00
O012786,C02946,P0095,4,2027-12-02 10:00:00
O012787,C00799,P0078,1,2027-12-02 12:00:00
O012788,C00876,P0057,2,2027-12-02 14:00:00
O012789,C01761,P0071,1,2027-12-02 16:00:00
O012790,C02334,P0088,5,2027-12-02 18:00:00
O012791,C02732,P0100,3,2027-12-02 20:00:00
O012792,C00819,P0042,2,2027-12-02 22:00:00
O012793,C02169,P0042,5,2027-12-03 00:00:00
O012794,C00945,P0047,3,2027-12-03 02:00:00
O012795,C00907,P0044,4,2027-12-03 04:00:00
O012796,C00013,P0041,3,2027-12-03 06:00:00
O012797,C00603,P0003,2,2027-12-03 08:00:00
O012798,C00200,P0090,5,2027-12-03 10:00:00
O012799,C02634,P0090,5,2027-12-03 12:00:00
O012800,C01792,P0001,5,2027-12-03 14:00:00
O012801,C00448,P0079,3,2027-12-03 16:00:00
O012802,C01812,P0011,1,2027-12-03 18:00:00
O012803,C00841,P0007,1,2027-12-03 20:00:00
O012804,C00590,P0012,3,2027-12-03 22:00:00
O012805,C01154,P0038,2,2027-12-04 00:00:00
O012806,C02937,P0054,3,2027-12-04 02:00:00
O012807,C02091,P0067,1,2027-12-04 04:00:00
O012808,C00520,P0053,3,2027-12-04 06:00:00
O012809,C01037,P0090,5,2027-12-04 08:00:00
O012810,C00725,P0094,2,2027-12-04 10:00:00
O012811,C02671,P0032,2,2027-12-04 12:00:00
O012812,C00988,P0100,4,2027-12-04 14:00:00
O012813,C00803,P0045,3,2027-12-04 16:00:00
O012814,C02583,P0051,5,2027-12-04 18:00:00
O012815,C02350,P0037,3,2027-12-04 20:00:00
O012816,C00527,P0059,4,2027-12-04 22:00:00
O012817,C01666,P0054,4,2027-12-05 00:00:00
O012818,C01139,P0018,3,2027-12-05 02:00:00
O012819,C00460,P0001,3,2027-12-05 04:00:00
O012820,C02880,P0021,3,2027-12-05 06:00:00
O012821,C02553,P0028,1,2027-12-05 08:00:00
O012822,C00932,P0016,4,2027-12-05 10:00:00
O012823,C01987,P0048,2,2027-12-05 12:00:00
O012824,C00325,P0028,1,2027-12-05 14:00:00
O012825,C00579,P0022,5,2027-12-05 16:00:00
O012826,C02809,P0083,2,2027-12-05 18:00:00
O012827,C02899,P0001,2,2027-12-05 20:00:00
O012828,C01538,P0095,2,2027-12-05 22:00:00
O012829,C02550,P0042,4,2027-12-06 00:00:00
O012830,C02001,P0098,5,2027-12-06 02:00:00
O012831,C02382,P0070,1,2027-12-06 04:00:00
O012832,C02332,P0092,5,2027-12-06 06:00:00
O012833,C00475,P0003,1,2027-12-06 08:00:00
O012834,C01078,P0095,4,2027-12-06 10:00:00
O012835,C01482,P0080,5,2027-12-06 12:00:00
O012836,C01603,P0081,2,2027-12-06 14:00:00
O012837,C01444,P0044,5,2027-12-06 16:00:00
O012838,C00632,P0027,4,2027-12-06 18:00:00
O012839,C00703,P0051,4,2027-12-06 20:00:00
O012840,C02457,P0024,4,2027-12-06 22:00:00
O012841,C00982,P0020,1,2027-12-07 00:00:00
O012842,C01328,P0032,5,2027-12-07 02:00:00
O012843,C01959,P0099,2,2027-12-07 04:00:00
O012844,C00559,P0013,2,2027-12-07 06:00:00
O012845,C00222,P0043,3,2027-12-07 08:00:00
O012846,C01557,P0020,4,2027-12-07 10:00:00
O012847,C02206,P0002,2,2027-12-07 12:00:00
O012848,C00348,P0068,4,2027-12-07 14:00:00
O012849,C01183,P0091,2,2027-12-07 16:00:00
O012850,C00889,P0060,5,2027-12-07 18:00:00
O012851,C00922,P0089,3,2027-12-07 20:00:00
O012852,C01259,P0004,4,2027-12-07 22:00:00
O012853,C02710,P0096,1,2027-12-08 00:00:00
O012854,C00405,P0017,1,2027-12-08 02:00:00
O012855,C01281,P0001,2,2027-12-08 04:00:00
O012856,C00677,P0033,5,2027-12-08 06:00:00
O012857,C00589,P0030,4,2027-12-08 08:00:00
O012858,C01621,P0005,3,2027-12-08 10:00:00
O012859,C02606,P0012,5,2027-12-08 12:00:00
O012860,C02953,P0032,2,2027-12-08 14:00:00
O012861,C02527,P0038,5,2027-12-08 16:00:00
O012862,C02535,P0017,3,2027-12-08 18:00:00
O012863,C01595,P0058,5,2027-12-08 20:00:00
O012864,C00566,P0040,4,2027-12-08 22:00:00
O012865,C02572,P0096,2,2027-12-09 00:00:00
O012866,C00704,P0024,3,2027-12-09 02:00:00
O012867,C02869,P0012,2,2027-12-09 04:00:00
O012868,C00858,P0095,4,2027-12-09 06:00:00
O012869,C01285,P0019,3,2027-12-09 08:00:00
O012870,C00585,P0029,3,2027-12-09 10:00:00
O012871,C02734,P0085,2,2027-12-09 12:00:00
O012872,C00232,P0090,5,2027-12-09 14:00:00
O012873,C02318,P0052,5,2027-12-09 16:00:00
O012874,C02988,P0092,1,2027-12-09 18:00:00
O012875,C02922,P0017,1,2027-12-09 20:00:00
O012876,C01246,P0073,3,2027-12-09 22:00:00
O012877,C00052,P0021,2,2027-12-10 00:00:00
O012878,C02164,P0060,3,2027-12-10 02:00:00
O012879,C00538,P0098,2,2027-12-10 04:00:00
O012880,C00541,P0075,4,2027-12-10 06:00:00
O012881,C01043,P0020,1,2027-12-10 08:00:00
O012882,C00815,P0053,3,2027-12-10 10:00:00
O012883,C01416,P0080,4,2027-12-10 12:00:00
O012884,C02839,P0063,5,2027-12-10 14:00:00
O012885,C01653,P0057,1,2027-12-10 16:00:00
O012886,C02666,P0029,2,2027-12-10 18:00:00
O012887,C00419,P0001,5,2027-12-10 20:00:00
O012888,C02357,P0082,5,2027-12-10 22:00:00
O012889,C00864,P0059,4,2027-12-11 00:00:00
O012890,C00186,P0064,3,2027-12-11 02:00:00
O012891,C00261,P0086,3,2027-12-11 04:00:00
O012892,C01552,P0072,4,2027-12-11 06:00:00
O012893,C01297,P0071,5,2027-12-11 08:00:00
O012894,C02208,P0089,1,2027-12-11 10:00:00
O012895,C02918,P0094,5,2027-12-11 12:00:00
O012896,C00762,P0098,4,2027-12-11 14:00:00
O012897,C00224,P0044,5,2027-12-11 16:00:00
O012898,C01280,P0048,5,2027-12-11 18:00:00
O012899,C00180,P0075,5,2027-12-11 20:00:00
O012900,C02068,P0015,5,2027-12-11 22:00:00
O012901,C01648,P0035,1,2027-12-12 00:00:00
O012902,C00632,P0023,2,2027-12-12 02:00:00
O012903,C01537,P0053,2,2027-12-12 04:00:00
O012904,C02106,P0045,3,2027-12-12 06:00:00
O012905,C02771,P0085,2,2027-12-12 08:00:00
O012906,C01964,P0092,2,2027-12-12 10:00:00
O012907,C00615,P0013,2,2027-12-12 12:00:00
O012908,C00562,P0034,5,2027-12-12 14:00:00
O012909,C02422,P0038,5,2027-12-12 16:00:00
O012910,C00622,P0070,1,2027-12-12 18:00:00
O012911,C02136,P0068,5,2027-12-12 20:00:00
O012912,C01014,P0005,5,2027-12-12 22:00:00
O012913,C02062,P0040,2,2027-12-13 00:00:00
O012914,C02181,P0070,1,2027-12-13 02:00:00
O012915,C01961,P0021,1,2027-12-13 04:00:00
O012916,C01058,P0028,2,2027-12-13 06:00:00
O012917,C02940,P0003,2,2027-12-13 08:00:00
O012918,C00592,P0023,1,2027-12-13 10:00:00
O012919,C00583,P0072,4,2027-12-13 12:00:00
O012920,C01614,P0019,2,2027-12-13 14:00:00
O012921,C01102,P0075,2,2027-12-13 16:00:00
O012922,C00289,P0050,1,2027-12-13 18:00:00
O012923,C01569,P0074,4,2027-12-13 20:00:00
O012924,C02927,P0058,4,2027-12-13 22:00:00
O012925,C01444,P0092,3,2027-12-14 00:00:00
O012926,C00007,P0020,4,2027-12-14 02:00:00
O012927,C01184,P0092,2,2027-12-14 04:00:00
O012928,C00240,P0093,5,2027-12-14 06:00:00
O012929,C01987,P0072,1,2027-12-14 08:00:00
O012930,C01447,P0083,2,2027-12-14 10:00:00
O012931,C02584,P0053,1,2027-12-14 12:00:00
O012932,C01750,P0085,4,2027-12-14 14:00:00
O012933,C02118,P0082,1,2027-12-14 16:00:00
O012934,C01904,P0009,2,2027-12-14 18:00:00
O012935,C02264,P0004,5,2027-12-14 20:00:00
O012936,C01078,P0041,2,2027-12-14 22:00:00
O012937,C02854,P0025,3,2027-12-15 00:00:00
O012938,C02378,P0034,1,2027-12-15 02:00:00
O012939,C00848,P0073,2,2027-12-15 04:00:00
O012940,C01312,P0009,4,2027-12-15 06:00:00
O012941,C02093,P0082,4,2027-12-15 08:00:00
O012942,C02877,P0075,2,2027-12-15 10:00:00
O012943,C02246,P0013,3,2027-12-15 12:00:00
O012944,C01240,P0009,1,2027-12-15 14:00:00
O012945,C01505,P0080,3,2027-12-15 16:00:00
O012946,C01333,P0004,5,2027-12-15 18:00:00
O012947,C02944,P0034,2,2027-12-15 20:00:00
O012948,C02380,P0007,3,2027-12-15 22:00:00
O012949,C00696,P0015,5,2027-12-16 00:00:00
O012950,C00027,P0038,3,2027-12-16 02:00:00
O012951,C02366,P0075,5,2027-12-16 04:00:00
O012952,C02413,P0096,4,2027-12-16 06:00:00
O012953,C00960,P0091,4,2027-12-16 08:00:00
O012954,C01527,P0094,2,2027-12-16 10:00:00
O012955,C01869,P0052,3,2027-12-16 12:00:00
O012956,C00373,P0081,4,2027-12-16 14:00:00
O012957,C01950,P0100,1,2027-12-16 16:00:00
O012958,C00245,P0083,4,2027-12-16 18:00:00
O012959,C01841,P0007,4,2027-12-16 20:00:00
O012960,C01677,P0045,3,2027-12-16 22:00:00
O012961,C02526,P0059,5,2027-12-17 00:00:00
O012962,C00125,P0021,1,2027-12-17 02:00:00
O012963,C00537,P0028,1,2027-12-17 04:00:00
O012964,C02754,P0003,5,2027-12-17 06:00:00
O012965,C01920,P0014,3,2027-12-17 08:00:00
O012966,C01636,P0002,4,2027-12-17 10:00:00
O012967,C01426,P0029,5,2027-12-17 12:00:00
O012968,C01541,P0018,1,2027-12-17 14:00:00
O012969,C00531,P0037,1,2027-12-17 16:00:00
O012970,C02834,P0045,4,2027-12-17 18:00:00
O012971,C00254,P0045,4,2027-12-17 20:00:00
O012972,C02169,P0024,2,2027-12-17 22:00:00
O012973,C00661,P0046,5,2027-12-18 00:00:00
O012974,C01802,P0012,4,2027-12-18 02:00:00
O012975,C01061,P0053,2,2027-12-18 04:00:00
O012976,C01366,P0045,3,2027-12-18 06:00:00
O012977,C01037,P0032,1,2027-12-18 08:00:00
O012978,C01207,P0018,5,2027-12-18 10:00:00
O012979,C02136,P0013,3,2027-12-18 12:00:00
O012980,C02094,P0004,5,2027-12-18 14:00:00
O012981,C01143,P0023,5,2027-12-18 16:00:00
O012982,C02981,P0062,4,2027-12-18 18:00:00
O012983,C01555,P0054,2,2027-12-18 20:00:00
O012984,C01756,P0074,5,2027-12-18 22:00:00
O012985,C01966,P0055,3,2027-12-19 00:00:00
O012986,C00745,P0069,5,2027-12-19 02:00:00
O012987,C01630,P0040,2,2027-12-19 04:00:00
O012988,C00967,P0014,1,2027-12-19 06:00:00
O012989,C00763,P0098,5,2027-12-19 08:00:00
O012990,C02810,P0028,3,2027-12-19 10:00:00
O012991,C00794,P0072,1,2027-12-19 12:00:00
O012992,C00744,P0080,1,2027-12-19 14:00:00
O012993,C01070,P0095,4,2027-12-19 16:00:00
O012994,C01532,P0071,4,2027-12-19 18:00:00
O012995,C00558,P0067,5,2027-12-19 20:00:00
O012996,C01995,P0029,3,2027-12-19 22:00:00
O012997,C00526,P0100,4,2027-12-20 00:00:00
O012998,C02645,P0061,2,2027-12-20 02:00:00
O012999,C00840,P0068,2,2027-12-20 04:00:00
O013000,C00003,P0009,1,2027-12-20 06:00:00
O013001,C01052,P0017,1,2027-12-20 08:00:00
O013002,C01405,P0049,1,2027-12-20 10:00:00
O013003,C00157,P0063,2,2027-12-20 12:00:00
O013004,C02903,P0084,4,2027-12-20 14:00:00
O013005,C01938,P0078,4,2027-12-20 16:00:00
O013006,C01955,P0046,5,2027-12-20 18:00:00
O013007,C00511,P0093,3,2027-12-20 20:00:00
O013008,C00687,P0013,2,2027-12-20 22:00:00
O013009,C01138,P0100,1,2027-12-21 00:00:00
O013010,C01413,P0045,3,2027-12-21 02:00:00
O013011,C01511,P0053,1,2027-12-21 04:00:00
O013012,C00571,P0017,3,2027-12-21 06:00:00
O013013,C00715,P0047,3,2027-12-21 08:00:00
O013014,C01339,P0062,4,2027-12-21 10:00:00
O013015,C02287,P0050,5,2027-12-21 12:00:00
O013016,C02351,P0043,5,2027-12-21 14:00:00
O013017,C02655,P0068,1,2027-12-21 16:00:00
O013018,C00991,P0084,2,2027-12-21 18:00:00
O013019,C00334,P0075,5,2027-12-21 20:00:00
O013020,C02161,P0086,2,2027-12-21 22:00:00
O013021,C01645,P0072,1,2027-12-22 00:00:00
O013022,C00362,P0028,2,2027-12-22 02:00:00
O013023,C01881,P0045,3,2027-12-22 04:00:00
O013024,C02849,P0041,3,2027-12-22 06:00:00
O013025,C02145,P0094,1,2027-12-22 08:00:00
O013026,C01982,P0097,2,2027-12-22 10:00:00
O013027,C02064,P0097,2,2027-12-22 12:00:00
O013028,C02604,P0036,1,2027-12-22 14:00:00
O013029,C01978,P0091,5,2027-12-22 16:00:00
O013030,C00376,P0084,4,2027-12-22 18:00:00
O013031,C00742,P0033,5,2027-12-22 20:00:00
O013032,C00390,P0025,4,2027-12-22 22:00:00
O013033,C02668,P0019,2,2027-12-23 00:00:00
O013034,C01241,P0047,4,2027-12-23 02:00:00
O013035,C00824,P0085,4,2027-12-23 04:00:00
O013036,C02368,P0033,2,2027-12-23 06:00:00
O013037,C02244,P0067,3,2027-12-23 08:00:00
O013038,C00418,P0014,4,2027-12-23 10:00:00
O013039,C00607,P0079,1,2027-12-23 12:00:00
O013040,C00568,P0033,5,2027-12-23 14:00:00
O013041,C00544,P0042,2,2027-12-23 16:00:00
O013042,C02279,P0086,2,2027-12-23 18:00:00
O013043,C00884,P0065,4,2027-12-23 20:00:00
O013044,C02569,P0095,3,2027-12-23 22:00:00
O013045,C00703,P0047,3,2027-12-24 00:00:00
O013046,C01224,P0035,5,2027-12-24 02:00:00
O013047,C02894,P0084,5,2027-12-24 04:00:00
O013048,C02721,P0032,3,2027-12-24 06:00:00
O013049,C01623,P0055,3,2027-12-24 08:00:00
O013050,C02069,P0054,3,2027-12-24 10:00:00
O013051,C02636,P0076,4,2027-12-24 12:00:00
O013052,C02946,P0051,1,2027-12-24 14:00:00
O013053,C01787,P0080,5,2027-12-24 16:00:00
O013054,C01620,P0059,2,2027-12-24 18:00:00
O013055,C01458,P0072,3,2027-12-24 20:00:00
O013056,C02419,P0014,3,2027-12-24 22:00:00
O013057,C01584,P0018,1,2027-12-25 00:00:00
O013058,C01915,P0055,3,2027-12-25 02:00:00
O013059,C00078,P0094,5,2027-12-25 04:00:00
O013060,C01309,P0097,3,2027-12-25 06:00:00
O013061,C00648,P0098,1,2027-12-25 08:00:00
O013062,C02188,P0056,4,2027-12-25 10:00:00
O013063,C00553,P0049,5,2027-12-25 12:00:00
O013064,C00998,P0098,4,2027-12-25 14:00:00
O013065,C00282,P0060,2,2027-12-25 16:00:00
O013066,C01282,P0053,1,2027-12-25 18:00:00
O013067,C01847,P0071,2,2027-12-25 20:00:00
O013068,C01384,P0006,2,2027-12-25 22:00:00
O013069,C02488,P0070,2,2027-12-26 00:00:00
O013070,C02318,P0086,2,2027-12-26 02:00:00
O013071,C01158,P0008,1,2027-12-26 04:00:00
O013072,C02794,P0015,4,2027-12-26 06:00:00
O013073,C00104,P0026,3,2027-12-26 08:00:00
O013074,C00766,P0039,2,2027-12-26 10:00:00
O013075,C02143,P0003,3,2027-12-26 12:00:00
O013076,C02777,P0057,3,2027-12-26 14:00:00
O013077,C01597,P0010,2,2027-12-26 16:00:00
O013078,C00480,P0003,5,2027-12-26 18:00:00
O013079,C02828,P0094,3,2027-12-26 20:00:00
O013080,C02061,P0046,5,2027-12-26 22:00:00
O013081,C01964,P0022,4,2027-12-27 00:00:00
O013082,C02649,P0067,3,2027-12-27 02:00:00
O013083,C02143,P0065,1,2027-12-27 04:00:00
O013084,C02341,P0097,4,2027-12-27 06:00:00
O013085,C02073,P0019,4,2027-12-27 08:00:00
O013086,C01296,P0100,5,2027-12-27 10:00:00
O013087,C01529,P0062,2,2027-12-27 12:00:00
O013088,C01190,P0098,1,2027-12-27 14:00:00
O013089,C00939,P0057,1,2027-12-27 16:00:00
O013090,C00762,P0095,5,2027-12-27 18:00:00
O013091,C00654,P0088,5,2027-12-27 20:00:00
O013092,C01670,P0076,4,2027-12-27 22:00:00
O013093,C02686,P0013,5,2027-12-28 00:00:00
O013094,C02539,P0016,2,2027-12-28 02:00:00
O013095,C01932,P0016,4,2027-12-28 04:00:00
O013096,C01127,P0052,4,2027-12-28 06:00:00
O013097,C01926,P0084,4,2027-12-28 08:00:00
O013098,C00575,P0041,1,2027-12-28 10:00:00
O013099,C02342,P0048,1,2027-12-28 12:00:00
O013100,C02944,P0091,4,2027-12-28 14:00:00
O013101,C01330,P0039,2,2027-12-28 16:00:00
O013102,C01278,P0013,3,2027-12-28 18:00:00
O013103,C01204,P0004,4,2027-12-28 20:00:00
O013104,C00040,P0096,5,2027-12-28 22:00:00
O013105,C02824,P0098,3,2027-12-29 00:00:00
O013106,C00520,P0043,1,2027-12-29 02:00:00
O013107,C01640,P0081,1,2027-12-29 04:00:00
O013108,C02594,P0088,3,2027-12-29 06:00:00
O013109,C02284,P0093,5,2027-12-29 08:00:00
O013110,C00463,P0046,1,2027-12-29 10:00:00
O013111,C01252,P0092,1,2027-12-29 12:00:00
O013112,C01849,P0047,4,2027-12-29 14:00:00
O013113,C00483,P0086,2,2027-12-29 16:00:00
O013114,C02478,P0092,5,2027-12-29 18:00:00
O013115,C00343,P0053,4,2027-12-29 20:00:00
O013116,C01197,P0025,2,2027-12-29 22:00:00
O013117,C01463,P0041,1,2027-12-30 00:00:00
O013118,C01203,P0003,2,2027-12-30 02:00:00
O013119,C01622,P0077,1,2027-12-30 04:00:00
O013120,C02181,P0095,4,2027-12-30 06:00:00
O013121,C02399,P0013,1,2027-12-30 08:00:00
O013122,C02554,P0018,2,2027-12-30 10:00:00
O013123,C02132,P0037,4,2027-12-30 12:00:00
O013124,C00993,P0043,2,2027-12-30 14:00:00
O013125,C02878,P0034,2,2027-12-30 16:00:00
O013126,C02909,P0081,3,2027-12-30 18:00:00
O013127,C02391,P0055,1,2027-12-30 20:00:00
O013128,C02914,P0052,1,2027-12-30 22:00:00
O013129,C01190,P0085,2,2027-12-31 00:00:00
O013130,C02341,P0036,1,2027-12-31 02:00:00
O013131,C01604,P0054,5,2027-12-31 04:00:00
O013132,C01194,P0059,1,2027-12-31 06:00:00
O013133,C00598,P0052,4,2027-12-31 08:00:00
O013134,C00645,P0019,1,2027-12-31 10:00:00
O013135,C00448,P0012,5,2027-12-31 12:00:00
O013136,C02738,P0092,2,2027-12-31 14:00:00
O013137,C02903,P0011,1,2027-12-31 16:00:00
O013138,C02550,P0048,4,2027-12-31 18:00:00
O013139,C00764,P0092,5,2027-12-31 20:00:00
O013140,C00735,P0099,3,2027-12-31 22:00:00
O013141,C01643,P0079,2,2028-01-01 00:00:00
O013142,C02298,P0016,2,2028-01-01 02:00:00
O013143,C00601,P0071,2,2028-01-01 04:00:00
O013144,C02173,P0047,5,2028-01-01 06:00:00
O013145,C02161,P0067,1,2028-01-01 08:00:00
O013146,C00981,P0031,1,2028-01-01 10:00:00
O013147,C01783,P0076,1,2028-01-01 12:00:00
O013148,C02198,P0008,1,2028-01-01 14:00:00
O013149,C02923,P0089,2,2028-01-01 16:00:00
O013150,C02391,P0061,3,2028-01-01 18:00:00
O013151,C00580,P0044,2,2028-01-01 20:00:00
O013152,C00783,P0050,3,2028-01-01 22:00:00
O013153,C02369,P0035,3,2028-01-02 00:00:00
O013154,C02870,P0076,1,2028-01-02 02:00:00
O013155,C00532,P0061,4,2028-01-02 04:00:00
O013156,C01513,P0085,5,2028-01-02 06:00:00
O013157,C02540,P0090,4,2028-01-02 08:00:00
O013158,C00612,P0055,3,2028-01-02 10:00:00
O013159,C02300,P0066,4,2028-01-02 12:00:00
O013160,C02006,P0014,3,2028-01-02 14:00:00
O013161,C01101,P0004,2,2028-01-02 16:00:00
O013162,C01671,P0017,2,2028-01-02 18:00:00
O013163,C01416,P0069,1,2028-01-02 20:00:00
O013164,C01436,P0024,5,2028-01-02 22:00:00
O013165,C02221,P0049,2,2028-01-03 00:00:00
O013166,C00875,P0055,5,2028-01-03 02:00:00
O013167,C02249,P0071,1,2028-01-03 04:00:00
O013168,C00217,P0023,5,2028-01-03 06:00:00
O013169,C00376,P0081,2,2028-01-03 08:00:00
O013170,C01610,P0012,2,2028-01-03 10:00:00
O013171,C00011,P0011,4,2028-01-03 12:00:00
O013172,C02940,P0075,4,2028-01-03 14:00:00
O013173,C01614,P0098,4,2028-01-03 16:00:00
O013174,C02483,P0029,5,2028-01-03 18:00:00
O013175,C00818,P0062,2,2028-01-03 20:00:00
O013176,C01297,P0053,1,2028-01-03 22:00:00
O013177,C02979,P0048,3,2028-01-04 00:00:00
O013178,C00691,P0100,2,2028-01-04 02:00:00
O013179,C01600,P0091,4,2028-01-04 04:00:00
O013180,C01533,P0086,4,2028-01-04 06:00:00
O013181,C01156,P0066,5,2028-01-04 08:00:00
O013182,C02903,P0100,4,2028-01-04 10:00:00
O013183,C01948,P0048,5,2028-01-04 12:00:00
O013184,C00784,P0094,1,2028-01-04 14:00:00
O013185,C02367,P0059,4,2028-01-04 16:00:00
O013186,C02892,P0071,5,2028-01-04 18:00:00
O013187,C01973,P0057,4,2028-01-04 20:00:00
O013188,C01877,P0076,5,2028-01-04 22:00:00
O013189,C02669,P0003,2,2028-01-05 00:00:00
O013190,C00785,P0081,5,2028-01-05 02:00:00
O013191,C00397,P0032,3,2028-01-05 04:00:00
O013192,C01082,P0008,1,2028-01-05 06:00:00
O013193,C01504,P0087,2,2028-01-05 08:00:00
O013194,C02034,P0030,1,2028-01-05 10:00:00
O013195,C01615,P0015,2,2028-01-05 12:00:00
O013196,C00460,P0074,4,2028-01-05 14:00:00
O013197,C02109,P0055,5,2028-01-05 16:00:00
O013198,C02417,P0038,4,2028-01-05 18:00:00
O013199,C02767,P0015,1,2028-01-05 20:00:00
O013200,C00546,P0030,1,2028-01-05 22:00:00
O013201,C02544,P0046,2,2028-01-06 00:00:00
O013202,C00497,P0064,1,2028-01-06 02:00:00
O013203,C00505,P0026,5,2028-01-06 04:00:00
O013204,C01093,P0078,1,2028-01-06 06:00:00
O013205,C02209,P0067,4,2028-01-06 08:00:00
O013206,C01638,P0036,5,2028-01-06 10:00:00
O013207,C00718,P0090,1,2028-01-06 12:00:00
O013208,C01593,P0078,3,2028-01-06 14:00:00
O013209,C01409,P0031,3,2028-01-06 16:00:00
O013210,C00269,P0078,4,2028-01-06 18:00:00
O013211,C01947,P0040,2,2028-01-06 20:00:00
O013212,C01478,P0074,2,2028-01-06 22:00:00
O013213,C02747,P0073,1,2028-01-07 00:00:00
O013214,C01542,P0046,5,2028-01-07 02:00:00
O013215,C00865,P0042,2,2028-01-07 04:00:00
O013216,C02398,P0018,3,2028-01-07 06:00:00
O013217,C00110,P0100,2,2028-01-07 08:00:00
O013218,C02455,P0036,3,2028-01-07 10:00:00
O013219,C00650,P0076,2,2028-01-07 12:00:00
O013220,C02099,P0050,4,2028-01-07 14:00:00
O013221,C01500,P0061,5,2028-01-07 16:00:00
O013222,C01111,P0040,1,2028-01-07 18:00:00
O013223,C00596,P0003,3,2028-01-07 20:00:00
O013224,C00979,P0082,2,2028-01-07 22:00:00
O013225,C00731,P0007,1,2028-01-08 00:00:00
O013226,C00057,P0031,3,2028-01-08 02:00:00
O013227,C02786,P0065,3,2028-01-08 04:00:00
O013228,C02244,P0095,4,2028-01-08 06:00:00
O013229,C01784,P0064,2,2028-01-08 08:00:00
O013230,C01702,P0077,1,2028-01-08 10:00:00
O013231,C01287,P0093,2,2028-01-08 12:00:00
O013232,C00112,P0003,2,2028-01-08 14:00:00
O013233,C02813,P0093,5,2028-01-08 16:00:00
O013234,C00711,P0035,3,2028-01-08 18:00:00
O013235,C01202,P0015,3,2028-01-08 20:00:00
O013236,C00948,P0021,5,2028-01-08 22:00:00
O013237,C00026,P0062,5,2028-01-09 00:00:00
O013238,C02458,P0083,2,2028-01-09 02:00:00
O013239,C00758,P0028,3,2028-01-09 04:00:00
O013240,C02579,P0004,1,2028-01-09 06:00:00
O013241,C01801,P0013,4,2028-01-09 08:00:00
O013242,C01556,P0079,5,2028-01-09 10:00:00
O013243,C02797,P0051,1,2028-01-09 12:00:00
O013244,C01842,P0048,1,2028-01-09 14:00:00
O013245,C02294,P0039,2,2028-01-09 16:00:00
O013246,C01105,P0096,5,2028-01-09 18:00:00
O013247,C00662,P0067,1,2028-01-09 20:00:00
O013248,C00909,P0094,4,2028-01-09 22:00:00
O013249,C02444,P0058,1,2028-01-10 00:00:00
O013250,C00522,P0084,4,2028-01-10 02:00:00
O013251,C01857,P0002,4,2028-01-10 04:00:00
O013252,C01760,P0025,4,2028-01-10 06:00:00
O013253,C02974,P0011,5,2028-01-10 08:00:00
O013254,C02312,P0001,4,2028-01-10 10:00:00
O013255,C00790,P0048,5,2028-01-10 12:00:00
O013256,C01298,P0048,1,2028-01-10 14:00:00
O013257,C01730,P0010,4,2028-01-10 16:00:00
O013258,C00172,P0081,3,2028-01-10 18:00:00
O013259,C00265,P0030,1,2028-01-10 20:00:00
O013260,C01987,P0035,3,2028-01-10 22:00:00
O013261,C01050,P0019,3,2028-01-11 00:00:00
O013262,C01493,P0053,2,2028-01-11 02:00:00
O013263,C01886,P0034,5,2028-01-11 04:00:00
O013264,C00476,P0032,2,2028-01-11 06:00:00
O013265,C02404,P0076,5,2028-01-11 08:00:00
O013266,C01050,P0081,2,2028-01-11 10:00:00
O013267,C00034,P0006,1,2028-01-11 12:00:00
O013268,C02312,P0013,3,2028-01-11 14:00:00
O013269,C01162,P0086,1,2028-01-11 16:00:00
O013270,C00816,P0075,5,2028-01-11 18:00:00
O013271,C02923,P0064,3,2028-01-11 20:00:00
O013272,C00754,P0007,3,2028-01-11 22:00:00
O013273,C00566,P0045,5,2028-01-12 00:00:00
O013274,C00462,P0045,1,2028-01-12 02:00:00
O013275,C01655,P0085,3,2028-01-12 04:00:00
O013276,C02703,P0065,1,2028-01-12 06:00:00
O013277,C00081,P0094,1,2028-01-12 08:00:00
O013278,C02805,P0019,1,2028-01-12 10:00:00
O013279,C01938,P0047,3,2028-01-12 12:00:00
O013280,C00870,P0046,4,2028-01-12 14:00:00
O013281,C01431,P0029,2,2028-01-12 16:00:00
O013282,C01070,P0099,5,2028-01-12 18:00:00
O013283,C00599,P0084,1,2028-01-12 20:00:00
O013284,C01635,P0100,3,2028-01-12 22:00:00
O013285,C00807,P0061,5,2028-01-13 00:00:00
O013286,C01935,P0065,4,2028-01-13 02:00:00
O013287,C01077,P0023,4,2028-01-13 04:00:00
O013288,C00704,P0095,3,2028-01-13 06:00:00
O013289,C02524,P0051,1,2028-01-13 08:00:00
O013290,C02640,P0063,4,2028-01-13 10:00:00
O013291,C02064,P0099,4,2028-01-13 12:00:00
O013292,C00487,P0022,4,2028-01-13 14:00:00
O013293,C00706,P0071,3,2028-01-13 16:00:00
O013294,C01526,P0033,5,2028-01-13 18:00:00
O013295,C01165,P0100,2,2028-01-13 20:00:00
O013296,C00620,P0044,3,2028-01-13 22:00:00
O013297,C00777,P0007,1,2028-01-14 00:00:00
O013298,C00447,P0091,3,2028-01-14 02:00:00
O013299,C02338,P0002,3,2028-01-14 04:00:00
O013300,C00209,P0017,2,2028-01-14 06:00:00
O013301,C01499,P0065,2,2028-01-14 08:00:00
O013302,C02461,P0058,2,2028-01-14 10:00:00
O013303,C02725,P0030,5,2028-01-14 12:00:00
O013304,C01451,P0086,3,2028-01-14 14:00:00
O013305,C01878,P0092,1,2028-01-14 16:00:00
O013306,C02712,P0097,2,2028-01-14 18:00:00
O013307,C02338,P0026,2,2028-01-14 20:00:00
O013308,C01292,P0035,3,2028-01-14 22:00:00
O013309,C02199,P0063,1,2028-01-15 00:00:00
O013310,C01743,P0075,2,2028-01-15 02:00:00
O013311,C01279,P0071,3,2028-01-15 04:00:00
O013312,C01401,P0028,4,2028-01-15 06:00:00
O013313,C01677,P0025,5,2028-01-15 08:00:00
O013314,C00855,P0061,3,2028-01-15 10:00:00
O013315,C01382,P0031,2,2028-01-15 12:00:00
O013316,C02656,P0054,1,2028-01-15 14:00:00
O013317,C02418,P0067,4,2028-01-15 16:00:00
O013318,C00705,P0097,1,2028-01-15 18:00:00
O013319,C00826,P0051,1,2028-01-15 20:00:00
O013320,C01005,P0058,1,2028-01-15 22:00:00
O013321,C00377,P0034,3,2028-01-16 00:00:00
O013322,C00973,P0059,3,2028-01-16 02:00:00
O013323,C00118,P0021,5,2028-01-16 04:00:00
O013324,C00444,P0056,4,2028-01-16 06:00:00
O013325,C00755,P0037,1,2028-01-16 08:00:00
O013326,C00640,P0064,2,2028-01-16 10:00:00
O013327,C02172,P0019,1,2028-01-16 12:00:00
O013328,C02706,P0085,4,2028-01-16 14:00:00
O013329,C01301,P0078,1,2028-01-16 16:00:00
O013330,C02870,P0074,3,2028-01-16 18:00:00
O013331,C02712,P0053,3,2028-01-16 20:00:00
O013332,C02408,P0071,4,2028-01-16 22:00:00
O013333,C00623,P0093,5,2028-01-17 00:00:00
O013334,C01493,P0063,1,2028-01-17 02:00:00
O013335,C02009,P0062,4,2028-01-17 04:00:00
O013336,C01652,P0072,2,2028-01-17 06:00:00
O013337,C01724,P0077,2,2028-01-17 08:00:00
O013338,C01920,P0019,5,2028-01-17 10:00:00
O013339,C00919,P0075,3,2028-01-17 12:00:00
O013340,C01174,P0002,4,2028-01-17 14:00:00
O013341,C02500,P0006,1,2028-01-17 16:00:00
O013342,C01186,P0029,4,2028-01-17 18:00:00
O013343,C00120,P0041,5,2028-01-17 20:00:00
O013344,C00582,P0051,4,2028-01-17 22:00:00
O013345,C01948,P0005,5,2028-01-18 00:00:00
O013346,C02147,P0041,5,2028-01-18 02:00:00
O013347,C01191,P0062,5,2028-01-18 04:00:00
O013348,C01687,P0030,4,2028-01-18 06:00:00
O013349,C02000,P0062,2,2028-01-18 08:00:00
O013350,C02562,P0100,1,2028-01-18 10:00:00
O013351,C02712,P0027,5,2028-01-18 12:00:00
O013352,C00401,P0050,3,2028-01-18 14:00:00
O013353,C02413,P0082,5,2028-01-18 16:00:00
O013354,C01350,P0052,4,2028-01-18 18:00:00
O013355,C02629,P0049,5,2028-01-18 20:00:00
O013356,C01657,P0062,3,2028-01-18 22:00:00
O013357,C00621,P0100,2,2028-01-19 00:00:00
O013358,C02876,P0060,4,2028-01-19 02:00:00
O013359,C00247,P0080,4,2028-01-19 04:00:00
O013360,C02482,P0054,4,2028-01-19 06:00:00
O013361,C01117,P0005,3,2028-01-19 08:00:00
O013362,C02663,P0009,4,2028-01-19 10:00:00
O013363,C02991,P0034,2,2028-01-19 12:00:00
O013364,C00624,P0098,1,2028-01-19 14:00:00
O013365,C02369,P0036,1,2028-01-19 16:00:00
O013366,C01840,P0095,5,2028-01-19 18:00:00
O013367,C02904,P0020,1,2028-01-19 20:00:00
O013368,C02110,P0081,3,2028-01-19 22:00:00
O013369,C00300,P0084,1,2028-01-20 00:00:00
O013370,C00403,P0092,3,2028-01-20 02:00:00
O013371,C01672,P0085,3,2028-01-20 04:00:00
O013372,C00253,P0083,5,2028-01-20 06:00:00
O013373,C01758,P0063,1,2028-01-20 08:00:00
O013374,C02526,P0067,5,2028-01-20 10:00:00
O013375,C01393,P0030,4,2028-01-20 12:00:00
O013376,C01965,P0069,2,2028-01-20 14:00:00
O013377,C00160,P0070,1,2028-01-20 16:00:00
O013378,C00205,P0003,4,2028-01-20 18:00:00
O013379,C01162,P0049,4,2028-01-20 20:00:00
O013380,C01392,P0042,5,2028-01-20 22:00:00
O013381,C00858,P0024,5,2028-01-21 00:00:00
O013382,C00760,P0044,2,2028-01-21 02:00:00
O013383,C01591,P0001,2,2028-01-21 04:00:00
O013384,C02769,P0054,2,2028-01-21 06:00:00
O013385,C02116,P0052,2,2028-01-21 08:00:00
O013386,C00133,P0036,5,2028-01-21 10:00:00
O013387,C01724,P0079,3,2028-01-21 12:00:00
O013388,C02967,P0038,5,2028-01-21 14:00:00
O013389,C00430,P0044,3,2028-01-21 16:00:00
O013390,C02356,P0082,5,2028-01-21 18:00:00
O013391,C02698,P0087,5,2028-01-21 20:00:00
O013392,C01198,P0047,2,2028-01-21 22:00:00
O013393,C02460,P0029,3,2028-01-22 00:00:00
O013394,C00097,P0051,4,2028-01-22 02:00:00
O013395,C01707,P0041,4,2028-01-22 04:00:00
O013396,C01178,P0086,4,2028-01-22 06:00:00
O013397,C01719,P0064,2,2028-01-22 08:00:00
O013398,C01266,P0088,4,2028-01-22 10:00:00
O013399,C01328,P0048,5,2028-01-22 12:00:00
O013400,C01309,P0077,2,2028-01-22 14:00:00
O013401,C01051,P0097,4,2028-01-22 16:00:00
O013402,C01384,P0022,2,2028-01-22 18:00:00
O013403,C02250,P0099,5,2028-01-22 20:00:00
O013404,C02810,P0017,2,2028-01-22 22:00:00
O013405,C02922,P0086,4,2028-01-23 00:00:00
O013406,C00581,P0005,2,2028-01-23 02:00:00
O013407,C02418,P0061,1,2028-01-23 04:00:00
O013408,C00533,P0089,4,2028-01-23 06:00:00
O013409,C01176,P0006,5,2028-01-23 08:00:00
O013410,C01126,P0053,3,2028-01-23 10:00:00
O013411,C00899,P0081,2,2028-01-23 12:00:00
O013412,C02655,P0095,2,2028-01-23 14:00:00
O013413,C01470,P0017,4,2028-01-23 16:00:00
O013414,C02921,P0059,4,2028-01-23 18:00:00
O013415,C01253,P0097,1,2028-01-23 20:00:00
O013416,C00770,P0039,5,2028-01-23 22:00:00
O013417,C00834,P0054,2,2028-01-24 00:00:00
O013418,C01905,P0048,2,2028-01-24 02:00:00
O013419,C02986,P0037,3,2028-01-24 04:00:00
O013420,C02284,P0048,2,2028-01-24 06:00:00
O013421,C02210,P0068,2,2028-01-24 08:00:00
O013422,C00554,P0078,1,2028-01-24 10:00:00
O013423,C02836,P0077,3,2028-01-24 12:00:00
O013424,C01092,P0027,2,2028-01-24 14:00:00
O013425,C01197,P0088,2,2028-01-24 16:00:00
O013426,C01661,P0027,5,2028-01-24 18:00:00
O013427,C00559,P0072,2,2028-01-24 20:00:00
O013428,C00261,P0063,1,2028-01-24 22:00:00
O013429,C02265,P0052,2,2028-01-25 00:00:00
O013430,C01841,P0047,2,2028-01-25 02:00:00
O013431,C01148,P0021,4,2028-01-25 04:00:00
O013432,C00805,P0057,2,2028-01-25 06:00:00
O013433,C01186,P0075,3,2028-01-25 08:00:00
O013434,C02249,P0095,4,2028-01-25 10:00:00
O013435,C02450,P0091,3,2028-01-25 12:00:00
O013436,C00275,P0042,3,2028-01-25 14:00:00
O013437,C00206,P0048,1,2028-01-25 16:00:00
O013438,C01724,P0027,2,2028-01-25 18:00:00
O013439,C00867,P0072,3,2028-01-25 20:00:00
O013440,C00093,P0033,2,2028-01-25 22:00:00
O013441,C01066,P0076,2,2028-01-26 00:00:00
O013442,C02427,P0035,1,2028-01-26 02:00:00
O013443,C01352,P0098,1,2028-01-26 04:00:00
O013444,C02113,P0016,3,2028-01-26 06:00:00
O013445,C00365,P0036,3,2028-01-26 08:00:00
O013446,C00821,P0066,4,2028-01-26 10:00:00
O013447,C01508,P0076,2,2028-01-26 12:00:00
O013448,C02030,P0091,2,2028-01-26 14:00:00
O013449,C01925,P0056,1,2028-01-26 16:00:00
O013450,C02588,P0017,1,2028-01-26 18:00:00
O013451,C01086,P0020,3,2028-01-26 20:00:00
O013452,C02539,P0085,4,2028-01-26 22:00:00
O013453,C01297,P0094,4,2028-01-27 00:00:00
O013454,C02277,P0084,1,2028-01-27 02:00:00
O013455,C01044,P0008,1,2028-01-27 04:00:00
O013456,C00003,P0018,4,2028-01-27 06:00:00
O013457,C01754,P0018,4,2028-01-27 08:00:00
O013458,C00911,P0018,3,2028-01-27 10:00:00
O013459,C00307,P0002,4,2028-01-27 12:00:00
O013460,C02480,P0076,2,2028-01-27 14:00:00
O013461,C00136,P0096,4,2028-01-27 16:00:00
O013462,C01933,P0072,5,2028-01-27 18:00:00
O013463,C02563,P0051,4,2028-01-27 20:00:00
O013464,C02241,P0010,1,2028-01-27 22:00:00
O013465,C01609,P0075,1,2028-01-28 00:00:00
O013466,C01439,P0014,5,2028-01-28 02:00:00
O013467,C00873,P0026,2,2028-01-28 04:00:00
O013468,C01142,P0047,4,2028-01-28 06:00:00
O013469,C00666,P0030,4,2028-01-28 08:00:00
O013470,C00209,P0056,5,2028-01-28 10:00:00
O013471,C00952,P0042,3,2028-01-28 12:00:00
O013472,C01058,P0004,3,2028-01-28 14:00:00
O013473,C00649,P0011,2,2028-01-28 16:00:00
O013474,C01342,P0024,4,2028-01-28 18:00:00
O013475,C02168,P0086,4,2028-01-28 20:00:00
O013476,C00627,P0067,4,2028-01-28 22:00:00
O013477,C00525,P0037,1,2028-01-29 00:00:00
O013478,C01605,P0002,3,2028-01-29 02:00:00
O013479,C01869,P0012,5,2028-01-29 04:00:00
O013480,C00769,P0021,1,2028-01-29 06:00:00
O013481,C02560,P0069,1,2028-01-29 08:00:00
O013482,C02095,P0071,3,2028-01-29 10:00:00
O013483,C00772,P0064,4,2028-01-29 12:00:00
O013484,C00740,P0068,2,2028-01-29 14:00:00
O013485,C00522,P0043,5,2028-01-29 16:00:00
O013486,C01401,P0054,3,2028-01-29 18:00:00
O013487,C02182,P0100,2,2028-01-29 20:00:00
O013488,C00248,P0062,3,2028-01-29 22:00:00
O013489,C01342,P0086,3,2028-01-30 00:00:00
O013490,C02484,P0093,3,2028-01-30 02:00:00
O013491,C01859,P0073,3,2028-01-30 04:00:00
O013492,C00686,P0090,4,2028-01-30 06:00:00
O013493,C00586,P0012,1,2028-01-30 08:00:00
O013494,C02399,P0001,3,2028-01-30 10:00:00
O013495,C00143,P0072,2,2028-01-30 12:00:00
O013496,C00967,P0033,2,2028-01-30 14:00:00
O013497,C02852,P0064,2,2028-01-30 16:00:00
O013498,C00718,P0068,1,2028-01-30 18:00:00
O013499,C00643,P0014,1,2028-01-30 20:00:00
O013500,C02549,P0093,2,2028-01-30 22:00:00
O013501,C00370,P0014,4,2028-01-31 00:00:00
O013502,C01110,P0009,1,2028-01-31 02:00:00
O013503,C00787,P0073,1,2028-01-31 04:00:00
O013504,C02787,P0026,4,2028-01-31 06:00:00
O013505,C01484,P0049,3,2028-01-31 08:00:00
O013506,C00950,P0017,1,2028-01-31 10:00:00
O013507,C01349,P0068,2,2028-01-31 12:00:00
O013508,C00522,P0060,2,2028-01-31 14:00:00
O013509,C02537,P0003,4,2028-01-31 16:00:00
O013510,C01953,P0093,2,2028-01-31 18:00:00
O013511,C02445,P0025,5,2028-01-31 20:00:00
O013512,C02944,P0021,2,2028-01-31 22:00:00
O013513,C00355,P0012,4,2028-02-01 00:00:00
O013514,C00947,P0054,4,2028-02-01 02:00:00
O013515,C02336,P0001,4,2028-02-01 04:00:00
O013516,C01483,P0001,5,2028-02-01 06:00:00
O013517,C01648,P0045,1,2028-02-01 08:00:00
O013518,C00536,P0046,3,2028-02-01 10:00:00
O013519,C01315,P0048,2,2028-02-01 12:00:00
O013520,C02899,P0007,1,2028-02-01 14:00:00
O013521,C02886,P0010,4,2028-02-01 16:00:00
O013522,C02216,P0015,1,2028-02-01 18:00:00
O013523,C00950,P0040,1,2028-02-01 20:00:00
O013524,C00621,P0011,5,2028-02-01 22:00:00
O013525,C00428,P0056,4,2028-02-02 00:00:00
O013526,C01726,P0046,4,2028-02-02 02:00:00
O013527,C02538,P0045,2,2028-02-02 04:00:00
O013528,C02403,P0087,2,2028-02-02 06:00:00
O013529,C02244,P0013,2,2028-02-02 08:00:00
O013530,C00545,P0027,2,2028-02-02 10:00:00
O013531,C02765,P0081,1,2028-02-02 12:00:00
O013532,C00824,P0050,1,2028-02-02 14:00:00
O013533,C02980,P0061,2,2028-02-02 16:00:00
O013534,C01003,P0013,2,2028-02-02 18:00:00
O013535,C00659,P0012,2,2028-02-02 20:00:00
O013536,C02987,P0029,3,2028-02-02 22:00:00
O013537,C02828,P0085,2,2028-02-03 00:00:00
O013538,C02059,P0084,3,2028-02-03 02:00:00
O013539,C02444,P0020,2,2028-02-03 04:00:00
O013540,C00731,P0031,4,2028-02-03 06:00:00
O013541,C01833,P0008,5,2028-02-03 08:00:00
O013542,C00409,P0024,1,2028-02-03 10:00:00
O013543,C02410,P0075,4,2028-02-03 12:00:00
O013544,C00084,P0039,5,2028-02-03 14:00:00
O013545,C02204,P0033,3,2028-02-03 16:00:00
O013546,C00707,P0042,1,2028-02-03 18:00:00
O013547,C01962,P0015,3,2028-02-03 20:00:00
O013548,C02520,P0068,3,2028-02-03 22:00:00
O013549,C02667,P0065,1,2028-02-04 00:00:00
O013550,C01448,P0032,5,2028-02-04 02:00:00
O013551,C00134,P0011,1,2028-02-04 04:00:00
O013552,C00788,P0094,2,2028-02-04 06:00:00
O013553,C02955,P0037,3,2028-02-04 08:00:00
O013554,C00864,P0019,2,2028-02-04 10:00:00
O013555,C00667,P0051,1,2028-02-04 12:00:00
O013556,C00277,P0100,1,2028-02-04 14:00:00
O013557,C01776,P0034,5,2028-02-04 16:00:00
O013558,C00882,P0071,3,2028-02-04 18:00:00
O013559,C02061,P0060,4,2028-02-04 20:00:00
O013560,C02390,P0084,1,2028-02-04 22:00:00
O013561,C02083,P0053,4,2028-02-05 00:00:00
O013562,C02607,P0012,3,2028-02-05 02:00:00
O013563,C01238,P0062,2,2028-02-05 04:00:00
O013564,C02453,P0096,3,2028-02-05 06:00:00
O013565,C02706,P0066,5,2028-02-05 08:00:00
O013566,C00159,P0086,4,2028-02-05 10:00:00
O013567,C01134,P0048,4,2028-02-05 12:00:00
O013568,C02597,P0040,2,2028-02-05 14:00:00
O013569,C01852,P0024,2,2028-02-05 16:00:00
O013570,C00279,P0050,1,2028-02-05 18:00:00
O013571,C02527,P0095,3,2028-02-05 20:00:00
O013572,C00111,P0068,5,2028-02-05 22:00:00
O013573,C02479,P0088,1,2028-02-06 00:00:00
O013574,C00542,P0043,3,2028-02-06 02:00:00
O013575,C01139,P0017,2,2028-02-06 04:00:00
O013576,C00360,P0083,5,2028-02-06 06:00:00
O013577,C02420,P0055,2,2028-02-06 08:00:00
O013578,C01239,P0034,2,2028-02-06 10:00:00
O013579,C01757,P0097,4,2028-02-06 12:00:00
O013580,C00955,P0070,3,2028-02-06 14:00:00
O013581,C02307,P0060,1,2028-02-06 16:00:00
O013582,C02826,P0051,4,2028-02-06 18:00:00
O013583,C02168,P0100,3,2028-02-06 20:00:00
O013584,C00976,P0077,3,2028-02-06 22:00:00
O013585,C00913,P0073,3,2028-02-07 00:00:00
O013586,C01152,P0035,5,2028-02-07 02:00:00
O013587,C00723,P0034,4,2028-02-07 04:00:00
O013588,C02571,P0016,1,2028-02-07 06:00:00
O013589,C01712,P0082,4,2028-02-07 08:00:00
O013590,C00325,P0018,2,2028-02-07 10:00:00
O013591,C01530,P0038,3,2028-02-07 12:00:00
O013592,C01550,P0043,2,2028-02-07 14:00:00
O013593,C01074,P0032,4,2028-02-07 16:00:00
O013594,C01946,P0007,1,2028-02-07 18:00:00
O013595,C01608,P0087,2,2028-02-07 20:00:00
O013596,C02117,P0087,2,2028-02-07 22:00:00
O013597,C00391,P0046,5,2028-02-08 00:00:00
O013598,C02431,P0061,4,2028-02-08 02:00:00
O013599,C00016,P0018,2,2028-02-08 04:00:00
O013600,C00846,P0071,4,2028-02-08 06:00:00
O013601,C00869,P0040,1,2028-02-08 08:00:00
O013602,C00568,P0088,2,2028-02-08 10:00:00
O013603,C02180,P0078,1,2028-02-08 12:00:00
O013604,C02020,P0050,2,2028-02-08 14:00:00
O013605,C02321,P0005,3,2028-02-08 16:00:00
O013606,C01647,P0054,5,2028-02-08 18:00:00
O013607,C02532,P0086,5,2028-02-08 20:00:00
O013608,C02598,P0058,5,2028-02-08 22:00:00
O013609,C00357,P0022,1,2028-02-09 00:00:00
O013610,C01657,P0074,4,2028-02-09 02:00:00
O013611,C02281,P0090,5,2028-02-09 04:00:00
O013612,C00036,P0079,2,2028-02-09 06:00:00
O013613,C02461,P0038,2,2028-02-09 08:00:00
O013614,C01028,P0049,3,2028-02-09 10:00:00
O013615,C02092,P0001,1,2028-02-09 12:00:00
O013616,C02616,P0078,2,2028-02-09 14:00:00
O013617,C02788,P0036,2,2028-02-09 16:00:00
O013618,C00114,P0095,3,2028-02-09 18:00:00
O013619,C01773,P0028,3,2028-02-09 20:00:00
O013620,C02445,P0098,4,2028-02-09 22:00:00
O013621,C01198,P0035,4,2028-02-10 00:00:00
O013622,C01279,P0060,4,2028-02-10 02:00:00
O013623,C00466,P0062,2,2028-02-10 04:00:00
O013624,C01488,P0087,3,2028-02-10 06:00:00
O013625,C00847,P0046,1,2028-02-10 08:00:00
O013626,C00502,P0083,4,2028-02-10 10:00:00
O013627,C00441,P0082,5,2028-02-10 12:00:00
O013628,C02117,P0079,2,2028-02-10 14:00:00
O013629,C00326,P0061,1,2028-02-10 16:00:00
O013630,C01766,P0065,2,2028-02-10 18:00:00
O013631,C00067,P0089,4,2028-02-10 20:00:00
O013632,C00304,P0026,2,2028-02-10 22:00:00
O013633,C00972,P0035,4,2028-02-11 00:00:00
O013634,C00484,P0057,2,2028-02-11 02:00:00
O013635,C00929,P0079,4,2028-02-11 04:00:00
O013636,C01441,P0063,3,2028-02-11 06:00:00
O013637,C00149,P0004,3,2028-02-11 08:00:00
O013638,C02632,P0079,3,2028-02-11 10:00:00
O013639,C02296,P0042,3,2028-02-11 12:00:00
O013640,C01125,P0045,3,2028-02-11 14:00:00
O013641,C02750,P0039,5,2028-02-11 16:00:00
O013642,C00096,P0065,2,2028-02-11 18:00:00
O013643,C00282,P0022,3,2028-02-11 20:00:00
O013644,C02370,P0011,5,2028-02-11 22:00:00
O013645,C00529,P0037,5,2028-02-12 00:00:00
O013646,C02311,P0090,2,2028-02-12 02:00:00
O013647,C01643,P0051,2,2028-02-12 04:00:00
O013648,C00580,P0091,4,2028-02-12 06:00:00
O013649,C01664,P0058,4,2028-02-12 08:00:00
O013650,C02342,P0077,3,2028-02-12 10:00:00
O013651,C01632,P0007,1,2028-02-12 12:00:00
O013652,C02443,P0008,4,2028-02-12 14:00:00
O013653,C02561,P0051,1,2028-02-12 16:00:00
O013654,C02969,P0023,4,2028-02-12 18:00:00
O013655,C00810,P0090,5,2028-02-12 20:00:00
O013656,C02968,P0091,5,2028-02-12 22:00:00
O013657,C00693,P0009,5,2028-02-13 00:00:00
O013658,C00235,P0046,1,2028-02-13 02:00:00
O013659,C00952,P0038,3,2028-02-13 04:00:00
O013660,C01855,P0013,4,2028-02-13 06:00:00
O013661,C01361,P0007,4,2028-02-13 08:00:00
O013662,C01032,P0011,1,2028-02-13 10:00:00
O013663,C01467,P0074,5,2028-02-13 12:00:00
O013664,C01965,P0097,3,2028-02-13 14:00:00
O013665,C00539,P0050,4,2028-02-13 16:00:00
O013666,C00820,P0067,3,2028-02-13 18:00:00
O013667,C01682,P0041,3,2028-02-13 20:00:00
O013668,C00272,P0029,2,2028-02-13 22:00:00
O013669,C01029,P0037,3,2028-02-14 00:00:00
O013670,C01923,P0056,2,2028-02-14 02:00:00
O013671,C01243,P0080,1,2028-02-14 04:00:00
O013672,C01142,P0016,5,2028-02-14 06:00:00
O013673,C00593,P0044,2,2028-02-14 08:00:00
O013674,C01606,P0050,3,2028-02-14 10:00:00
O013675,C00115,P0071,5,2028-02-14 12:00:00
O013676,C02311,P0079,3,2028-02-14 14:00:00
O013677,C01678,P0006,3,2028-02-14 16:00:00
O013678,C01446,P0018,2,2028-02-14 18:00:00
O013679,C00207,P0019,1,2028-02-14 20:00:00
O013680,C02351,P0051,3,2028-02-14 22:00:00
O013681,C00112,P0066,2,2028-02-15 00:00:00
O013682,C01441,P0003,3,2028-02-15 02:00:00
O013683,C01883,P0089,5,2028-02-15 04:00:00
O013684,C00185,P0100,1,2028-02-15 06:00:00
O013685,C01765,P0054,3,2028-02-15 08:00:00
O013686,C00901,P0049,1,2028-02-15 10:00:00
O013687,C00221,P0028,1,2028-02-15 12:00:00
O013688,C01468,P0038,5,2028-02-15 14:00:00
O013689,C01094,P0028,5,2028-02-15 16:00:00
O013690,C02946,P0032,4,2028-02-15 18:00:00
O013691,C02670,P0041,1,2028-02-15 20:00:00
O013692,C02475,P0036,3,2028-02-15 22:00:00
O013693,C02692,P0036,5,2028-02-16 00:00:00
O013694,C02616,P0087,3,2028-02-16 02:00:00
O013695,C02013,P0066,1,2028-02-16 04:00:00
O013696,C02491,P0010,5,2028-02-16 06:00:00
O013697,C00601,P0070,4,2028-02-16 08:00:00
O013698,C01161,P0072,1,2028-02-16 10:00:00
O013699,C00504,P0079,3,2028-02-16 12:00:00
O013700,C02179,P0093,4,2028-02-16 14:00:00
O013701,C00218,P0063,1,2028-02-16 16:00:00
O013702,C02736,P0092,5,2028-02-16 18:00:00
O013703,C02219,P0022,1,2028-02-16 20:00:00
O013704,C01499,P0098,2,2028-02-16 22:00:00
O013705,C00612,P0020,3,2028-02-17 00:00:00
O013706,C01153,P0033,5,2028-02-17 02:00:00
O013707,C00057,P0015,5,2028-02-17 04:00:00
O013708,C01205,P0007,2,2028-02-17 06:00:00
O013709,C00246,P0088,4,2028-02-17 08:00:00
O013710,C00144,P0090,5,2028-02-17 10:00:00
O013711,C00368,P0050,4,2028-02-17 12:00:00
O013712,C01483,P0010,4,2028-02-17 14:00:00
O013713,C02266,P0079,4,2028-02-17 16:00:00
O013714,C00616,P0037,1,2028-02-17 18:00:00
O013715,C01882,P0059,2,2028-02-17 20:00:00
O013716,C01589,P0088,3,2028-02-17 22:00:00
O013717,C02490,P0075,2,2028-02-18 00:00:00
O013718,C02889,P0063,5,2028-02-18 02:00:00
O013719,C00699,P0021,2,2028-02-18 04:00:00
O013720,C00876,P0079,3,2028-02-18 06:00:00
O013721,C01686,P0079,1,2028-02-18 08:00:00
O013722,C02824,P0037,5,2028-02-18 10:00:00
O013723,C02810,P0045,1,2028-02-18 12:00:00
O013724,C00945,P0014,5,2028-02-18 14:00:00
O013725,C00923,P0043,3,2028-02-18 16:00:00
O013726,C02983,P0085,1,2028-02-18 18:00:00
O013727,C01747,P0084,3,2028-02-18 20:00:00
O013728,C00025,P0033,3,2028-02-18 22:00:00
O013729,C02854,P0003,2,2028-02-19 00:00:00
O013730,C01688,P0087,5,2028-02-19 02:00:00
O013731,C01560,P0044,4,2028-02-19 04:00:00
O013732,C02812,P0087,4,2028-02-19 06:00:00
O013733,C01084,P0091,1,2028-02-19 08:00:00
O013734,C00434,P0035,3,2028-02-19 10:00:00
O013735,C02927,P0025,2,2028-02-19 12:00:00
O013736,C01090,P0096,5,2028-02-19 14:00:00
O013737,C02958,P0086,1,2028-02-19 16:00:00
O013738,C02613,P0008,3,2028-02-19 18:00:00
O013739,C01952,P0062,4,2028-02-19 20:00:00
O013740,C02154,P0018,4,2028-02-19 22:00:00
O013741,C00096,P0092,5,2028-02-20 00:00:00
O013742,C00168,P0028,5,2028-02-20 02:00:00
O013743,C02090,P0075,5,2028-02-20 04:00:00
O013744,C01903,P0012,1,2028-02-20 06:00:00
O013745,C02152,P0064,5,2028-02-20 08:00:00
O013746,C01869,P0002,1,2028-02-20 10:00:00
O013747,C02568,P0059,2,2028-02-20 12:00:00
O013748,C01999,P0037,3,2028-02-20 14:00:00
O013749,C02330,P0004,4,2028-02-20 16:00:00
O013750,C02995,P0041,1,2028-02-20 18:00:00
O013751,C01134,P0045,3,2028-02-20 20:00:00
O013752,C02011,P0034,5,2028-02-20 22:00:00
O013753,C00749,P0087,4,2028-02-21 00:00:00
O013754,C01892,P0013,1,2028-02-21 02:00:00
O013755,C00831,P0007,5,2028-02-21 04:00:00
O013756,C00049,P0032,3,2028-02-21 06:00:00
O013757,C00115,P0023,2,2028-02-21 08:00:00
O013758,C01179,P0049,3,2028-02-21 10:00:00
O013759,C01673,P0072,1,2028-02-21 12:00:00
O013760,C02551,P0047,2,2028-02-21 14:00:00
O013761,C00071,P0037,2,2028-02-21 16:00:00
O013762,C01360,P0098,5,2028-02-21 18:00:00
O013763,C00067,P0048,3,2028-02-21 20:00:00
O013764,C01517,P0029,1,2028-02-21 22:00:00
O013765,C01674,P0037,2,2028-02-22 00:00:00
O013766,C01778,P0023,5,2028-02-22 02:00:00
O013767,C00967,P0038,2,2028-02-22 04:00:00
O013768,C02229,P0093,3,2028-02-22 06:00:00
O013769,C01790,P0044,4,2028-02-22 08:00:00
O013770,C00613,P0005,1,2028-02-22 10:00:00
O013771,C01887,P0052,4,2028-02-22 12:00:00
O013772,C01623,P0040,3,2028-02-22 14:00:00
O013773,C00697,P0011,4,2028-02-22 16:00:00
O013774,C02651,P0078,3,2028-02-22 18:00:00
O013775,C02296,P0002,3,2028-02-22 20:00:00
O013776,C01238,P0035,5,2028-02-22 22:00:00
O013777,C02407,P0045,4,2028-02-23 00:00:00
O013778,C00249,P0049,2,2028-02-23 02:00:00
O013779,C00638,P0035,3,2028-02-23 04:00:00
O013780,C00950,P0092,4,2028-02-23 06:00:00
O013781,C01905,P0072,2,2028-02-23 08:00:00
O013782,C01112,P0032,1,2028-02-23 10:00:00
O013783,C02711,P0068,2,2028-02-23 12:00:00
O013784,C00176,P0071,4,2028-02-23 14:00:00
O013785,C00723,P0039,4,2028-02-23 16:00:00
O013786,C02474,P0048,2,2028-02-23 18:00:00
O013787,C00771,P0091,2,2028-02-23 20:00:00
O013788,C01948,P0037,3,2028-02-23 22:00:00
O013789,C00703,P0060,4,2028-02-24 00:00:00
O013790,C02129,P0081,3,2028-02-24 02:00:00
O013791,C00927,P0074,3,2028-02-24 04:00:00
O013792,C00138,P0004,1,2028-02-24 06:00:00
O013793,C02518,P0023,4,2028-02-24 08:00:00
O013794,C02398,P0014,3,2028-02-24 10:00:00
O013795,C01150,P0005,1,2028-02-24 12:00:00
O013796,C01941,P0066,3,2028-02-24 14:00:00
O013797,C01892,P0024,3,2028-02-24 16:00:00
O013798,C01879,P0018,4,2028-02-24 18:00:00
O013799,C01254,P0027,2,2028-02-24 20:00:00
O013800,C01484,P0024,2,2028-02-24 22:00:00
O013801,C01369,P0029,4,2028-02-25 00:00:00
O013802,C00310,P0011,2,2028-02-25 02:00:00
O013803,C01044,P0018,5,2028-02-25 04:00:00
O013804,C01671,P0004,2,2028-02-25 06:00:00
O013805,C01565,P0033,3,2028-02-25 08:00:00
O013806,C01584,P0078,3,2028-02-25 10:00:00
O013807,C01501,P0042,1,2028-02-25 12:00:00
O013808,C02317,P0032,4,2028-02-25 14:00:00
O013809,C00770,P0051,1,2028-02-25 16:00:00
O013810,C00016,P0004,3,2028-02-25 18:00:00
O013811,C00606,P0020,3,2028-02-25 20:00:00
O013812,C01382,P0085,1,2028-02-25 22:00:00
O013813,C00813,P0067,5,2028-02-26 00:00:00
O013814,C01991,P0089,2,2028-02-26 02:00:00
O013815,C02530,P0068,5,2028-02-26 04:00:00
O013816,C00895,P0062,5,2028-02-26 06:00:00
O013817,C01568,P0058,5,2028-02-26 08:00:00
O013818,C02317,P0047,5,2028-02-26 10:00:00
O013819,C00414,P0075,2,2028-02-26 12:00:00
O013820,C00025,P0080,4,2028-02-26 14:00:00
O013821,C02005,P0059,1,2028-02-26 16:00:00
O013822,C00316,P0100,5,2028-02-26 18:00:00
O013823,C00571,P0006,5,2028-02-26 20:00:00
O013824,C00725,P0095,1,2028-02-26 22:00:00
O013825,C01850,P0040,1,2028-02-27 00:00:00
O013826,C01300,P0077,4,2028-02-27 02:00:00
O013827,C01954,P0023,3,2028-02-27 04:00:00
O013828,C00389,P0052,4,2028-02-27 06:00:00
O013829,C02770,P0004,3,2028-02-27 08:00:00
O013830,C00444,P0037,2,2028-02-27 10:00:00
O013831,C02745,P0042,4,2028-02-27 12:00:00
O013832,C00971,P0044,2,2028-02-27 14:00:00
O013833,C02769,P0097,1,2028-02-27 16:00:00
O013834,C02416,P0042,4,2028-02-27 18:00:00
O013835,C01965,P0029,1,2028-02-27 20:00:00
O013836,C02390,P0019,5,2028-02-27 22:00:00
O013837,C01829,P0084,1,2028-02-28 00:00:00
O013838,C00304,P0032,5,2028-02-28 02:00:00
O013839,C00764,P0044,3,2028-02-28 04:00:00
O013840,C01974,P0055,5,2028-02-28 06:00:00
O013841,C00816,P0080,3,2028-02-28 08:00:00
O013842,C02160,P0005,5,2028-02-28 10:00:00
O013843,C00878,P0046,5,2028-02-28 12:00:00
O013844,C02978,P0076,2,2028-02-28 14:00:00
O013845,C00703,P0045,2,2028-02-28 16:00:00
O013846,C02894,P0021,1,2028-02-28 18:00:00
O013847,C00944,P0078,2,2028-02-28 20:00:00
O013848,C02327,P0022,3,2028-02-28 22:00:00
O013849,C02430,P0030,2,2028-02-29 00:00:00
O013850,C02061,P0023,1,2028-02-29 02:00:00
O013851,C00303,P0005,4,2028-02-29 04:00:00
O013852,C01580,P0063,3,2028-02-29 06:00:00
O013853,C00160,P0093,4,2028-02-29 08:00:00
O013854,C02202,P0059,3,2028-02-29 10:00:00
O013855,C02802,P0094,1,2028-02-29 12:00:00
O013856,C02229,P0082,2,2028-02-29 14:00:00
O013857,C01204,P0052,4,2028-02-29 16:00:00
O013858,C02425,P0065,4,2028-02-29 18:00:00
O013859,C02824,P0039,2,2028-02-29 20:00:00
O013860,C01192,P0081,1,2028-02-29 22:00:00
O013861,C01174,P0003,2,2028-03-01 00:00:00
O013862,C02064,P0042,5,2028-03-01 02:00:00
O013863,C01115,P0071,5,2028-03-01 04:00:00
O013864,C01144,P0027,5,2028-03-01 06:00:00
O013865,C01980,P0028,4,2028-03-01 08:00:00
O013866,C00253,P0054,4,2028-03-01 10:00:00
O013867,C01433,P0095,1,2028-03-01 12:00:00
O013868,C02079,P0015,3,2028-03-01 14:00:00
O013869,C00731,P0053,2,2028-03-01 16:00:00
O013870,C02337,P0072,3,2028-03-01 18:00:00
O013871,C00498,P0070,4,2028-03-01 20:00:00
O013872,C01429,P0092,2,2028-03-01 22:00:00
O013873,C00548,P0004,4,2028-03-02 00:00:00
O013874,C00961,P0094,1,2028-03-02 02:00:00
O013875,C00132,P0017,2,2028-03-02 04:00:00
O013876,C01348,P0034,4,2028-03-02 06:00:00
O013877,C00858,P0006,5,2028-03-02 08:00:00
O013878,C01156,P0036,5,2028-03-02 10:00:00
O013879,C02033,P0099,4,2028-03-02 12:00:00
O013880,C00521,P0039,3,2028-03-02 14:00:00
O013881,C00030,P0080,1,2028-03-02 16:00:00
O013882,C02675,P0066,1,2028-03-02 18:00:00
O013883,C02052,P0008,4,2028-03-02 20:00:00
O013884,C00509,P0015,1,2028-03-02 22:00:00
O013885,C01261,P0063,2,2028-03-03 00:00:00
O013886,C01559,P0091,1,2028-03-03 02:00:00
O013887,C00016,P0080,5,2028-03-03 04:00:00
O013888,C00997,P0065,4,2028-03-03 06:00:00
O013889,C01608,P0059,2,2028-03-03 08:00:00
O013890,C01840,P0010,1,2028-03-03 10:00:00
O013891,C02017,P0007,5,2028-03-03 12:00:00
O013892,C01254,P0074,3,2028-03-03 14:00:00
O013893,C01744,P0076,1,2028-03-03 16:00:00
O013894,C02311,P0081,5,2028-03-03 18:00:00
O013895,C01089,P0012,5,2028-03-03 20:00:00
O013896,C02313,P0079,5,2028-03-03 22:00:00
O013897,C01362,P0046,5,2028-03-04 00:00:00
O013898,C00378,P0032,3,2028-03-04 02:00:00
O013899,C01199,P0032,4,2028-03-04 04:00:00
O013900,C00476,P0090,5,2028-03-04 06:00:00
O013901,C01290,P0078,4,2028-03-04 08:00:00
O013902,C00329,P0090,3,2028-03-04 10:00:00
O013903,C01840,P0061,3,2028-03-04 12:00:00
O013904,C01187,P0069,2,2028-03-04 14:00:00
O013905,C00438,P0061,2,2028-03-04 16:00:00
O013906,C01391,P0046,5,2028-03-04 18:00:00
O013907,C01774,P0068,4,2028-03-04 20:00:00
O013908,C01223,P0092,3,2028-03-04 22:00:00
O013909,C01524,P0055,1,2028-03-05 00:00:00
O013910,C02064,P0001,2,2028-03-05 02:00:00
O013911,C01845,P0077,2,2028-03-05 04:00:00
O013912,C01320,P0067,1,2028-03-05 06:00:00
O013913,C00868,P0049,4,2028-03-05 08:00:00
O013914,C02559,P0025,4,2028-03-05 10:00:00
O013915,C01812,P0016,4,2028-03-05 12:00:00
O013916,C00984,P0085,5,2028-03-05 14:00:00
O013917,C01263,P0013,5,2028-03-05 16:00:00
O013918,C02629,P0052,1,2028-03-05 18:00:00
O013919,C01325,P0036,3,2028-03-05 20:00:00
O013920,C02054,P0072,1,2028-03-05 22:00:00
O013921,C01019,P0044,3,2028-03-06 00:00:00
O013922,C01790,P0083,1,2028-03-06 02:00:00
O013923,C00807,P0047,5,2028-03-06 04:00:00
O013924,C01894,P0080,4,2028-03-06 06:00:00
O013925,C01410,P0076,2,2028-03-06 08:00:00
O013926,C02667,P0020,1,2028-03-06 10:00:00
O013927,C01319,P0018,1,2028-03-06 12:00:00
O013928,C01142,P0054,2,2028-03-06 14:00:00
O013929,C00405,P0012,1,2028-03-06 16:00:00
O013930,C01787,P0025,4,2028-03-06 18:00:00
O013931,C00594,P0060,2,2028-03-06 20:00:00
O013932,C02614,P0075,2,2028-03-06 22:00:00
O013933,C02800,P0086,4,2028-03-07 00:00:00
O013934,C00012,P0034,4,2028-03-07 02:00:00
O013935,C02213,P0013,2,2028-03-07 04:00:00
O013936,C02926,P0038,4,2028-03-07 06:00:00
O013937,C01318,P0012,4,2028-03-07 08:00:00
O013938,C01543,P0036,4,2028-03-07 10:00:00
O013939,C02126,P0028,2,2028-03-07 12:00:00
O013940,C00614,P0091,1,2028-03-07 14:00:00
O013941,C01987,P0039,3,2028-03-07 16:00:00
O013942,C00869,P0077,2,2028-03-07 18:00:00
O013943,C00812,P0043,3,2028-03-07 20:00:00
O013944,C01823,P0091,4,2028-03-07 22:00:00
O013945,C00767,P0031,4,2028-03-08 00:00:00
O013946,C00082,P0002,1,2028-03-08 02:00:00
O013947,C01745,P0082,4,2028-03-08 04:00:00
O013948,C02257,P0090,3,2028-03-08 06:00:00
O013949,C00522,P0042,2,2028-03-08 08:00:00
O013950,C01328,P0031,2,2028-03-08 10:00:00
O013951,C00994,P0061,1,2028-03-08 12:00:00
O013952,C02513,P0056,3,2028-03-08 14:00:00
O013953,C01526,P0086,4,2028-03-08 16:00:00
O013954,C01470,P0100,5,2028-03-08 18:00:00
O013955,C02676,P0083,1,2028-03-08 20:00:00
O013956,C01514,P0014,1,2028-03-08 22:00:00
O013957,C00781,P0014,5,2028-03-09 00:00:00
O013958,C01452,P0029,2,2028-03-09 02:00:00
O013959,C00559,P0081,2,2028-03-09 04:00:00
O013960,C02139,P0050,2,2028-03-09 06:00:00
O013961,C02038,P0050,5,2028-03-09 08:00:00
O013962,C01754,P0063,4,2028-03-09 10:00:00
O013963,C00860,P0073,4,2028-03-09 12:00:00
O013964,C01613,P0065,3,2028-03-09 14:00:00
O013965,C00556,P0068,3,2028-03-09 16:00:00
O013966,C00156,P0071,2,2028-03-09 18:00:00
O013967,C02050,P0011,5,2028-03-09 20:00:00
O013968,C01381,P0014,1,2028-03-09 22:00:00
O013969,C00825,P0083,4,2028-03-10 00:00:00
O013970,C01593,P0003,5,2028-03-10 02:00:00
O013971,C02850,P0008,3,2028-03-10 04:00:00
O013972,C01082,P0093,4,2028-03-10 06:00:00
O013973,C01204,P0043,4,2028-03-10 08:00:00
O013974,C00493,P0009,5,2028-03-10 10:00:00
O013975,C00669,P0019,3,2028-03-10 12:00:00
O013976,C00075,P0012,5,2028-03-10 14:00:00
O013977,C02992,P0027,1,2028-03-10 16:00:00
O013978,C00371,P0058,4,2028-03-10 18:00:00
O013979,C00587,P0025,5,2028-03-10 20:00:00
O013980,C00329,P0045,5,2028-03-10 22:00:00
O013981,C00590,P0048,1,2028-03-11 00:00:00
O013982,C01791,P0050,5,2028-03-11 02:00:00
O013983,C00777,P0081,4,2028-03-11 04:00:00
O013984,C02023,P0044,2,2028-03-11 06:00:00
O013985,C02352,P0059,2,2028-03-11 08:00:00
O013986,C00579,P0033,3,2028-03-11 10:00:00
O013987,C00221,P0078,1,2028-03-11 12:00:00
O013988,C01188,P0028,3,2028-03-11 14:00:00
O013989,C01504,P0018,2,2028-03-11 16:00:00
O013990,C02423,P0055,1,2028-03-11 18:00:00
O013991,C01708,P0033,5,2028-03-11 20:00:00
O013992,C01746,P0015,5,2028-03-11 22:00:00
O013993,C00188,P0061,4,2028-03-12 00:00:00
O013994,C01215,P0011,2,2028-03-12 02:00:00
O013995,C01110,P0036,5,2028-03-12 04:00:00
O013996,C02522,P0015,1,2028-03-12 06:00:00
O013997,C00844,P0053,5,2028-03-12 08:00:00
O013998,C00531,P0062,3,2028-03-12 10:00:00
O013999,C01071,P0048,3,2028-03-12 12:00:00
O014000,C00963,P0094,3,2028-03-12 14:00:00
O014001,C02523,P0015,3,2028-03-12 16:00:00
O014002,C01170,P0063,3,2028-03-12 18:00:00
O014003,C02994,P0087,4,2028-03-12 20:00:00
O014004,C01406,P0043,3,2028-03-12 22:00:00
O014005,C00517,P0050,4,2028-03-13 00:00:00
O014006,C01889,P0060,4,2028-03-13 02:00:00
O014007,C02474,P0059,5,2028-03-13 04:00:00
O014008,C01492,P0015,1,2028-03-13 06:00:00
O014009,C01118,P0029,3,2028-03-13 08:00:00
O014010,C00133,P0075,1,2028-03-13 10:00:00
O014011,C00314,P0082,2,2028-03-13 12:00:00
O014012,C00591,P0040,4,2028-03-13 14:00:00
O014013,C01544,P0031,2,2028-03-13 16:00:00
O014014,C02207,P0073,4,2028-03-13 18:00:00
O014015,C02709,P0086,3,2028-03-13 20:00:00
O014016,C01886,P0011,2,2028-03-13 22:00:00
O014017,C01627,P0081,5,2028-03-14 00:00:00
O014018,C00748,P0097,2,2028-03-14 02:00:00
O014019,C01498,P0062,4,2028-03-14 04:00:00
O014020,C00801,P0075,4,2028-03-14 06:00:00
O014021,C02458,P0008,1,2028-03-14 08:00:00
O014022,C01498,P0051,2,2028-03-14 10:00:00
O014023,C01380,P0057,5,2028-03-14 12:00:00
O014024,C00680,P0004,3,2028-03-14 14:00:00
O014025,C02162,P0036,1,2028-03-14 16:00:00
O014026,C00897,P0019,2,2028-03-14 18:00:00
O014027,C01547,P0024,1,2028-03-14 20:00:00
O014028,C01794,P0041,2,2028-03-14 22:00:00
O014029,C02113,P0049,3,2028-03-15 00:00:00
O014030,C00684,P0082,3,2028-03-15 02:00:00
O014031,C01296,P0097,5,2028-03-15 04:00:00
O014032,C01686,P0046,1,2028-03-15 06:00:00
O014033,C01386,P0036,5,2028-03-15 08:00:00
O014034,C02194,P0010,2,2028-03-15 10:00:00
O014035,C00943,P0078,3,2028-03-15 12:00:00
O014036,C01310,P0007,3,2028-03-15 14:00:00
O014037,C01034,P0012,4,2028-03-15 16:00:00
O014038,C02787,P0086,4,2028-03-15 18:00:00
O014039,C02234,P0091,5,2028-03-15 20:00:00
O014040,C01621,P0048,1,2028-03-15 22:00:00
O014041,C02883,P0037,2,2028-03-16 00:00:00
O014042,C00809,P0075,5,2028-03-16 02:00:00
O014043,C00171,P0036,3,2028-03-16 04:00:00
O014044,C02261,P0060,3,2028-03-16 06:00:00
O014045,C01554,P0077,3,2028-03-16 08:00:00
O014046,C01596,P0096,2,2028-03-16 10:00:00
O014047,C01624,P0008,5,2028-03-16 12:00:00
O014048,C00027,P0007,2,2028-03-16 14:00:00
O014049,C01014,P0043,3,2028-03-16 16:00:00
O014050,C01092,P0058,4,2028-03-16 18:00:00
O014051,C02838,P0081,5,2028-03-16 20:00:00
O014052,C00408,P0086,4,2028-03-16 22:00:00
O014053,C01133,P0046,5,2028-03-17 00:00:00
O014054,C00074,P0034,3,2028-03-17 02:00:00
O014055,C02626,P0084,4,2028-03-17 04:00:00
O014056,C00680,P0072,4,2028-03-17 06:00:00
O014057,C01392,P0022,5,2028-03-17 08:00:00
O014058,C02834,P0091,4,2028-03-17 10:00:00
O014059,C00849,P0098,4,2028-03-17 12:00:00
O014060,C00870,P0021,3,2028-03-17 14:00:00
O014061,C00237,P0015,5,2028-03-17 16:00:00
O014062,C02775,P0005,5,2028-03-17 18:00:00
O014063,C02426,P0017,1,2028-03-17 20:00:00
O014064,C02709,P0072,5,2028-03-17 22:00:00
O014065,C02878,P0019,3,2028-03-18 00:00:00
O014066,C00906,P0005,4,2028-03-18 02:00:00
O014067,C02424,P0023,1,2028-03-18 04:00:00
O014068,C00619,P0083,4,2028-03-18 06:00:00
O014069,C02701,P0014,5,2028-03-18 08:00:00
O014070,C01033,P0010,2,2028-03-18 10:00:00
O014071,C02244,P0031,4,2028-03-18 12:00:00
O014072,C02855,P0013,5,2028-03-18 14:00:00
O014073,C02941,P0022,3,2028-03-18 16:00:00
O014074,C01314,P0037,5,2028-03-18 18:00:00
O014075,C02985,P0039,1,2028-03-18 20:00:00
O014076,C00847,P0010,2,2028-03-18 22:00:00
O014077,C02866,P0031,2,2028-03-19 00:00:00
O014078,C01924,P0043,2,2028-03-19 02:00:00
O014079,C02612,P0099,3,2028-03-19 04:00:00
O014080,C00634,P0077,2,2028-03-19 06:00:00
O014081,C02727,P0094,4,2028-03-19 08:00:00
O014082,C01018,P0098,3,2028-03-19 10:00:00
O014083,C00008,P0036,5,2028-03-19 12:00:00
O014084,C01393,P0035,1,2028-03-19 14:00:00
O014085,C01069,P0068,3,2028-03-19 16:00:00
O014086,C02392,P0055,1,2028-03-19 18:00:00
O014087,C01781,P0068,3,2028-03-19 20:00:00
O014088,C02844,P0047,5,2028-03-19 22:00:00
O014089,C01643,P0006,1,2028-03-20 00:00:00
O014090,C01217,P0028,3,2028-03-20 02:00:00
O014091,C00849,P0030,1,2028-03-20 04:00:00
O014092,C01381,P0027,2,2028-03-20 06:00:00
O014093,C00062,P0069,2,2028-03-20 08:00:00
O014094,C01086,P0039,2,2028-03-20 10:00:00
O014095,C02470,P0035,4,2028-03-20 12:00:00
O014096,C01818,P0044,2,2028-03-20 14:00:00
O014097,C00633,P0015,2,2028-03-20 16:00:00
O014098,C00792,P0083,5,2028-03-20 18:00:00
O014099,C02599,P0094,1,2028-03-20 20:00:00
O014100,C01301,P0032,1,2028-03-20 22:00:00
O014101,C02654,P0029,2,2028-03-21 00:00:00
O014102,C01455,P0063,1,2028-03-21 02:00:00
O014103,C01139,P0006,3,2028-03-21 04:00:00
O014104,C01712,P0090,2,2028-03-21 06:00:00
O014105,C00525,P0027,2,2028-03-21 08:00:00
O014106,C02021,P0099,4,2028-03-21 10:00:00
O014107,C00899,P0028,3,2028-03-21 12:00:00
O014108,C02211,P0005,2,2028-03-21 14:00:00
O014109,C00787,P0041,2,2028-03-21 16:00:00
O014110,C02958,P0056,1,2028-03-21 18:00:00
O014111,C01361,P0054,2,2028-03-21 20:00:00
O014112,C02427,P0080,2,2028-03-21 22:00:00
O014113,C00173,P0018,2,2028-03-22 00:00:00
O014114,C01000,P0077,2,2028-03-22 02:00:00
O014115,C01811,P0043,4,2028-03-22 04:00:00
O014116,C00064,P0089,3,2028-03-22 06:00:00
O014117,C01346,P0074,4,2028-03-22 08:00:00
O014118,C00975,P0029,1,2028-03-22 10:00:00
O014119,C00066,P0010,5,2028-03-22 12:00:00
O014120,C01867,P0006,2,2028-03-22 14:00:00
O014121,C01623,P0080,1,2028-03-22 16:00:00
O014122,C00458,P0089,5,2028-03-22 18:00:00
O014123,C01603,P0004,2,2028-03-22 20:00:00
O014124,C02501,P0034,2,2028-03-22 22:00:00
O014125,C01958,P0083,5,2028-03-23 00:00:00
O014126,C01741,P0033,4,2028-03-23 02:00:00
O014127,C01450,P0004,5,2028-03-23 04:00:00
O014128,C01960,P0044,5,2028-03-23 06:00:00
O014129,C02226,P0098,3,2028-03-23 08:00:00
O014130,C01955,P0076,2,2028-03-23 10:00:00
O014131,C00280,P0031,2,2028-03-23 12:00:00
O014132,C02392,P0080,4,2028-03-23 14:00:00
O014133,C01041,P0066,4,2028-03-23 16:00:00
O014134,C02344,P0058,3,2028-03-23 18:00:00
O014135,C02250,P0060,3,2028-03-23 20:00:00
O014136,C00962,P0002,3,2028-03-23 22:00:00
O014137,C02732,P0036,4,2028-03-24 00:00:00
O014138,C01943,P0070,5,2028-03-24 02:00:00
O014139,C01218,P0060,2,2028-03-24 04:00:00
O014140,C00375,P0023,2,2028-03-24 06:00:00
O014141,C01912,P0047,1,2028-03-24 08:00:00
O014142,C00035,P0046,4,2028-03-24 10:00:00
O014143,C01393,P0080,4,2028-03-24 12:00:00
O014144,C02077,P0044,3,2028-03-24 14:00:00
O014145,C00775,P0019,1,2028-03-24 16:00:00
O014146,C00221,P0049,1,2028-03-24 18:00:00
O014147,C02101,P0088,4,2028-03-24 20:00:00
O014148,C02839,P0058,3,2028-03-24 22:00:00
O014149,C02124,P0091,2,2028-03-25 00:00:00
O014150,C00494,P0007,3,2028-03-25 02:00:00
O014151,C01712,P0094,2,2028-03-25 04:00:00
O014152,C02165,P0041,4,2028-03-25 06:00:00
O014153,C00280,P0078,3,2028-03-25 08:00:00
O014154,C00746,P0015,1,2028-03-25 10:00:00
O014155,C02997,P0076,5,2028-03-25 12:00:00
O014156,C02812,P0053,1,2028-03-25 14:00:00
O014157,C02343,P0093,2,2028-03-25 16:00:00
O014158,C01475,P0023,4,2028-03-25 18:00:00
O014159,C01858,P0077,3,2028-03-25 20:00:00
O014160,C01542,P0073,4,2028-03-25 22:00:00
O014161,C01097,P0088,4,2028-03-26 00:00:00
O014162,C02890,P0094,2,2028-03-26 02:00:00
O014163,C01060,P0065,4,2028-03-26 04:00:00
O014164,C01923,P0060,3,2028-03-26 06:00:00
O014165,C02006,P0010,1,2028-03-26 08:00:00
O014166,C00497,P0058,4,2028-03-26 10:00:00
O014167,C02254,P0047,3,2028-03-26 12:00:00
O014168,C02474,P0015,3,2028-03-26 14:00:00
O014169,C00044,P0009,2,2028-03-26 16:00:00
O014170,C01852,P0013,4,2028-03-26 18:00:00
O014171,C02653,P0023,2,2028-03-26 20:00:00
O014172,C00454,P0033,1,2028-03-26 22:00:00
O014173,C00595,P0009,1,2028-03-27 00:00:00
O014174,C01357,P0003,3,2028-03-27 02:00:00
O014175,C00507,P0094,4,2028-03-27 04:00:00
O014176,C00794,P0073,3,2028-03-27 06:00:00
O014177,C00021,P0025,4,2028-03-27 08:00:00
O014178,C01400,P0088,2,2028-03-27 10:00:00
O014179,C02668,P0096,1,2028-03-27 12:00:00
O014180,C02462,P0071,1,2028-03-27 14:00:00
O014181,C01095,P0036,2,2028-03-27 16:00:00
O014182,C01428,P0089,5,2028-03-27 18:00:00
O014183,C01586,P0020,5,2028-03-27 20:00:00
O014184,C01815,P0081,5,2028-03-27 22:00:00
O014185,C01421,P0054,4,2028-03-28 00:00:00
O014186,C00337,P0100,2,2028-03-28 02:00:00
O014187,C01668,P0090,4,2028-03-28 04:00:00
O014188,C00910,P0019,4,2028-03-28 06:00:00
O014189,C00276,P0060,2,2028-03-28 08:00:00
O014190,C00892,P0037,4,2028-03-28 10:00:00
O014191,C00013,P0003,2,2028-03-28 12:00:00
O014192,C01027,P0092,5,2028-03-28 14:00:00
O014193,C00974,P0086,5,2028-03-28 16:00:00
O014194,C00175,P0019,4,2028-03-28 18:00:00
O014195,C01409,P0053,1,2028-03-28 20:00:00
O014196,C01626,P0046,2,2028-03-28 22:00:00
O014197,C01944,P0080,3,2028-03-29 00:00:00
O014198,C02289,P0056,3,2028-03-29 02:00:00
O014199,C00547,P0070,4,2028-03-29 04:00:00
O014200,C02062,P0031,1,2028-03-29 06:00:00
O014201,C01219,P0053,2,2028-03-29 08:00:00
O014202,C01421,P0034,5,2028-03-29 10:00:00
O014203,C01455,P0031,4,2028-03-29 12:00:00
O014204,C02773,P0060,2,2028-03-29 14:00:00
O014205,C01434,P0011,2,2028-03-29 16:00:00
O014206,C00003,P0100,2,2028-03-29 18:00:00
O014207,C02739,P0006,1,2028-03-29 20:00:00
O014208,C01843,P0027,2,2028-03-29 22:00:00
O014209,C00747,P0007,1,2028-03-30 00:00:00
O014210,C02817,P0049,1,2028-03-30 02:00:00
O014211,C00872,P0096,2,2028-03-30 04:00:00
O014212,C00495,P0072,5,2028-03-30 06:00:00
O014213,C02465,P0060,2,2028-03-30 08:00:00
O014214,C01415,P0033,5,2028-03-30 10:00:00
O014215,C00628,P0047,4,2028-03-30 12:00:00
O014216,C01076,P0044,3,2028-03-30 14:00:00
O014217,C00142,P0079,4,2028-03-30 16:00:00
O014218,C01488,P0027,1,2028-03-30 18:00:00
O014219,C00046,P0094,4,2028-03-30 20:00:00
O014220,C02892,P0022,3,2028-03-30 22:00:00
O014221,C02058,P0047,3,2028-03-31 00:00:00
O014222,C00664,P0093,5,2028-03-31 02:00:00
O014223,C00573,P0048,4,2028-03-31 04:00:00
O014224,C02030,P0030,1,2028-03-31 06:00:00
O014225,C01554,P0002,1,2028-03-31 08:00:00
O014226,C01622,P0015,5,2028-03-31 10:00:00
O014227,C02697,P0047,5,2028-03-31 12:00:00
O014228,C00913,P0027,4,2028-03-31 14:00:00
O014229,C00640,P0071,5,2028-03-31 16:00:00
O014230,C02664,P0027,3,2028-03-31 18:00:00
O014231,C02746,P0085,1,2028-03-31 20:00:00
O014232,C00909,P0013,3,2028-03-31 22:00:00
O014233,C02226,P0055,2,2028-04-01 00:00:00
O014234,C00869,P0017,3,2028-04-01 02:00:00
O014235,C01030,P0075,1,2028-04-01 04:00:00
O014236,C00853,P0059,2,2028-04-01 06:00:00
O014237,C00307,P0010,4,2028-04-01 08:00:00
O014238,C02596,P0033,2,2028-04-01 10:00:00
O014239,C02375,P0078,5,2028-04-01 12:00:00
O014240,C01817,P0037,1,2028-04-01 14:00:00
O014241,C00395,P0008,5,2028-04-01 16:00:00
O014242,C02348,P0033,3,2028-04-01 18:00:00
O014243,C00749,P0007,4,2028-04-01 20:00:00
O014244,C02333,P0034,1,2028-04-01 22:00:00
O014245,C00330,P0071,4,2028-04-02 00:00:00
O014246,C02098,P0007,1,2028-04-02 02:00:00
O014247,C02032,P0041,5,2028-04-02 04:00:00
O014248,C00773,P0100,3,2028-04-02 06:00:00
O014249,C01646,P0055,2,2028-04-02 08:00:00
O014250,C01733,P0007,4,2028-04-02 10:00:00
O014251,C00378,P0084,1,2028-04-02 12:00:00
O014252,C01788,P0018,1,2028-04-02 14:00:00
O014253,C01624,P0043,4,2028-04-02 16:00:00
O014254,C01000,P0078,2,2028-04-02 18:00:00
O014255,C01849,P0040,3,2028-04-02 20:00:00
O014256,C01562,P0053,1,2028-04-02 22:00:00
O014257,C00774,P0014,1,2028-04-03 00:00:00
O014258,C01084,P0021,4,2028-04-03 02:00:00
O014259,C02916,P0057,4,2028-04-03 04:00:00
O014260,C01804,P0091,1,2028-04-03 06:00:00
O014261,C01099,P0046,1,2028-04-03 08:00:00
O014262,C02051,P0026,1,2028-04-03 10:00:00
O014263,C01599,P0091,5,2028-04-03 12:00:00
O014264,C00748,P0024,1,2028-04-03 14:00:00
O014265,C01472,P0005,3,2028-04-03 16:00:00
O014266,C01765,P0042,3,2028-04-03 18:00:00
O014267,C02323,P0092,2,2028-04-03 20:00:00
O014268,C01554,P0043,4,2028-04-03 22:00:00
O014269,C01616,P0032,2,2028-04-04 00:00:00
O014270,C02263,P0088,1,2028-04-04 02:00:00
O014271,C01509,P0006,4,2028-04-04 04:00:00
O014272,C00329,P0074,1,2028-04-04 06:00:00
O014273,C02303,P0067,4,2028-04-04 08:00:00
O014274,C01411,P0007,5,2028-04-04 10:00:00
O014275,C00126,P0029,5,2028-04-04 12:00:00
O014276,C00767,P0034,5,2028-04-04 14:00:00
O014277,C01574,P0007,2,2028-04-04 16:00:00
O014278,C01228,P0081,4,2028-04-04 18:00:00
O014279,C01196,P0077,2,2028-04-04 20:00:00
O014280,C01759,P0058,4,2028-04-04 22:00:00
O014281,C00217,P0085,1,2028-04-05 00:00:00
O014282,C01360,P0031,5,2028-04-05 02:00:00
O014283,C01322,P0073,5,2028-04-05 04:00:00
O014284,C00832,P0045,4,2028-04-05 06:00:00
O014285,C00182,P0047,2,2028-04-05 08:00:00
O014286,C00334,P0077,2,2028-04-05 10:00:00
O014287,C00511,P0081,3,2028-04-05 12:00:00
O014288,C00383,P0072,5,2028-04-05 14:00:00
O014289,C01897,P0073,5,2028-04-05 16:00:00
O014290,C00332,P0073,2,2028-04-05 18:00:00
O014291,C01189,P0040,5,2028-04-05 20:00:00
O014292,C01266,P0030,2,2028-04-05 22:00:00
O014293,C00900,P0062,3,2028-04-06 00:00:00
O014294,C00642,P0071,4,2028-04-06 02:00:00
O014295,C01251,P0017,4,2028-04-06 04:00:00
O014296,C00634,P0005,3,2028-04-06 06:00:00
O014297,C02499,P0081,5,2028-04-06 08:00:00
O014298,C00196,P0001,1,2028-04-06 10:00:00
O014299,C01894,P0080,5,2028-04-06 12:00:00
O014300,C00458,P0081,2,2028-04-06 14:00:00
O014301,C00830,P0094,1,2028-04-06 16:00:00
O014302,C02305,P0031,3,2028-04-06 18:00:00
O014303,C02057,P0035,4,2028-04-06 20:00:00
O014304,C02809,P0072,4,2028-04-06 22:00:00
O014305,C02997,P0030,5,2028-04-07 00:00:00
O014306,C01225,P0085,4,2028-04-07 02:00:00
O014307,C00887,P0015,5,2028-04-07 04:00:00
O014308,C00393,P0098,2,2028-04-07 06:00:00
O014309,C01676,P0056,2,2028-04-07 08:00:00
O014310,C02447,P0060,3,2028-04-07 10:00:00
O014311,C02379,P0027,2,2028-04-07 12:00:00
O014312,C02528,P0002,5,2028-04-07 14:00:00
O014313,C02182,P0074,4,2028-04-07 16:00:00
O014314,C00916,P0064,2,2028-04-07 18:00:00
O014315,C00935,P0005,2,2028-04-07 20:00:00
O014316,C00355,P0091,5,2028-04-07 22:00:00
O014317,C02632,P0068,2,2028-04-08 00:00:00
O014318,C01522,P0013,4,2028-04-08 02:00:00
O014319,C02673,P0081,4,2028-04-08 04:00:00
O014320,C02338,P0085,4,2028-04-08 06:00:00
O014321,C02873,P0023,4,2028-04-08 08:00:00
O014322,C00629,P0097,1,2028-04-08 10:00:00
O014323,C02680,P0050,4,2028-04-08 12:00:00
O014324,C01171,P0079,1,2028-04-08 14:00:00
O014325,C00327,P0078,4,2028-04-08 16:00:00
O014326,C01439,P0073,4,2028-04-08 18:00:00
O014327,C02258,P0037,5,2028-04-08 20:00:00
O014328,C01422,P0030,4,2028-04-08 22:00:00
O014329,C01127,P0093,2,2028-04-09 00:00:00
O014330,C02684,P0023,4,2028-04-09 02:00:00
O014331,C01781,P0034,3,2028-04-09 04:00:00
O014332,C01532,P0064,5,2028-04-09 06:00:00
O014333,C01915,P0055,5,2028-04-09 08:00:00
O014334,C02916,P0071,4,2028-04-09 10:00:00
O014335,C01233,P0009,3,2028-04-09 12:00:00
O014336,C01957,P0004,4,2028-04-09 14:00:00
O014337,C02476,P0066,2,2028-04-09 16:00:00
O014338,C00393,P0091,5,2028-04-09 18:00:00
O014339,C00826,P0033,5,2028-04-09 20:00:00
O014340,C02964,P0032,3,2028-04-09 22:00:00
O014341,C01913,P0044,1,2028-04-10 00:00:00
O014342,C02396,P0037,3,2028-04-10 02:00:00
O014343,C00050,P0091,2,2028-04-10 04:00:00
O014344,C02964,P0092,3,2028-04-10 06:00:00
O014345,C01397,P0067,1,2028-04-10 08:00:00
O014346,C01051,P0060,2,2028-04-10 10:00:00
O014347,C00800,P0059,2,2028-04-10 12:00:00
O014348,C01793,P0036,1,2028-04-10 14:00:00
O014349,C02697,P0049,4,2028-04-10 16:00:00
O014350,C01364,P0051,3,2028-04-10 18:00:00
O014351,C02349,P0008,2,2028-04-10 20:00:00
O014352,C01566,P0050,3,2028-04-10 22:00:00
O014353,C02214,P0041,1,2028-04-11 00:00:00
O014354,C02364,P0038,5,2028-04-11 02:00:00
O014355,C00001,P0086,1,2028-04-11 04:00:00
O014356,C01020,P0078,3,2028-04-11 06:00:00
O014357,C01285,P0079,2,2028-04-11 08:00:00
O014358,C00063,P0055,3,2028-04-11 10:00:00
O014359,C02531,P0068,5,2028-04-11 12:00:00
O014360,C01870,P0018,2,2028-04-11 14:00:00
O014361,C02270,P0065,5,2028-04-11 16:00:00
O014362,C00152,P0064,4,2028-04-11 18:00:00
O014363,C00644,P0012,1,2028-04-11 20:00:00
O014364,C00626,P0041,4,2028-04-11 22:00:00
O014365,C00217,P0042,3,2028-04-12 00:00:00
O014366,C00196,P0060,4,2028-04-12 02:00:00
O014367,C01015,P0050,1,2028-04-12 04:00:00
O014368,C02695,P0081,2,2028-04-12 06:00:00
O014369,C02756,P0083,5,2028-04-12 08:00:00
O014370,C01522,P0036,2,2028-04-12 10:00:00
O014371,C01579,P0048,4,2028-04-12 12:00:00
O014372,C01081,P0071,3,2028-04-12 14:00:00
O014373,C01528,P0073,4,2028-04-12 16:00:00
O014374,C00722,P0008,1,2028-04-12 18:00:00
O014375,C01608,P0025,1,2028-04-12 20:00:00
O014376,C01760,P0007,3,2028-04-12 22:00:00
O014377,C01563,P0008,2,2028-04-13 00:00:00
O014378,C00640,P0088,1,2028-04-13 02:00:00
O014379,C02154,P0081,1,2028-04-13 04:00:00
O014380,C00165,P0076,3,2028-04-13 06:00:00
O014381,C00215,P0031,2,2028-04-13 08:00:00
O014382,C01095,P0012,4,2028-04-13 10:00:00
O014383,C00090,P0057,5,2028-04-13 12:00:00
O014384,C01796,P0066,3,2028-04-13 14:00:00
O014385,C02922,P0012,2,2028-04-13 16:00:00
O014386,C01252,P0027,5,2028-04-13 18:00:00
O014387,C01103,P0046,3,2028-04-13 20:00:00
O014388,C00608,P0007,4,2028-04-13 22:00:00
O014389,C00349,P0061,4,2028-04-14 00:00:00
O014390,C02942,P0058,2,2028-04-14 02:00:00
O014391,C00246,P0058,2,2028-04-14 04:00:00
O014392,C00272,P0013,4,2028-04-14 06:00:00
O014393,C02031,P0053,4,2028-04-14 08:00:00
O014394,C00403,P0100,3,2028-04-14 10:00:00
O014395,C01466,P0065,2,2028-04-14 12:00:00
O014396,C01196,P0049,5,2028-04-14 14:00:00
O014397,C02946,P0035,4,2028-04-14 16:00:00
O014398,C01080,P0094,5,2028-04-14 18:00:00
O014399,C01615,P0095,2,2028-04-14 20:00:00
O014400,C01127,P0017,2,2028-04-14 22:00:00
O014401,C00284,P0072,1,2028-04-15 00:00:00
O014402,C00517,P0067,4,2028-04-15 02:00:00
O014403,C02666,P0010,2,2028-04-15 04:00:00
O014404,C01302,P0034,2,2028-04-15 06:00:00
O014405,C00612,P0086,4,2028-04-15 08:00:00
O014406,C00750,P0004,1,2028-04-15 10:00:00
O014407,C01293,P0096,1,2028-04-15 12:00:00
O014408,C01857,P0029,1,2028-04-15 14:00:00
O014409,C00400,P0046,1,2028-04-15 16:00:00
O014410,C01527,P0075,3,2028-04-15 18:00:00
O014411,C02025,P0046,4,2028-04-15 20:00:00
O014412,C02134,P0077,4,2028-04-15 22:00:00
O014413,C00320,P0059,4,2028-04-16 00:00:00
O014414,C01056,P0061,1,2028-04-16 02:00:00
O014415,C00336,P0068,1,2028-04-16 04:00:00
O014416,C02099,P0066,2,2028-04-16 06:00:00
O014417,C00174,P0034,3,2028-04-16 08:00:00
O014418,C01642,P0086,4,2028-04-16 10:00:00
O014419,C00501,P0005,3,2028-04-16 12:00:00
O014420,C02124,P0009,4,2028-04-16 14:00:00
O014421,C02364,P0020,1,2028-04-16 16:00:00
O014422,C01857,P0021,1,2028-04-16 18:00:00
O014423,C01897,P0017,4,2028-04-16 20:00:00
O014424,C01664,P0012,5,2028-04-16 22:00:00
O014425,C01719,P0092,1,2028-04-17 00:00:00
O014426,C01779,P0082,2,2028-04-17 02:00:00
O014427,C00697,P0067,1,2028-04-17 04:00:00
O014428,C00732,P0005,2,2028-04-17 06:00:00
O014429,C01095,P0060,3,2028-04-17 08:00:00
O014430,C02902,P0053,1,2028-04-17 10:00:00
O014431,C02714,P0052,1,2028-04-17 12:00:00
O014432,C00652,P0078,3,2028-04-17 14:00:00
O014433,C01095,P0048,2,2028-04-17 16:00:00
O014434,C00046,P0090,5,2028-04-17 18:00:00
O014435,C01071,P0019,2,2028-04-17 20:00:00
O014436,C01446,P0017,4,2028-04-17 22:00:00
O014437,C02197,P0054,4,2028-04-18 00:00:00
O014438,C02958,P0068,4,2028-04-18 02:00:00
O014439,C00456,P0035,3,2028-04-18 04:00:00
O014440,C01663,P0088,2,2028-04-18 06:00:00
O014441,C02925,P0041,1,2028-04-18 08:00:00
O014442,C00966,P0013,4,2028-04-18 10:00:00
O014443,C02021,P0033,2,2028-04-18 12:00:00
O014444,C00869,P0015,1,2028-04-18 14:00:00
O014445,C01529,P0063,2,2028-04-18 16:00:00
O014446,C02977,P0015,3,2028-04-18 18:00:00
O014447,C01001,P0031,4,2028-04-18 20:00:00
O014448,C00774,P0028,5,2028-04-18 22:00:00
O014449,C02292,P0010,4,2028-04-19 00:00:00
O014450,C02522,P0057,4,2028-04-19 02:00:00
O014451,C02430,P0071,3,2028-04-19 04:00:00
O014452,C01127,P0033,1,2028-04-19 06:00:00
O014453,C02537,P0007,4,2028-04-19 08:00:00
O014454,C01061,P0005,1,2028-04-19 10:00:00
O014455,C01678,P0090,1,2028-04-19 12:00:00
O014456,C01544,P0080,3,2028-04-19 14:00:00
O014457,C00397,P0057,4,2028-04-19 16:00:00
O014458,C02344,P0072,3,2028-04-19 18:00:00
O014459,C00107,P0086,3,2028-04-19 20:00:00
O014460,C02908,P0098,5,2028-04-19 22:00:00
O014461,C00954,P0040,3,2028-04-20 00:00:00
O014462,C02578,P0028,5,2028-04-20 02:00:00
O014463,C01849,P0036,1,2028-04-20 04:00:00
O014464,C00934,P0056,1,2028-04-20 06:00:00
O014465,C00288,P0047,2,2028-04-20 08:00:00
O014466,C00706,P0071,2,2028-04-20 10:00:00
O014467,C02044,P0040,1,2028-04-20 12:00:00
O014468,C01485,P0059,4,2028-04-20 14:00:00
O014469,C00215,P0043,2,2028-04-20 16:00:00
O014470,C01305,P0092,3,2028-04-20 18:00:00
O014471,C02780,P0066,2,2028-04-20 20:00:00
O014472,C01978,P0009,1,2028-04-20 22:00:00
O014473,C01483,P0006,4,2028-04-21 00:00:00
O014474,C01825,P0065,1,2028-04-21 02:00:00
O014475,C00344,P0003,4,2028-04-21 04:00:00
O014476,C00194,P0074,2,2028-04-21 06:00:00
O014477,C00158,P0037,3,2028-04-21 08:00:00
O014478,C00465,P0087,3,2028-04-21 10:00:00
O014479,C02152,P0033,1,2028-04-21 12:00:00
O014480,C02082,P0009,4,2028-04-21 14:00:00
O014481,C02687,P0053,2,2028-04-21 16:00:00
O014482,C01750,P0077,4,2028-04-21 18:00:00
O014483,C02373,P0092,4,2028-04-21 20:00:00
O014484,C02739,P0051,4,2028-04-21 22:00:00
O014485,C00592,P0071,2,2028-04-22 00:00:00
O014486,C02189,P0026,4,2028-04-22 02:00:00
O014487,C02522,P0016,3,2028-04-22 04:00:00
O014488,C01055,P0040,1,2028-04-22 06:00:00
O014489,C00884,P0090,5,2028-04-22 08:00:00
O014490,C00063,P0051,4,2028-04-22 10:00:00
O014491,C01111,P0039,3,2028-04-22 12:00:00
O014492,C00304,P0055,3,2028-04-22 14:00:00
O014493,C01085,P0096,1,2028-04-22 16:00:00
O014494,C00396,P0036,1,2028-04-22 18:00:00
O014495,C00334,P0065,5,2028-04-22 20:00:00
O014496,C02834,P0085,5,2028-04-22 22:00:00
O014497,C00411,P0077,5,2028-04-23 00:00:00
O014498,C02332,P0090,2,2028-04-23 02:00:00
O014499,C00466,P0045,2,2028-04-23 04:00:00
O014500,C00080,P0009,3,2028-04-23 06:00:00
O014501,C02832,P0037,1,2028-04-23 08:00:00
O014502,C01101,P0087,4,2028-04-23 10:00:00
O014503,C01978,P0001,1,2028-04-23 12:00:00
O014504,C00733,P0066,2,2028-04-23 14:00:00
O014505,C01818,P0063,3,2028-04-23 16:00:00
O014506,C01564,P0043,4,2028-04-23 18:00:00
O014507,C01385,P0028,5,2028-04-23 20:00:00
O014508,C02125,P0100,5,2028-04-23 22:00:00
O014509,C02557,P0031,2,2028-04-24 00:00:00
O014510,C01188,P0069,3,2028-04-24 02:00:00
O014511,C01199,P0089,1,2028-04-24 04:00:00
O014512,C02510,P0008,2,2028-04-24 06:00:00
O014513,C01612,P0034,1,2028-04-24 08:00:00
O014514,C02293,P0049,4,2028-04-24 10:00:00
O014515,C00122,P0096,1,2028-04-24 12:00:00
O014516,C00185,P0058,4,2028-04-24 14:00:00
O014517,C00032,P0075,3,2028-04-24 16:00:00
O014518,C00998,P0047,2,2028-04-24 18:00:00
O014519,C01987,P0025,1,2028-04-24 20:00:00
O014520,C02810,P0003,3,2028-04-24 22:00:00
O014521,C00569,P0045,3,2028-04-25 00:00:00
O014522,C02358,P0052,1,2028-04-25 02:00:00
O014523,C01396,P0096,5,2028-04-25 04:00:00
O014524,C01680,P0099,5,2028-04-25 06:00:00
O014525,C00830,P0096,4,2028-04-25 08:00:00
O014526,C01620,P0034,3,2028-04-25 10:00:00
O014527,C01080,P0069,2,2028-04-25 12:00:00
O014528,C00791,P0092,2,2028-04-25 14:00:00
O014529,C02512,P0092,3,2028-04-25 16:00:00
O014530,C02726,P0008,5,2028-04-25 18:00:00
O014531,C02718,P0027,3,2028-04-25 20:00:00
O014532,C02746,P0080,4,2028-04-25 22:00:00
O014533,C00994,P0063,3,2028-04-26 00:00:00
O014534,C00078,P0082,1,2028-04-26 02:00:00
O014535,C02582,P0025,5,2028-04-26 04:00:00
O014536,C00108,P0058,1,2028-04-26 06:00:00
O014537,C01297,P0048,1,2028-04-26 08:00:00
O014538,C02812,P0001,3,2028-04-26 10:00:00
O014539,C02063,P0008,3,2028-04-26 12:00:00
O014540,C00370,P0021,2,2028-04-26 14:00:00
O014541,C02253,P0098,1,2028-04-26 16:00:00
O014542,C02005,P0088,3,2028-04-26 18:00:00
O014543,C01704,P0090,2,2028-04-26 20:00:00
O014544,C02913,P0078,1,2028-04-26 22:00:00
O014545,C00441,P0029,2,2028-04-27 00:00:00
O014546,C02907,P0030,5,2028-04-27 02:00:00
O014547,C00227,P0003,4,2028-04-27 04:00:00
O014548,C02576,P0007,1,2028-04-27 06:00:00
O014549,C02402,P0100,3,2028-04-27 08:00:00
O014550,C00623,P0011,5,2028-04-27 10:00:00
O014551,C01025,P0032,2,2028-04-27 12:00:00
O014552,C01577,P0059,4,2028-04-27 14:00:00
O014553,C02975,P0012,1,2028-04-27 16:00:00
O014554,C01644,P0079,4,2028-04-27 18:00:00
O014555,C01185,P0038,5,2028-04-27 20:00:00
O014556,C00161,P0024,4,2028-04-27 22:00:00
O014557,C00871,P0065,1,2028-04-28 00:00:00
O014558,C01746,P0018,5,2028-04-28 02:00:00
O014559,C01175,P0046,2,2028-04-28 04:00:00
O014560,C00444,P0056,1,2028-04-28 06:00:00
O014561,C01791,P0063,4,2028-04-28 08:00:00
O014562,C01495,P0007,1,2028-04-28 10:00:00
O014563,C00463,P0066,5,2028-04-28 12:00:00
O014564,C00473,P0040,4,2028-04-28 14:00:00
O014565,C02605,P0054,2,2028-04-28 16:00:00
O014566,C00080,P0031,3,2028-04-28 18:00:00
O014567,C01063,P0097,2,2028-04-28 20:00:00
O014568,C00240,P0052,1,2028-04-28 22:00:00
O014569,C00557,P0094,3,2028-04-29 00:00:00
O014570,C00590,P0031,5,2028-04-29 02:00:00
O014571,C01361,P0034,4,2028-04-29 04:00:00
O014572,C01885,P0007,4,2028-04-29 06:00:00
O014573,C01976,P0089,5,2028-04-29 08:00:00
O014574,C01304,P0016,1,2028-04-29 10:00:00
O014575,C01140,P0022,2,2028-04-29 12:00:00
O014576,C02317,P0100,3,2028-04-29 14:00:00
O014577,C01940,P0053,5,2028-04-29 16:00:00
O014578,C00335,P0091,1,2028-04-29 18:00:00
O014579,C00312,P0017,1,2028-04-29 20:00:00
O014580,C01077,P0004,3,2028-04-29 22:00:00
O014581,C02742,P0061,5,2028-04-30 00:00:00
O014582,C00034,P0099,2,2028-04-30 02:00:00
O014583,C01842,P0086,2,2028-04-30 04:00:00
O014584,C00386,P0052,5,2028-04-30 06:00:00
O014585,C00249,P0035,4,2028-04-30 08:00:00
O014586,C01135,P0044,2,2028-04-30 10:00:00
O014587,C01434,P0015,4,2028-04-30 12:00:00
O014588,C01203,P0061,5,2028-04-30 14:00:00
O014589,C00794,P0044,1,2028-04-30 16:00:00
O014590,C00852,P0021,5,2028-04-30 18:00:00
O014591,C02922,P0077,1,2028-04-30 20:00:00
O014592,C00376,P0047,5,2028-04-30 22:00:00
O014593,C00724,P0075,4,2028-05-01 00:00:00
O014594,C01611,P0049,4,2028-05-01 02:00:00
O014595,C01914,P0053,5,2028-05-01 04:00:00
O014596,C00202,P0027,1,2028-05-01 06:00:00
O014597,C02493,P0031,5,2028-05-01 08:00:00
O014598,C01943,P0044,1,2028-05-01 10:00:00
O014599,C02345,P0032,4,2028-05-01 12:00:00
O014600,C01332,P0030,3,2028-05-01 14:00:00
O014601,C00493,P0018,2,2028-05-01 16:00:00
O014602,C00338,P0063,4,2028-05-01 18:00:00
O014603,C01969,P0016,5,2028-05-01 20:00:00
O014604,C02971,P0035,5,2028-05-01 22:00:00
O014605,C01866,P0062,1,2028-05-02 00:00:00
O014606,C00792,P0009,2,2028-05-02 02:00:00
O014607,C01517,P0062,4,2028-05-02 04:00:00
O014608,C02023,P0039,2,2028-05-02 06:00:00
O014609,C02365,P0051,2,2028-05-02 08:00:00
O014610,C00942,P0010,4,2028-05-02 10:00:00
O014611,C02674,P0052,1,2028-05-02 12:00:00
O014612,C02123,P0012,1,2028-05-02 14:00:00
O014613,C02987,P0072,1,2028-05-02 16:00:00
O014614,C00059,P0062,3,2028-05-02 18:00:00
O014615,C02434,P0003,2,2028-05-02 20:00:00
O014616,C02063,P0083,3,2028-05-02 22:00:00
O014617,C01255,P0011,1,2028-05-03 00:00:00
O014618,C02247,P0008,4,2028-05-03 02:00:00
O014619,C01378,P0090,2,2028-05-03 04:00:00
O014620,C00035,P0023,4,2028-05-03 06:00:00
O014621,C00162,P0010,5,2028-05-03 08:00:00
O014622,C02847,P0018,2,2028-05-03 10:00:00
O014623,C00895,P0076,4,2028-05-03 12:00:00
O014624,C00471,P0039,1,2028-05-03 14:00:00
O014625,C02579,P0026,3,2028-05-03 16:00:00
O014626,C02840,P0011,4,2028-05-03 18:00:00
O014627,C02900,P0010,5,2028-05-03 20:00:00
O014628,C01447,P0003,1,2028-05-03 22:00:00
O014629,C00348,P0062,5,2028-05-04 00:00:00
O014630,C00694,P0071,3,2028-05-04 02:00:00
O014631,C00935,P0061,5,2028-05-04 04:00:00
O014632,C00913,P0004,4,2028-05-04 06:00:00
O014633,C00147,P0061,4,2028-05-04 08:00:00
O014634,C01712,P0008,1,2028-05-04 10:00:00
O014635,C00675,P0013,3,2028-05-04 12:00:00
O014636,C01440,P0012,3,2028-05-04 14:00:00
O014637,C02735,P0035,2,2028-05-04 16:00:00
O014638,C01518,P0054,2,2028-05-04 18:00:00
O014639,C01280,P0051,4,2028-05-04 20:00:00
O014640,C00686,P0043,5,2028-05-04 22:00:00
O014641,C01127,P0100,5,2028-05-05 00:00:00
O014642,C00121,P0066,1,2028-05-05 02:00:00
O014643,C02467,P0015,3,2028-05-05 04:00:00
O014644,C02398,P0049,4,2028-05-05 06:00:00
O014645,C00042,P0034,5,2028-05-05 08:00:00
O014646,C00029,P0039,2,2028-05-05 10:00:00
O014647,C00966,P0026,4,2028-05-05 12:00:00
O014648,C01916,P0069,1,2028-05-05 14:00:00
O014649,C02833,P0048,4,2028-05-05 16:00:00
O014650,C02001,P0089,5,2028-05-05 18:00:00
O014651,C02062,P0051,1,2028-05-05 20:00:00
O014652,C00920,P0098,2,2028-05-05 22:00:00
O014653,C00818,P0004,2,2028-05-06 00:00:00
O014654,C02873,P0098,5,2028-05-06 02:00:00
O014655,C01509,P0027,1,2028-05-06 04:00:00
O014656,C01213,P0042,2,2028-05-06 06:00:00
O014657,C00872,P0056,1,2028-05-06 08:00:00
O014658,C00295,P0093,4,2028-05-06 10:00:00
O014659,C00864,P0069,3,2028-05-06 12:00:00
O014660,C02596,P0018,3,2028-05-06 14:00:00
O014661,C01038,P0061,3,2028-05-06 16:00:00
O014662,C02683,P0004,2,2028-05-06 18:00:00
O014663,C00595,P0001,5,2028-05-06 20:00:00
O014664,C01183,P0050,3,2028-05-06 22:00:00
O014665,C01518,P0084,5,2028-05-07 00:00:00
O014666,C01353,P0070,3,2028-05-07 02:00:00
O014667,C00614,P0020,4,2028-05-07 04:00:00
O014668,C01873,P0020,3,2028-05-07 06:00:00
O014669,C01604,P0046,5,2028-05-07 08:00:00
O014670,C01584,P0027,2,2028-05-07 10:00:00
O014671,C01593,P0026,4,2028-05-07 12:00:00
O014672,C01156,P0032,5,2028-05-07 14:00:00
O014673,C00465,P0010,1,2028-05-07 16:00:00
O014674,C01480,P0082,3,2028-05-07 18:00:00
O014675,C02978,P0012,4,2028-05-07 20:00:00
O014676,C01291,P0074,2,2028-05-07 22:00:00
O014677,C02847,P0088,1,2028-05-08 00:00:00
O014678,C02443,P0024,3,2028-05-08 02:00:00
O014679,C02294,P0051,4,2028-05-08 04:00:00
O014680,C00568,P0038,5,2028-05-08 06:00:00
O014681,C00038,P0046,3,2028-05-08 08:00:00
O014682,C00245,P0089,4,2028-05-08 10:00:00
O014683,C00021,P0008,3,2028-05-08 12:00:00
O014684,C01134,P0055,4,2028-05-08 14:00:00
O014685,C01630,P0078,5,2028-05-08 16:00:00
O014686,C00394,P0031,3,2028-05-08 18:00:00
O014687,C01434,P0088,4,2028-05-08 20:00:00
O014688,C00987,P0016,1,2028-05-08 22:00:00
O014689,C01672,P0020,2,2028-05-09 00:00:00
O014690,C02056,P0038,4,2028-05-09 02:00:00
O014691,C02376,P0015,4,2028-05-09 04:00:00
O014692,C01911,P0078,4,2028-05-09 06:00:00
O014693,C00290,P0076,3,2028-05-09 08:00:00
O014694,C01787,P0034,2,2028-05-09 10:00:00
O014695,C02559,P0072,3,2028-05-09 12:00:00
O014696,C00912,P0019,4,2028-05-09 14:00:00
O014697,C00361,P0069,4,2028-05-09 16:00:00
O014698,C01623,P0091,2,2028-05-09 18:00:00
O014699,C02764,P0063,1,2028-05-09 20:00:00
O014700,C00219,P0077,3,2028-05-09 22:00:00
O014701,C02454,P0032,1,2028-05-10 00:00:00
O014702,C02016,P0095,4,2028-05-10 02:00:00
O014703,C02041,P0037,4,2028-05-10 04:00:00
O014704,C02045,P0066,5,2028-05-10 06:00:00
O014705,C02801,P0007,5,2028-05-10 08:00:00
O014706,C02971,P0048,1,2028-05-10 10:00:00
O014707,C00832,P0011,5,2028-05-10 12:00:00
O014708,C01794,P0075,2,2028-05-10 14:00:00
O014709,C01792,P0087,1,2028-05-10 16:00:00
O014710,C02842,P0031,5,2028-05-10 18:00:00
O014711,C01244,P0044,5,2028-05-10 20:00:00
O014712,C00595,P0045,2,2028-05-10 22:00:00
O014713,C02155,P0072,2,2028-05-11 00:00:00
O014714,C00581,P0056,1,2028-05-11 02:00:00
O014715,C02657,P0032,3,2028-05-11 04:00:00
O014716,C01748,P0021,2,2028-05-11 06:00:00
O014717,C02056,P0031,5,2028-05-11 08:00:00
O014718,C02854,P0001,1,2028-05-11 10:00:00
O014719,C02237,P0077,3,2028-05-11 12:00:00
O014720,C00081,P0011,1,2028-05-11 14:00:00
O014721,C02156,P0093,5,2028-05-11 16:00:00
O014722,C01345,P0068,3,2028-05-11 18:00:00
O014723,C01603,P0036,3,2028-05-11 20:00:00
O014724,C02734,P0079,2,2028-05-11 22:00:00
O014725,C00346,P0059,4,2028-05-12 00:00:00
O014726,C01887,P0067,5,2028-05-12 02:00:00
O014727,C02376,P0056,4,2028-05-12 04:00:00
O014728,C00555,P0051,5,2028-05-12 06:00:00
O014729,C00302,P0029,1,2028-05-12 08:00:00
O014730,C00200,P0085,4,2028-05-12 10:00:00
O014731,C02941,P0002,3,2028-05-12 12:00:00
O014732,C01063,P0006,2,2028-05-12 14:00:00
O014733,C00307,P0031,5,2028-05-12 16:00:00
O014734,C01657,P0054,2,2028-05-12 18:00:00
O014735,C01872,P0088,5,2028-05-12 20:00:00
O014736,C02516,P0040,3,2028-05-12 22:00:00
O014737,C02227,P0017,3,2028-05-13 00:00:00
O014738,C02693,P0005,3,2028-05-13 02:00:00
O014739,C01847,P0002,3,2028-05-13 04:00:00
O014740,C01765,P0058,3,2028-05-13 06:00:00
O014741,C00276,P0012,2,2028-05-13 08:00:00
O014742,C01176,P0005,1,2028-05-13 10:00:00
O014743,C01402,P0060,4,2028-05-13 12:00:00
O014744,C02669,P0041,2,2028-05-13 14:00:00
O014745,C00638,P0020,4,2028-05-13 16:00:00
O014746,C01776,P0072,1,2028-05-13 18:00:00
O014747,C00930,P0001,5,2028-05-13 20:00:00
O014748,C01881,P0056,1,2028-05-13 22:00:00
O014749,C00183,P0070,1,2028-05-14 00:00:00
O014750,C01845,P0056,5,2028-05-14 02:00:00
O014751,C00072,P0054,4,2028-05-14 04:00:00
O014752,C02767,P0011,3,2028-05-14 06:00:00
O014753,C01677,P0003,5,2028-05-14 08:00:00
O014754,C01296,P0095,5,2028-05-14 10:00:00
O014755,C02774,P0028,1,2028-05-14 12:00:00
O014756,C02317,P0005,5,2028-05-14 14:00:00
O014757,C01044,P0090,2,2028-05-14 16:00:00
O014758,C02626,P0016,3,2028-05-14 18:00:00
O014759,C00815,P0031,1,2028-05-14 20:00:00
O014760,C01527,P0028,4,2028-05-14 22:00:00
O014761,C02195,P0007,4,2028-05-15 00:00:00
O014762,C02938,P0009,4,2028-05-15 02:00:00
O014763,C00310,P0039,4,2028-05-15 04:00:00
O014764,C02566,P0099,4,2028-05-15 06:00:00
O014765,C02062,P0043,1,2028-05-15 08:00:00
O014766,C00132,P0027,2,2028-05-15 10:00:00
O014767,C01878,P0076,2,2028-05-15 12:00:00
O014768,C02803,P0089,4,2028-05-15 14:00:00
O014769,C02487,P0093,2,2028-05-15 16:00:00
O014770,C02791,P0095,3,2028-05-15 18:00:00
O014771,C00740,P0098,2,2028-05-15 20:00:00
O014772,C00795,P0033,5,2028-05-15 22:00:00
O014773,C02311,P0091,4,2028-05-16 00:00:00
O014774,C02691,P0056,5,2028-05-16 02:00:00
O014775,C00258,P0002,5,2028-05-16 04:00:00
O014776,C01258,P0014,4,2028-05-16 06:00:00
O014777,C02457,P0013,1,2028-05-16 08:00:00
O014778,C01852,P0024,2,2028-05-16 10:00:00
O014779,C00975,P0069,3,2028-05-16 12:00:00
O014780,C01048,P0034,1,2028-05-16 14:00:00
O014781,C00271,P0087,3,2028-05-16 16:00:00
O014782,C01119,P0019,4,2028-05-16 18:00:00
O014783,C00142,P0030,2,2028-05-16 20:00:00
O014784,C00902,P0049,1,2028-05-16 22:00:00
O014785,C00274,P0043,4,2028-05-17 00:00:00
O014786,C02324,P0016,1,2028-05-17 02:00:00
O014787,C00465,P0052,5,2028-05-17 04:00:00
O014788,C01232,P0098,2,2028-05-17 06:00:00
O014789,C01320,P0049,2,2028-05-17 08:00:00
O014790,C00288,P0011,4,2028-05-17 10:00:00
O014791,C00876,P0078,4,2028-05-17 12:00:00
O014792,C01993,P0047,4,2028-05-17 14:00:00
O014793,C02926,P0079,2,2028-05-17 16:00:00
O014794,C02228,P0035,5,2028-05-17 18:00:00
O014795,C01121,P0071,2,2028-05-17 20:00:00
O014796,C01215,P0029,4,2028-05-17 22:00:00
O014797,C00447,P0054,3,2028-05-18 00:00:00
O014798,C02833,P0086,5,2028-05-18 02:00:00
O014799,C02609,P0023,2,2028-05-18 04:00:00
O014800,C02532,P0024,3,2028-05-18 06:00:00
O014801,C02897,P0099,5,2028-05-18 08:00:00
O014802,C00722,P0010,2,2028-05-18 10:00:00
O014803,C02164,P0061,4,2028-05-18 12:00:00
O014804,C02583,P0008,2,2028-05-18 14:00:00
O014805,C01352,P0048,5,2028-05-18 16:00:00
O014806,C00407,P0076,4,2028-05-18 18:00:00
O014807,C01726,P0093,1,2028-05-18 20:00:00
O014808,C00694,P0029,3,2028-05-18 22:00:00
O014809,C00495,P0087,4,2028-05-19 00:00:00
O014810,C00948,P0026,4,2028-05-19 02:00:00
O014811,C00023,P0037,5,2028-05-19 04:00:00
O014812,C01129,P0096,5,2028-05-19 06:00:00
O014813,C01699,P0052,3,2028-05-19 08:00:00
O014814,C00558,P0038,5,2028-05-19 10:00:00
O014815,C01617,P0006,4,2028-05-19 12:00:00
O014816,C00941,P0008,3,2028-05-19 14:00:00
O014817,C01246,P0017,3,2028-05-19 16:00:00
O014818,C02903,P0076,2,2028-05-19 18:00:00
O014819,C02939,P0062,4,2028-05-19 20:00:00
O014820,C01657,P0086,4,2028-05-19 22:00:00
O014821,C00078,P0078,5,2028-05-20 00:00:00
O014822,C01346,P0034,4,2028-05-20 02:00:00
O014823,C00807,P0019,5,2028-05-20 04:00:00
O014824,C01042,P0070,4,2028-05-20 06:00:00
O014825,C00768,P0082,2,2028-05-20 08:00:00
O014826,C00454,P0100,4,2028-05-20 10:00:00
O014827,C02976,P0037,2,2028-05-20 12:00:00
O014828,C02325,P0038,4,2028-05-20 14:00:00
O014829,C01448,P0015,4,2028-05-20 16:00:00
O014830,C01500,P0040,1,2028-05-20 18:00:00
O014831,C01051,P0009,4,2028-05-20 20:00:00
O014832,C02562,P0053,2,2028-05-20 22:00:00
O014833,C01889,P0070,3,2028-05-21 00:00:00
O014834,C02512,P0066,2,2028-05-21 02:00:00
O014835,C02855,P0080,4,2028-05-21 04:00:00
O014836,C02872,P0052,5,2028-05-21 06:00:00
O014837,C00363,P0001,1,2028-05-21 08:00:00
O014838,C02799,P0030,5,2028-05-21 10:00:00
O014839,C00525,P0097,1,2028-05-21 12:00:00
O014840,C01218,P0001,1,2028-05-21 14:00:00
O014841,C01486,P0039,5,2028-05-21 16:00:00
O014842,C02104,P0016,4,2028-05-21 18:00:00
O014843,C01254,P0017,2,2028-05-21 20:00:00
O014844,C02537,P0082,5,2028-05-21 22:00:00
O014845,C01856,P0022,3,2028-05-22 00:00:00
O014846,C00722,P0086,1,2028-05-22 02:00:00
O014847,C01984,P0099,2,2028-05-22 04:00:00
O014848,C01208,P0031,3,2028-05-22 06:00:00
O014849,C01449,P0040,2,2028-05-22 08:00:00
O014850,C01399,P0027,4,2028-05-22 10:00:00
O014851,C02089,P0036,3,2028-05-22 12:00:00
O014852,C01508,P0004,5,2028-05-22 14:00:00
O014853,C01004,P0069,2,2028-05-22 16:00:00
O014854,C02308,P0025,5,2028-05-22 18:00:00
O014855,C02489,P0095,5,2028-05-22 20:00:00
O014856,C00926,P0078,2,2028-05-22 22:00:00
O014857,C00856,P0030,2,2028-05-23 00:00:00
O014858,C00084,P0047,1,2028-05-23 02:00:00
O014859,C02094,P0012,1,2028-05-23 04:00:00
O014860,C02488,P0027,3,2028-05-23 06:00:00
O014861,C01543,P0045,3,2028-05-23 08:00:00
O014862,C00986,P0088,3,2028-05-23 10:00:00
O014863,C01869,P0063,1,2028-05-23 12:00:00
O014864,C00136,P0055,5,2028-05-23 14:00:00
O014865,C01207,P0030,4,2028-05-23 16:00:00
O014866,C01733,P0082,4,2028-05-23 18:00:00
O014867,C01196,P0014,2,2028-05-23 20:00:00
O014868,C00909,P0056,1,2028-05-23 22:00:00
O014869,C02909,P0019,2,2028-05-24 00:00:00
O014870,C02836,P0086,4,2028-05-24 02:00:00
O014871,C00590,P0026,2,2028-05-24 04:00:00
O014872,C01952,P0071,1,2028-05-24 06:00:00
O014873,C00956,P0092,1,2028-05-24 08:00:00
O014874,C02738,P0038,1,2028-05-24 10:00:00
O014875,C02587,P0069,4,2028-05-24 12:00:00
O014876,C01144,P0036,1,2028-05-24 14:00:00
O014877,C01332,P0018,3,2028-05-24 16:00:00
O014878,C02756,P0057,3,2028-05-24 18:00:00
O014879,C01554,P0078,1,2028-05-24 20:00:00
O014880,C02343,P0023,3,2028-05-24 22:00:00
O014881,C01807,P0014,1,2028-05-25 00:00:00
O014882,C02101,P0096,4,2028-05-25 02:00:00
O014883,C00806,P0069,3,2028-05-25 04:00:00
O014884,C01456,P0022,4,2028-05-25 06:00:00
O014885,C00052,P0028,3,2028-05-25 08:00:00
O014886,C02776,P0043,5,2028-05-25 10:00:00
O014887,C00072,P0076,5,2028-05-25 12:00:00
O014888,C00028,P0018,4,2028-05-25 14:00:00
O014889,C00469,P0100,3,2028-05-25 16:00:00
O014890,C00764,P0095,5,2028-05-25 18:00:00
O014891,C02934,P0077,1,2028-05-25 20:00:00
O014892,C02960,P0084,2,2028-05-25 22:00:00
O014893,C02595,P0036,5,2028-05-26 00:00:00
O014894,C01425,P0007,5,2028-05-26 02:00:00
O014895,C02249,P0023,1,2028-05-26 04:00:00
O014896,C00820,P0034,5,2028-05-26 06:00:00
O014897,C01490,P0096,5,2028-05-26 08:00:00
O014898,C01676,P0021,5,2028-05-26 10:00:00
O014899,C00560,P0070,3,2028-05-26 12:00:00
O014900,C00379,P0080,5,2028-05-26 14:00:00
O014901,C01919,P0099,2,2028-05-26 16:00:00
O014902,C01076,P0047,3,2028-05-26 18:00:00
O014903,C00079,P0053,3,2028-05-26 20:00:00
O014904,C01409,P0084,4,2028-05-26 22:00:00
O014905,C00834,P0041,5,2028-05-27 00:00:00
O014906,C01032,P0075,2,2028-05-27 02:00:00
O014907,C02073,P0032,2,2028-05-27 04:00:00
O014908,C00450,P0014,4,2028-05-27 06:00:00
O014909,C02816,P0088,2,2028-05-27 08:00:00
O014910,C02803,P0095,3,2028-05-27 10:00:00
O014911,C01993,P0017,1,2028-05-27 12:00:00
O014912,C01485,P0025,3,2028-05-27 14:00:00
O014913,C02246,P0064,1,2028-05-27 16:00:00
O014914,C01743,P0073,2,2028-05-27 18:00:00
O014915,C01971,P0086,5,2028-05-27 20:00:00
O014916,C02485,P0048,1,2028-05-27 22:00:00
O014917,C01551,P0035,3,2028-05-28 00:00:00
O014918,C00690,P0037,3,2028-05-28 02:00:00
O014919,C01991,P0055,3,2028-05-28 04:00:00
O014920,C01402,P0017,3,2028-05-28 06:00:00
O014921,C00587,P0028,4,2028-05-28 08:00:00
O014922,C02152,P0001,2,2028-05-28 10:00:00
O014923,C01830,P0053,5,2028-05-28 12:00:00
O014924,C01986,P0073,4,2028-05-28 14:00:00
O014925,C00627,P0055,2,2028-05-28 16:00:00
O014926,C02032,P0061,1,2028-05-28 18:00:00
O014927,C02506,P0013,4,2028-05-28 20:00:00
O014928,C00364,P0047,4,2028-05-28 22:00:00
O014929,C02183,P0064,4,2028-05-29 00:00:00
O014930,C00374,P0032,4,2028-05-29 02:00:00
O014931,C02087,P0028,1,2028-05-29 04:00:00
O014932,C01988,P0053,3,2028-05-29 06:00:00
O014933,C02867,P0031,4,2028-05-29 08:00:00
O014934,C02095,P0008,2,2028-05-29 10:00:00
O014935,C02084,P0072,3,2028-05-29 12:00:00
O014936,C02143,P0098,1,2028-05-29 14:00:00
O014937,C01385,P0087,5,2028-05-29 16:00:00
O014938,C01549,P0074,1,2028-05-29 18:00:00
O014939,C01170,P0025,5,2028-05-29 20:00:00
O014940,C01941,P0033,2,2028-05-29 22:00:00
O014941,C00368,P0068,5,2028-05-30 00:00:00
O014942,C00065,P0007,4,2028-05-30 02:00:00
O014943,C00754,P0097,3,2028-05-30 04:00:00
O014944,C01544,P0066,3,2028-05-30 06:00:00
O014945,C02036,P0046,4,2028-05-30 08:00:00
O014946,C02864,P0096,3,2028-05-30 10:00:00
O014947,C01877,P0005,1,2028-05-30 12:00:00
O014948,C01579,P0017,4,2028-05-30 14:00:00
O014949,C00756,P0076,4,2028-05-30 16:00:00
O014950,C02229,P0052,3,2028-05-30 18:00:00
O014951,C01525,P0012,5,2028-05-30 20:00:00
O014952,C00597,P0062,2,2028-05-30 22:00:00
O014953,C02835,P0035,5,2028-05-31 00:00:00
O014954,C02675,P0062,1,2028-05-31 02:00:00
O014955,C01835,P0021,4,2028-05-31 04:00:00
O014956,C02664,P0085,4,2028-05-31 06:00:00
O014957,C01396,P0066,1,2028-05-31 08:00:00
O014958,C01587,P0053,2,2028-05-31 10:00:00
O014959,C00112,P0021,4,2028-05-31 12:00:00
O014960,C00453,P0015,5,2028-05-31 14:00:00
O014961,C02804,P0075,1,2028-05-31 16:00:00
O014962,C02632,P0074,4,2028-05-31 18:00:00
O014963,C02187,P0082,5,2028-05-31 20:00:00
O014964,C01872,P0023,1,2028-05-31 22:00:00
O014965,C02279,P0031,1,2028-06-01 00:00:00
O014966,C01263,P0054,1,2028-06-01 02:00:00
O014967,C00253,P0055,2,2028-06-01 04:00:00
O014968,C02005,P0026,1,2028-06-01 06:00:00
O014969,C01460,P0053,3,2028-06-01 08:00:00
O014970,C01943,P0066,3,2028-06-01 10:00:00
O014971,C02609,P0039,1,2028-06-01 12:00:00
O014972,C01327,P0007,4,2028-06-01 14:00:00
O014973,C02120,P0088,3,2028-06-01 16:00:00
O014974,C01858,P0039,5,2028-06-01 18:00:00
O014975,C02270,P0032,5,2028-06-01 20:00:00
O014976,C01101,P0026,4,2028-06-01 22:00:00
O014977,C00062,P0087,5,2028-06-02 00:00:00
O014978,C01495,P0078,4,2028-06-02 02:00:00
O014979,C01181,P0029,5,2028-06-02 04:00:00
O014980,C00806,P0025,1,2028-06-02 06:00:00
O014981,C02173,P0056,5,2028-06-02 08:00:00
O014982,C02789,P0031,1,2028-06-02 10:00:00
O014983,C01876,P0066,5,2028-06-02 12:00:00
O014984,C02209,P0002,5,2028-06-02 14:00:00
O014985,C00541,P0087,5,2028-06-02 16:00:00
O014986,C00626,P0047,1,2028-06-02 18:00:00
O014987,C01615,P0075,5,2028-06-02 20:00:00
O014988,C00106,P0029,5,2028-06-02 22:00:00
O014989,C01155,P0099,2,2028-06-03 00:00:00
O014990,C01709,P0049,1,2028-06-03 02:00:00
O014991,C02824,P0073,3,2028-06-03 04:00:00
O014992,C01909,P0032,4,2028-06-03 06:00:00
O014993,C02050,P0030,2,2028-06-03 08:00:00
O014994,C02281,P0015,5,2028-06-03 10:00:00
O014995,C00369,P0062,3,2028-06-03 12:00:00
O014996,C01275,P0078,3,2028-06-03 14:00:00
O014997,C00946,P0017,5,2028-06-03 16:00:00
O014998,C02228,P0022,5,2028-06-03 18:00:00
O014999,C00293,P0030,2,2028-06-03 20:00:00
O015000,C00584,P0081,1,2028-06-03 22:00:00
